model,seed,dataset,cell,fold,frac,t0,true_eol,true_rul,pred_rul,pred_eol,censored,rul_error,abs_rul_error,rel_abs_rul_error,alpha_lambda_hit,block_rmse,traj_rmse,forecast_min_Ah,observed_min_to_eol_Ah,family,base_model,target_mode,arm,input_len,horizon,n_train_cells,reference,train_target_min_Ah,train_target_max_Ah
DLinear,0,CALCE,CX2_16,CALCE:CX2_16,0.25,250,1000,750,445,695,0,-305,305,0.4066666666666667,0,0.002436375154153556,0.05353812948012653,1.071975163281353,1.075700204752911,linear,DLinear,,full_range,48,16,6,rated,0.19141566424911982,1.3438997256049237
DLinear,0,CALCE,CX2_16,CALCE:CX2_16,0.5,500,1000,500,343,843,0,-157,157,0.314,0,0.008414121781417308,0.04758942719199313,1.0337707189442331,1.075700204752911,linear,DLinear,,full_range,48,16,6,rated,0.19141566424911982,1.3438997256049237
DLinear,0,CALCE,CX2_16,CALCE:CX2_16,0.75,750,1000,250,243,993,0,-7,7,0.028,1,0.009943303482929305,0.014728977900006473,1.0777139962961997,1.075700204752911,linear,DLinear,,full_range,48,16,6,rated,0.19141566424911982,1.3438997256049237
DLinear,1,CALCE,CX2_16,CALCE:CX2_16,0.25,250,1000,750,421,671,0,-329,329,0.43866666666666665,0,0.003148737827697714,0.05490826545175076,1.0751392980789465,1.075700204752911,linear,DLinear,,full_range,48,16,6,rated,0.19141566424911982,1.3438997256049237
DLinear,1,CALCE,CX2_16,CALCE:CX2_16,0.5,500,1000,500,332,832,0,-168,168,0.336,0,0.008845068555240056,0.04891036211990428,1.0443280582747463,1.075700204752911,linear,DLinear,,full_range,48,16,6,rated,0.19141566424911982,1.3438997256049237
DLinear,1,CALCE,CX2_16,CALCE:CX2_16,0.75,750,1000,250,245,995,0,-5,5,0.02,1,0.010594881767300578,0.015262637011346525,1.0771626524135867,1.075700204752911,linear,DLinear,,full_range,48,16,6,rated,0.19141566424911982,1.3438997256049237
DLinear,2,CALCE,CX2_16,CALCE:CX2_16,0.25,250,1000,750,480,730,0,-270,270,0.36,0,0.002125376962967572,0.05159847604569346,1.0748544423097592,1.075700204752911,linear,DLinear,,full_range,48,16,6,rated,0.19141566424911982,1.3438997256049237
DLinear,2,CALCE,CX2_16,CALCE:CX2_16,0.5,500,1000,500,378,878,0,-122,122,0.244,0,0.008605965078497224,0.0409630788450407,1.0412567373772945,1.075700204752911,linear,DLinear,,full_range,48,16,6,rated,0.19141566424911982,1.3438997256049237
DLinear,2,CALCE,CX2_16,CALCE:CX2_16,0.75,750,1000,250,276,1026,0,26,26,0.104,1,0.010122158305742085,0.012761038893486192,1.08762254901037,1.075700204752911,linear,DLinear,,full_range,48,16,6,rated,0.19141566424911982,1.3438997256049237
DLinear,3,CALCE,CX2_16,CALCE:CX2_16,0.25,250,1000,750,636,886,0,-114,114,0.152,1,0.003704240563723728,0.030470928778781246,1.078761955003767,1.075700204752911,linear,DLinear,,full_range,48,16,6,rated,0.19141566424911982,1.3438997256049237
DLinear,3,CALCE,CX2_16,CALCE:CX2_16,0.5,500,1000,500,466,966,0,-34,34,0.068,1,0.007439903992592649,0.0222476208579219,1.0678464793779314,1.075700204752911,linear,DLinear,,full_range,48,16,6,rated,0.19141566424911982,1.3438997256049237
DLinear,3,CALCE,CX2_16,CALCE:CX2_16,0.75,750,1000,250,318,1068,0,68,68,0.272,0,0.01019699275906358,0.013735039127404976,1.1004438220987185,1.075700204752911,linear,DLinear,,full_range,48,16,6,rated,0.19141566424911982,1.3438997256049237
DLinear,4,CALCE,CX2_16,CALCE:CX2_16,0.25,250,1000,750,438,688,0,-312,312,0.416,0,0.003109986782498802,0.05421924955864467,1.0764516976923704,1.075700204752911,linear,DLinear,,full_range,48,16,6,rated,0.19141566424911982,1.3438997256049237
DLinear,4,CALCE,CX2_16,CALCE:CX2_16,0.5,500,1000,500,344,844,0,-156,156,0.312,0,0.009408571350284514,0.04712956274574154,1.0448928524302274,1.075700204752911,linear,DLinear,,full_range,48,16,6,rated,0.19141566424911982,1.3438997256049237
DLinear,4,CALCE,CX2_16,CALCE:CX2_16,0.75,750,1000,250,255,1005,0,5,5,0.02,1,0.01059167298472389,0.013880051141809251,1.0819247978755249,1.075700204752911,linear,DLinear,,full_range,48,16,6,rated,0.19141566424911982,1.3438997256049237
NLinear,0,CALCE,CX2_16,CALCE:CX2_16,0.25,250,1000,750,337,587,0,-413,413,0.5506666666666666,0,0.0036169634309894017,0.05964300454896673,1.073669755744659,1.075700204752911,linear,NLinear,,full_range,48,16,6,rated,0.19141566424911982,1.3438997256049237
NLinear,0,CALCE,CX2_16,CALCE:CX2_16,0.5,500,1000,500,277,777,0,-223,223,0.446,0,0.00879004076463571,0.05745576454240057,1.049958864923459,1.075700204752911,linear,NLinear,,full_range,48,16,6,rated,0.19141566424911982,1.3438997256049237
NLinear,0,CALCE,CX2_16,CALCE:CX2_16,0.75,750,1000,250,205,955,0,-45,45,0.18,1,0.010790117262094352,0.02273009354767154,1.0599481590747422,1.075700204752911,linear,NLinear,,full_range,48,16,6,rated,0.19141566424911982,1.3438997256049237
NLinear,1,CALCE,CX2_16,CALCE:CX2_16,0.25,250,1000,750,292,542,0,-458,458,0.6106666666666667,0,0.004409860917450308,0.05990260848592781,1.0745933172334166,1.075700204752911,linear,NLinear,,full_range,48,16,6,rated,0.19141566424911982,1.3438997256049237
NLinear,1,CALCE,CX2_16,CALCE:CX2_16,0.5,500,1000,500,245,745,0,-255,255,0.51,0,0.008274860862650913,0.0626194420772612,1.053407811500872,1.075700204752911,linear,NLinear,,full_range,48,16,6,rated,0.19141566424911982,1.3438997256049237
NLinear,1,CALCE,CX2_16,CALCE:CX2_16,0.75,750,1000,250,177,927,0,-73,73,0.292,0,0.010810675753650781,0.030793808336610898,1.045311344232815,1.075700204752911,linear,NLinear,,full_range,48,16,6,rated,0.19141566424911982,1.3438997256049237
NLinear,2,CALCE,CX2_16,CALCE:CX2_16,0.25,250,1000,750,385,635,0,-365,365,0.4866666666666667,0,0.003038366304054799,0.05784779273628822,1.0750865302139327,1.075700204752911,linear,NLinear,,full_range,48,16,6,rated,0.19141566424911982,1.3438997256049237
NLinear,2,CALCE,CX2_16,CALCE:CX2_16,0.5,500,1000,500,315,815,0,-185,185,0.37,0,0.008435355893959355,0.05178845847488434,1.0502832990789004,1.075700204752911,linear,NLinear,,full_range,48,16,6,rated,0.19141566424911982,1.3438997256049237
NLinear,2,CALCE,CX2_16,CALCE:CX2_16,0.75,750,1000,250,230,980,0,-20,20,0.08,1,0.01043001383458971,0.017597189151224817,1.0727945893682893,1.075700204752911,linear,NLinear,,full_range,48,16,6,rated,0.19141566424911982,1.3438997256049237
NLinear,3,CALCE,CX2_16,CALCE:CX2_16,0.25,250,1000,750,328,578,0,-422,422,0.5626666666666666,0,0.0034954533181489134,0.05801435881008161,1.076962955347189,1.075700204752911,linear,NLinear,,full_range,48,16,6,rated,0.19141566424911982,1.3438997256049237
NLinear,3,CALCE,CX2_16,CALCE:CX2_16,0.5,500,1000,500,271,771,0,-229,229,0.458,0,0.007932402050820228,0.05746453955029998,1.0536072257784768,1.075700204752911,linear,NLinear,,full_range,48,16,6,rated,0.19141566424911982,1.3438997256049237
NLinear,3,CALCE,CX2_16,CALCE:CX2_16,0.75,750,1000,250,197,947,0,-53,53,0.212,0,0.010629243137773841,0.024157918495386822,1.0580783721465503,1.075700204752911,linear,NLinear,,full_range,48,16,6,rated,0.19141566424911982,1.3438997256049237
NLinear,4,CALCE,CX2_16,CALCE:CX2_16,0.25,250,1000,750,320,570,0,-430,430,0.5733333333333334,0,0.0038492529366375068,0.06048551923983822,1.0729176475297981,1.075700204752911,linear,NLinear,,full_range,48,16,6,rated,0.19141566424911982,1.3438997256049237
NLinear,4,CALCE,CX2_16,CALCE:CX2_16,0.5,500,1000,500,264,764,0,-236,236,0.472,0,0.007948157960900705,0.059364807565658914,1.0501969249079857,1.075700204752911,linear,NLinear,,full_range,48,16,6,rated,0.19141566424911982,1.3438997256049237
NLinear,4,CALCE,CX2_16,CALCE:CX2_16,0.75,750,1000,250,192,942,0,-58,58,0.232,0,0.01073021941212933,0.026023294490810183,1.0541297105411234,1.075700204752911,linear,NLinear,,full_range,48,16,6,rated,0.19141566424911982,1.3438997256049237
Linear,0,CALCE,CX2_16,CALCE:CX2_16,0.25,250,1000,750,666,916,0,-84,84,0.112,1,0.0034232845379274556,0.026498826939395172,1.0776825585613912,1.075700204752911,linear,Linear,,full_range,48,16,6,rated,0.19141566424911982,1.3438997256049237
Linear,0,CALCE,CX2_16,CALCE:CX2_16,0.5,500,1000,500,477,977,0,-23,23,0.046,1,0.008024304302223378,0.0206234976559057,1.0721718156550837,1.075700204752911,linear,Linear,,full_range,48,16,6,rated,0.19141566424911982,1.3438997256049237
Linear,0,CALCE,CX2_16,CALCE:CX2_16,0.75,750,1000,250,323,1073,0,73,73,0.292,0,0.009457595991003835,0.01394758806638562,1.1012054393485717,1.075700204752911,linear,Linear,,full_range,48,16,6,rated,0.19141566424911982,1.3438997256049237
Linear,1,CALCE,CX2_16,CALCE:CX2_16,0.25,250,1000,750,539,789,0,-211,211,0.2813333333333333,0,0.0029689722475242106,0.043597700442551894,1.0771418857662347,1.075700204752911,linear,Linear,,full_range,48,16,6,rated,0.19141566424911982,1.3438997256049237
Linear,1,CALCE,CX2_16,CALCE:CX2_16,0.5,500,1000,500,405,905,0,-95,95,0.19,1,0.01015230555547587,0.03498504042638091,1.0474631658501468,1.075700204752911,linear,Linear,,full_range,48,16,6,rated,0.19141566424911982,1.3438997256049237
Linear,1,CALCE,CX2_16,CALCE:CX2_16,0.75,750,1000,250,293,1043,0,43,43,0.172,1,0.009271387059793856,0.01253664095107055,1.093569559613294,1.075700204752911,linear,Linear,,full_range,48,16,6,rated,0.19141566424911982,1.3438997256049237
Linear,2,CALCE,CX2_16,CALCE:CX2_16,0.25,250,1000,750,535,785,0,-215,215,0.2866666666666667,0,0.0018574202061908192,0.04340587800186862,1.077227440373334,1.075700204752911,linear,Linear,,full_range,48,16,6,rated,0.19141566424911982,1.3438997256049237
Linear,2,CALCE,CX2_16,CALCE:CX2_16,0.5,500,1000,500,405,905,0,-95,95,0.19,1,0.008113296444588544,0.034031209231420334,1.0467212746896253,1.075700204752911,linear,Linear,,full_range,48,16,6,rated,0.19141566424911982,1.3438997256049237
Linear,2,CALCE,CX2_16,CALCE:CX2_16,0.75,750,1000,250,279,1029,0,29,29,0.116,1,0.01013989031112104,0.012562835395478615,1.089435824264144,1.075700204752911,linear,Linear,,full_range,48,16,6,rated,0.19141566424911982,1.3438997256049237
Linear,3,CALCE,CX2_16,CALCE:CX2_16,0.25,250,1000,750,584,834,0,-166,166,0.22133333333333333,0,0.0031177210334950955,0.03651626681054927,1.0769641577232405,1.075700204752911,linear,Linear,,full_range,48,16,6,rated,0.19141566424911982,1.3438997256049237
Linear,3,CALCE,CX2_16,CALCE:CX2_16,0.5,500,1000,500,427,927,0,-73,73,0.146,1,0.007403806809225279,0.028626185265514845,1.0538259995673491,1.075700204752911,linear,Linear,,full_range,48,16,6,rated,0.19141566424911982,1.3438997256049237
Linear,3,CALCE,CX2_16,CALCE:CX2_16,0.75,750,1000,250,292,1042,0,42,42,0.168,1,0.00938445451812997,0.01249905105126041,1.093314730253367,1.075700204752911,linear,Linear,,full_range,48,16,6,rated,0.19141566424911982,1.3438997256049237
Linear,4,CALCE,CX2_16,CALCE:CX2_16,0.25,250,1000,750,529,779,0,-221,221,0.2946666666666667,0,0.0028727944621934087,0.04453925576240784,1.074854640261914,1.075700204752911,linear,Linear,,full_range,48,16,6,rated,0.19141566424911982,1.3438997256049237
Linear,4,CALCE,CX2_16,CALCE:CX2_16,0.5,500,1000,500,397,897,0,-103,103,0.206,0,0.008554997766650656,0.036107432011462146,1.0437458987926684,1.075700204752911,linear,Linear,,full_range,48,16,6,rated,0.19141566424911982,1.3438997256049237
Linear,4,CALCE,CX2_16,CALCE:CX2_16,0.75,750,1000,250,282,1032,0,32,32,0.128,1,0.00983217811775218,0.012422731705048548,1.0904184849447713,1.075700204752911,linear,Linear,,full_range,48,16,6,rated,0.19141566424911982,1.3438997256049237
Persistence,0,CALCE,CX2_16,CALCE:CX2_16,0.25,250,1000,750,1254,1504,1,504,504,0.672,0,0.0024480824793005757,0.05913116281299849,1.2163600882398105,1.075700204752911,baseline,Persistence,,full_range,48,16,6,rated,0.19141566424911982,1.3438997256049237
Persistence,0,CALCE,CX2_16,CALCE:CX2_16,0.5,500,1000,500,1254,1754,1,754,754,1.508,0,0.009174977591420984,0.05818320302620009,1.2026137723452663,1.075700204752911,baseline,Persistence,,full_range,48,16,6,rated,0.19141566424911982,1.3438997256049237
Persistence,0,CALCE,CX2_16,CALCE:CX2_16,0.75,750,1000,250,1254,2004,1,1004,1004,4.016,0,0.011081711450219623,0.043653695676941516,1.1644095271760122,1.075700204752911,baseline,Persistence,,full_range,48,16,6,rated,0.19141566424911982,1.3438997256049237
LinearTrend,0,CALCE,CX2_16,CALCE:CX2_16,0.25,250,1000,750,342,592,0,-408,408,0.544,0,0.007792492571212748,0.11487051022292542,0.9231781570274574,1.075700204752911,baseline,LinearTrend,,full_range,48,16,6,rated,0.19141566424911982,1.3438997256049237
LinearTrend,0,CALCE,CX2_16,CALCE:CX2_16,0.5,500,1000,500,1254,1754,1,754,754,1.508,0,0.00913690941163843,0.24777274797986076,1.1941905582771677,1.075700204752911,baseline,LinearTrend,,full_range,48,16,6,rated,0.19141566424911982,1.3438997256049237
LinearTrend,0,CALCE,CX2_16,CALCE:CX2_16,0.75,750,1000,250,481,1231,0,231,231,0.924,0,0.011690247912673587,0.02103972791262182,1.1209277272268314,1.075700204752911,baseline,LinearTrend,,full_range,48,16,6,rated,0.19141566424911982,1.3438997256049237
DLinear,0,CALCE,CX2_33,CALCE:CX2_33,0.25,155,621,466,820,975,0,354,354,0.759656652360515,0,0.006879025571069437,0.051989241679082164,1.1731260812697113,1.0771578542160114,linear,DLinear,,full_range,48,16,6,rated,0.19141566424911982,1.3438997256049237
DLinear,0,CALCE,CX2_33,CALCE:CX2_33,0.5,310,621,311,500,810,0,189,189,0.6077170418006431,0,0.008500415155695844,0.03225822999932047,1.1340979881535147,1.0771578542160114,linear,DLinear,,full_range,48,16,6,rated,0.19141566424911982,1.3438997256049237
DLinear,0,CALCE,CX2_33,CALCE:CX2_33,0.75,466,621,155,228,694,0,73,73,0.47096774193548385,0,0.004312193089921018,0.01383954812892177,1.101789662198497,1.0771578542160114,linear,DLinear,,full_range,48,16,6,rated,0.19141566424911982,1.3438997256049237
DLinear,1,CALCE,CX2_33,CALCE:CX2_33,0.25,155,621,466,676,831,0,210,210,0.45064377682403434,0,0.006480067232872269,0.032788754049656685,1.139673087979215,1.0771578542160114,linear,DLinear,,full_range,48,16,6,rated,0.19141566424911982,1.3438997256049237
DLinear,1,CALCE,CX2_33,CALCE:CX2_33,0.5,310,621,311,452,762,0,141,141,0.4533762057877814,0,0.008274143583590429,0.02457611844023819,1.120957779122558,1.0771578542160114,linear,DLinear,,full_range,48,16,6,rated,0.19141566424911982,1.3438997256049237
DLinear,1,CALCE,CX2_33,CALCE:CX2_33,0.75,466,621,155,223,689,0,68,68,0.43870967741935485,0,0.0047733834287836535,0.01235676084856287,1.0994590803045194,1.0771578542160114,linear,DLinear,,full_range,48,16,6,rated,0.19141566424911982,1.3438997256049237
DLinear,2,CALCE,CX2_33,CALCE:CX2_33,0.25,155,621,466,964,1119,0,498,498,1.0686695278969958,0,0.00819323397303445,0.05966631426239055,1.1865915292942493,1.0771578542160114,linear,DLinear,,full_range,48,16,6,rated,0.19141566424911982,1.3438997256049237
DLinear,2,CALCE,CX2_33,CALCE:CX2_33,0.5,310,621,311,588,898,0,277,277,0.8906752411575563,0,0.007129023671687692,0.038959029268102074,1.1467461818602558,1.0771578542160114,linear,DLinear,,full_range,48,16,6,rated,0.19141566424911982,1.3438997256049237
DLinear,2,CALCE,CX2_33,CALCE:CX2_33,0.75,466,621,155,268,734,0,113,113,0.7290322580645161,0,0.006055340931911164,0.01762109659386913,1.1093729845712386,1.0771578542160114,linear,DLinear,,full_range,48,16,6,rated,0.19141566424911982,1.3438997256049237
DLinear,3,CALCE,CX2_33,CALCE:CX2_33,0.25,155,621,466,881,1036,0,415,415,0.8905579399141631,0,0.007439067895996076,0.05659174523776658,1.181520491297243,1.0771578542160114,linear,DLinear,,full_range,48,16,6,rated,0.19141566424911982,1.3438997256049237
DLinear,3,CALCE,CX2_33,CALCE:CX2_33,0.5,310,621,311,525,835,0,214,214,0.6881028938906752,0,0.008296581252107554,0.03459248596886599,1.1390931431487084,1.0771578542160114,linear,DLinear,,full_range,48,16,6,rated,0.19141566424911982,1.3438997256049237
DLinear,3,CALCE,CX2_33,CALCE:CX2_33,0.75,466,621,155,237,703,0,82,82,0.5290322580645161,0,0.004857746616204734,0.014829391338437678,1.1041437270860648,1.0771578542160114,linear,DLinear,,full_range,48,16,6,rated,0.19141566424911982,1.3438997256049237
DLinear,4,CALCE,CX2_33,CALCE:CX2_33,0.25,155,621,466,653,808,0,187,187,0.4012875536480687,0,0.005914051021026421,0.03275718817500382,1.1378340714321897,1.0771578542160114,linear,DLinear,,full_range,48,16,6,rated,0.19141566424911982,1.3438997256049237
DLinear,4,CALCE,CX2_33,CALCE:CX2_33,0.5,310,621,311,424,734,0,113,113,0.3633440514469453,0,0.008488473835626717,0.022557650095002338,1.1167306074936145,1.0771578542160114,linear,DLinear,,full_range,48,16,6,rated,0.19141566424911982,1.3438997256049237
DLinear,4,CALCE,CX2_33,CALCE:CX2_33,0.75,466,621,155,205,671,0,50,50,0.3225806451612903,0,0.004622799614942568,0.010523435633561127,1.0961491078278887,1.0771578542160114,linear,DLinear,,full_range,48,16,6,rated,0.19141566424911982,1.3438997256049237
NLinear,0,CALCE,CX2_33,CALCE:CX2_33,0.25,155,621,466,484,639,0,18,18,0.03862660944206009,1,0.004292368635658214,0.011748138746079809,1.0867095154496502,1.0771578542160114,linear,NLinear,,full_range,48,16,6,rated,0.19141566424911982,1.3438997256049237
NLinear,0,CALCE,CX2_33,CALCE:CX2_33,0.5,310,621,311,346,656,0,35,35,0.11254019292604502,1,0.010384774474908392,0.010362635890868136,1.0915664510431102,1.0771578542160114,linear,NLinear,,full_range,48,16,6,rated,0.19141566424911982,1.3438997256049237
NLinear,0,CALCE,CX2_33,CALCE:CX2_33,0.75,466,621,155,180,646,0,25,25,0.16129032258064516,1,0.00349583089009056,0.006571577993397914,1.088655387047852,1.0771578542160114,linear,NLinear,,full_range,48,16,6,rated,0.19141566424911982,1.3438997256049237
NLinear,1,CALCE,CX2_33,CALCE:CX2_33,0.25,155,621,466,504,659,0,38,38,0.0815450643776824,1,0.005342218155894019,0.011318109959808892,1.0919469842404776,1.0771578542160114,linear,NLinear,,full_range,48,16,6,rated,0.19141566424911982,1.3438997256049237
NLinear,1,CALCE,CX2_33,CALCE:CX2_33,0.5,310,621,311,360,670,0,49,49,0.15755627009646303,1,0.01095091668115809,0.011607600950277321,1.095645423231866,1.0771578542160114,linear,NLinear,,full_range,48,16,6,rated,0.19141566424911982,1.3438997256049237
NLinear,1,CALCE,CX2_33,CALCE:CX2_33,0.75,466,621,155,192,658,0,37,37,0.23870967741935484,0,0.0037412677283654586,0.007407520841728825,1.091173529441681,1.0771578542160114,linear,NLinear,,full_range,48,16,6,rated,0.19141566424911982,1.3438997256049237
NLinear,2,CALCE,CX2_33,CALCE:CX2_33,0.25,155,621,466,524,679,0,58,58,0.12446351931330472,1,0.004996687764456911,0.011903634694512874,1.0987740351263229,1.0771578542160114,linear,NLinear,,full_range,48,16,6,rated,0.19141566424911982,1.3438997256049237
NLinear,2,CALCE,CX2_33,CALCE:CX2_33,0.5,310,621,311,371,681,0,60,60,0.19292604501607716,1,0.010396411423755744,0.012911307201431034,1.0990330412078593,1.0771578542160114,linear,NLinear,,full_range,48,16,6,rated,0.19141566424911982,1.3438997256049237
NLinear,2,CALCE,CX2_33,CALCE:CX2_33,0.75,466,621,155,195,661,0,40,40,0.25806451612903225,0,0.00339352178000139,0.008033740893548686,1.0927670870286659,1.0771578542160114,linear,NLinear,,full_range,48,16,6,rated,0.19141566424911982,1.3438997256049237
NLinear,3,CALCE,CX2_33,CALCE:CX2_33,0.25,155,621,466,517,672,0,51,51,0.10944206008583691,1,0.004793647377706729,0.011599949124522026,1.096703883029473,1.0771578542160114,linear,NLinear,,full_range,48,16,6,rated,0.19141566424911982,1.3438997256049237
NLinear,3,CALCE,CX2_33,CALCE:CX2_33,0.5,310,621,311,370,680,0,59,59,0.18971061093247588,1,0.010106571797222432,0.012568384484900157,1.0988488820373001,1.0771578542160114,linear,NLinear,,full_range,48,16,6,rated,0.19141566424911982,1.3438997256049237
NLinear,3,CALCE,CX2_33,CALCE:CX2_33,0.75,466,621,155,194,660,0,39,39,0.25161290322580643,0,0.003592698696147843,0.007814515412960516,1.0916419744787955,1.0771578542160114,linear,NLinear,,full_range,48,16,6,rated,0.19141566424911982,1.3438997256049237
NLinear,4,CALCE,CX2_33,CALCE:CX2_33,0.25,155,621,466,438,593,0,-28,28,0.060085836909871244,1,0.004592820424294571,0.01737512279271302,1.0772908948177564,1.0771578542160114,linear,NLinear,,full_range,48,16,6,rated,0.19141566424911982,1.3438997256049237
NLinear,4,CALCE,CX2_33,CALCE:CX2_33,0.5,310,621,311,316,626,0,5,5,0.01607717041800643,1,0.01094107952457018,0.009746164979588549,1.0807544168395335,1.0771578542160114,linear,NLinear,,full_range,48,16,6,rated,0.19141566424911982,1.3438997256049237
NLinear,4,CALCE,CX2_33,CALCE:CX2_33,0.75,466,621,155,164,630,0,9,9,0.05806451612903226,1,0.0034512705966100853,0.005317096479385735,1.0838937016646855,1.0771578542160114,linear,NLinear,,full_range,48,16,6,rated,0.19141566424911982,1.3438997256049237
Linear,0,CALCE,CX2_33,CALCE:CX2_33,0.25,155,621,466,852,1007,0,386,386,0.8283261802575107,0,0.008103549436748904,0.05360459789550816,1.1755091525438388,1.0771578542160114,linear,Linear,,full_range,48,16,6,rated,0.19141566424911982,1.3438997256049237
Linear,0,CALCE,CX2_33,CALCE:CX2_33,0.5,310,621,311,515,825,0,204,204,0.6559485530546624,0,0.010891767676400729,0.032469826099167924,1.135374518572176,1.0771578542160114,linear,Linear,,full_range,48,16,6,rated,0.19141566424911982,1.3438997256049237
Linear,0,CALCE,CX2_33,CALCE:CX2_33,0.75,466,621,155,243,709,0,88,88,0.567741935483871,0,0.004443731610894802,0.015557503032560286,1.1041860956150142,1.0771578542160114,linear,Linear,,full_range,48,16,6,rated,0.19141566424911982,1.3438997256049237
Linear,1,CALCE,CX2_33,CALCE:CX2_33,0.25,155,621,466,603,758,0,137,137,0.2939914163090129,0,0.0059983113112372964,0.02532595454101838,1.1255841231918229,1.0771578542160114,linear,Linear,,full_range,48,16,6,rated,0.19141566424911982,1.3438997256049237
Linear,1,CALCE,CX2_33,CALCE:CX2_33,0.5,310,621,311,398,708,0,87,87,0.2797427652733119,0,0.009734829374575992,0.018732820400905185,1.108744036904968,1.0771578542160114,linear,Linear,,full_range,48,16,6,rated,0.19141566424911982,1.3438997256049237
Linear,1,CALCE,CX2_33,CALCE:CX2_33,0.75,466,621,155,196,662,0,41,41,0.2645161290322581,0,0.004361657365773668,0.00921758330110099,1.0937558762126394,1.0771578542160114,linear,Linear,,full_range,48,16,6,rated,0.19141566424911982,1.3438997256049237
Linear,2,CALCE,CX2_33,CALCE:CX2_33,0.25,155,621,466,605,760,0,139,139,0.2982832618025751,0,0.007063093345660508,0.023114955587702733,1.1229789772264416,1.0771578542160114,linear,Linear,,full_range,48,16,6,rated,0.19141566424911982,1.3438997256049237
Linear,2,CALCE,CX2_33,CALCE:CX2_33,0.5,310,621,311,408,718,0,97,97,0.31189710610932475,0,0.012678189402097416,0.018436497736590434,1.1103494809583283,1.0771578542160114,linear,Linear,,full_range,48,16,6,rated,0.19141566424911982,1.3438997256049237
Linear,2,CALCE,CX2_33,CALCE:CX2_33,0.75,466,621,155,209,675,0,54,54,0.34838709677419355,0,0.004428289382899466,0.010410931602542419,1.0965413768064047,1.0771578542160114,linear,Linear,,full_range,48,16,6,rated,0.19141566424911982,1.3438997256049237
Linear,3,CALCE,CX2_33,CALCE:CX2_33,0.25,155,621,466,695,850,0,229,229,0.49141630901287553,0,0.006238314396987666,0.03870258332509409,1.1498224966281279,1.0771578542160114,linear,Linear,,full_range,48,16,6,rated,0.19141566424911982,1.3438997256049237
Linear,3,CALCE,CX2_33,CALCE:CX2_33,0.5,310,621,311,438,748,0,127,127,0.40836012861736337,0,0.009743137094544926,0.024427526089146,1.1200576458515896,1.0771578542160114,linear,Linear,,full_range,48,16,6,rated,0.19141566424911982,1.3438997256049237
Linear,3,CALCE,CX2_33,CALCE:CX2_33,0.75,466,621,155,209,675,0,54,54,0.34838709677419355,0,0.004232574254678887,0.011014342786128669,1.0970555293492537,1.0771578542160114,linear,Linear,,full_range,48,16,6,rated,0.19141566424911982,1.3438997256049237
Linear,4,CALCE,CX2_33,CALCE:CX2_33,0.25,155,621,466,811,966,0,345,345,0.740343347639485,0,0.007177896977945031,0.04938325253452362,1.1689789577900915,1.0771578542160114,linear,Linear,,full_range,48,16,6,rated,0.19141566424911982,1.3438997256049237
Linear,4,CALCE,CX2_33,CALCE:CX2_33,0.5,310,621,311,504,814,0,193,193,0.6205787781350482,0,0.009343164939965459,0.03154289377590623,1.1334145049056346,1.0771578542160114,linear,Linear,,full_range,48,16,6,rated,0.19141566424911982,1.3438997256049237
Linear,4,CALCE,CX2_33,CALCE:CX2_33,0.75,466,621,155,235,701,0,80,80,0.5161290322580645,0,0.0049714050438784685,0.01446450596542635,1.1031316960048638,1.0771578542160114,linear,Linear,,full_range,48,16,6,rated,0.19141566424911982,1.3438997256049237
Persistence,0,CALCE,CX2_33,CALCE:CX2_33,0.25,155,621,466,1500,1655,1,1034,1034,2.218884120171674,0,0.004353183643657774,0.08805522936560406,1.2441460310779178,1.0771578542160114,baseline,Persistence,,full_range,48,16,6,rated,0.19141566424911982,1.3438997256049237
Persistence,0,CALCE,CX2_33,CALCE:CX2_33,0.5,310,621,311,1500,1810,1,1189,1189,3.8231511254019295,0,0.006410947411487195,0.06995186533756093,1.2030011414181558,1.0771578542160114,baseline,Persistence,,full_range,48,16,6,rated,0.19141566424911982,1.3438997256049237
Persistence,0,CALCE,CX2_33,CALCE:CX2_33,0.75,466,621,155,1500,1966,1,1345,1345,8.67741935483871,0,0.006976662469318835,0.039001783687921204,1.1466002777376412,1.0771578542160114,baseline,Persistence,,full_range,48,16,6,rated,0.19141566424911982,1.3438997256049237
LinearTrend,0,CALCE,CX2_33,CALCE:CX2_33,0.25,155,621,466,216,371,0,-250,250,0.5364806866952789,0,0.006370157206002156,0.118748439884575,0.8889641297546528,1.0771578542160114,baseline,LinearTrend,,full_range,48,16,6,rated,0.19141566424911982,1.3438997256049237
LinearTrend,0,CALCE,CX2_33,CALCE:CX2_33,0.5,310,621,311,504,814,0,193,193,0.6205787781350482,0,0.007570622531535434,0.02683533081100346,1.12698685557685,1.0771578542160114,baseline,LinearTrend,,full_range,48,16,6,rated,0.19141566424911982,1.3438997256049237
LinearTrend,0,CALCE,CX2_33,CALCE:CX2_33,0.75,466,621,155,142,608,0,-13,13,0.08387096774193549,1,0.007943837139381543,0.007839664587752444,1.0743315562378626,1.0771578542160114,baseline,LinearTrend,,full_range,48,16,6,rated,0.19141566424911982,1.3438997256049237
DLinear,0,CALCE,CX2_34,CALCE:CX2_34,0.25,165,661,496,782,947,0,286,286,0.5766129032258065,0,0.008327709818363104,0.04671407523600379,1.1611280451415282,1.052012672105878,linear,DLinear,,full_range,48,16,6,rated,0.19141566424911982,1.3438997256049237
DLinear,0,CALCE,CX2_34,CALCE:CX2_34,0.5,330,661,331,506,836,0,175,175,0.5287009063444109,0,0.014710406115845297,0.02926645592205102,1.1335797473431577,1.0786527502705425,linear,DLinear,,full_range,48,16,6,rated,0.19141566424911982,1.3438997256049237
DLinear,0,CALCE,CX2_34,CALCE:CX2_34,0.75,496,661,165,231,727,0,66,66,0.4,0,0.010756979356813502,0.014071673718346493,1.100906686057336,1.0786527502705425,linear,DLinear,,full_range,48,16,6,rated,0.19141566424911982,1.3438997256049237
DLinear,1,CALCE,CX2_34,CALCE:CX2_34,0.25,165,661,496,675,840,0,179,179,0.36088709677419356,0,0.006575750093426573,0.03128129836032361,1.1348637259852956,1.052012672105878,linear,DLinear,,full_range,48,16,6,rated,0.19141566424911982,1.3438997256049237
DLinear,1,CALCE,CX2_34,CALCE:CX2_34,0.5,330,661,331,457,787,0,126,126,0.3806646525679758,0,0.016718678879429818,0.02116927111424846,1.1195102916251327,1.0786527502705425,linear,DLinear,,full_range,48,16,6,rated,0.19141566424911982,1.3438997256049237
DLinear,1,CALCE,CX2_34,CALCE:CX2_34,0.75,496,661,165,223,719,0,58,58,0.3515151515151515,0,0.011605180204685482,0.013520256415185547,1.0976034962759713,1.0786527502705425,linear,DLinear,,full_range,48,16,6,rated,0.19141566424911982,1.3438997256049237
DLinear,2,CALCE,CX2_34,CALCE:CX2_34,0.25,165,661,496,717,882,0,221,221,0.44556451612903225,0,0.007120847002314777,0.03661595062845231,1.1447561809816615,1.052012672105878,linear,DLinear,,full_range,48,16,6,rated,0.19141566424911982,1.3438997256049237
DLinear,2,CALCE,CX2_34,CALCE:CX2_34,0.5,330,661,331,488,818,0,157,157,0.4743202416918429,0,0.013857678717151841,0.02523225132765446,1.1270772843036327,1.0786527502705425,linear,DLinear,,full_range,48,16,6,rated,0.19141566424911982,1.3438997256049237
DLinear,2,CALCE,CX2_34,CALCE:CX2_34,0.75,496,661,165,232,728,0,67,67,0.40606060606060607,0,0.010872007633678902,0.014098026339568184,1.1013935483510326,1.0786527502705425,linear,DLinear,,full_range,48,16,6,rated,0.19141566424911982,1.3438997256049237
DLinear,3,CALCE,CX2_34,CALCE:CX2_34,0.25,165,661,496,1099,1264,0,603,603,1.215725806451613,0,0.009282371123689136,0.07342705000681529,1.2117689480514455,1.052012672105878,linear,DLinear,,full_range,48,16,6,rated,0.19141566424911982,1.3438997256049237
DLinear,3,CALCE,CX2_34,CALCE:CX2_34,0.5,330,661,331,593,923,0,262,262,0.7915407854984894,0,0.013902087342304262,0.039440185087524844,1.1519317364907646,1.0786527502705425,linear,DLinear,,full_range,48,16,6,rated,0.19141566424911982,1.3438997256049237
DLinear,3,CALCE,CX2_34,CALCE:CX2_34,0.75,496,661,165,251,747,0,86,86,0.5212121212121212,0,0.010038940090209296,0.0157419048599074,1.1056383091501236,1.0786527502705425,linear,DLinear,,full_range,48,16,6,rated,0.19141566424911982,1.3438997256049237
DLinear,4,CALCE,CX2_34,CALCE:CX2_34,0.25,165,661,496,1102,1267,0,606,606,1.221774193548387,0,0.009227730688682372,0.07033591483227847,1.2059390512818229,1.052012672105878,linear,DLinear,,full_range,48,16,6,rated,0.19141566424911982,1.3438997256049237
DLinear,4,CALCE,CX2_34,CALCE:CX2_34,0.5,330,661,331,623,953,0,292,292,0.8821752265861027,0,0.014314305253918257,0.03957979953992425,1.1526153331719173,1.0786527502705425,linear,DLinear,,full_range,48,16,6,rated,0.19141566424911982,1.3438997256049237
DLinear,4,CALCE,CX2_34,CALCE:CX2_34,0.75,496,661,165,267,763,0,102,102,0.6181818181818182,0,0.010300887870798157,0.016754738853785093,1.107888517001565,1.0786527502705425,linear,DLinear,,full_range,48,16,6,rated,0.19141566424911982,1.3438997256049237
NLinear,0,CALCE,CX2_34,CALCE:CX2_34,0.25,165,661,496,519,684,0,23,23,0.046370967741935484,1,0.006540724420931988,0.01659725747277348,1.0873511241631604,1.052012672105878,linear,NLinear,,full_range,48,16,6,rated,0.19141566424911982,1.3438997256049237
NLinear,0,CALCE,CX2_34,CALCE:CX2_34,0.5,330,661,331,377,707,0,46,46,0.13897280966767372,1,0.013777545949147254,0.011020234547317626,1.0956829673579103,1.0786527502705425,linear,NLinear,,full_range,48,16,6,rated,0.19141566424911982,1.3438997256049237
NLinear,0,CALCE,CX2_34,CALCE:CX2_34,0.75,496,661,165,199,695,0,34,34,0.20606060606060606,0,0.012606817819387767,0.012853886836185102,1.0913259104046866,1.0786527502705425,linear,NLinear,,full_range,48,16,6,rated,0.19141566424911982,1.3438997256049237
NLinear,1,CALCE,CX2_34,CALCE:CX2_34,0.25,165,661,496,547,712,0,51,51,0.1028225806451613,1,0.006700615681277688,0.01624697727766926,1.0956893490126256,1.052012672105878,linear,NLinear,,full_range,48,16,6,rated,0.19141566424911982,1.3438997256049237
NLinear,1,CALCE,CX2_34,CALCE:CX2_34,0.5,330,661,331,403,733,0,72,72,0.2175226586102719,0,0.013636298831509665,0.012934244714474425,1.1024987051548305,1.0786527502705425,linear,NLinear,,full_range,48,16,6,rated,0.19141566424911982,1.3438997256049237
NLinear,1,CALCE,CX2_34,CALCE:CX2_34,0.75,496,661,165,207,703,0,42,42,0.2545454545454545,0,0.012642779524000758,0.013000225729271545,1.0929100731036372,1.0786527502705425,linear,NLinear,,full_range,48,16,6,rated,0.19141566424911982,1.3438997256049237
NLinear,2,CALCE,CX2_34,CALCE:CX2_34,0.25,165,661,496,577,742,0,81,81,0.16330645161290322,1,0.0067210828994310546,0.017137539502428724,1.1047072858642457,1.052012672105878,linear,NLinear,,full_range,48,16,6,rated,0.19141566424911982,1.3438997256049237
NLinear,2,CALCE,CX2_34,CALCE:CX2_34,0.5,330,661,331,423,753,0,92,92,0.27794561933534745,0,0.0141195395817589,0.0146808495829453,1.108249468219065,1.0786527502705425,linear,NLinear,,full_range,48,16,6,rated,0.19141566424911982,1.3438997256049237
NLinear,2,CALCE,CX2_34,CALCE:CX2_34,0.75,496,661,165,220,716,0,55,55,0.3333333333333333,0,0.012238878078464301,0.013310343115510305,1.0969211725628316,1.0786527502705425,linear,NLinear,,full_range,48,16,6,rated,0.19141566424911982,1.3438997256049237
NLinear,3,CALCE,CX2_34,CALCE:CX2_34,0.25,165,661,496,549,714,0,53,53,0.10685483870967742,1,0.0064324329371654035,0.01625375985627253,1.0973201268704549,1.052012672105878,linear,NLinear,,full_range,48,16,6,rated,0.19141566424911982,1.3438997256049237
NLinear,3,CALCE,CX2_34,CALCE:CX2_34,0.5,330,661,331,406,736,0,75,75,0.22658610271903323,0,0.015345096186064139,0.013673792290087989,1.1039348860641125,1.0786527502705425,linear,NLinear,,full_range,48,16,6,rated,0.19141566424911982,1.3438997256049237
NLinear,3,CALCE,CX2_34,CALCE:CX2_34,0.75,496,661,165,209,705,0,44,44,0.26666666666666666,0,0.012691413356880716,0.01303819408467622,1.0938246852898503,1.0786527502705425,linear,NLinear,,full_range,48,16,6,rated,0.19141566424911982,1.3438997256049237
NLinear,4,CALCE,CX2_34,CALCE:CX2_34,0.25,165,661,496,527,692,0,31,31,0.0625,1,0.006162308575312374,0.016291230916628992,1.0905996341821558,1.052012672105878,linear,NLinear,,full_range,48,16,6,rated,0.19141566424911982,1.3438997256049237
NLinear,4,CALCE,CX2_34,CALCE:CX2_34,0.5,330,661,331,385,715,0,54,54,0.16314199395770393,1,0.015401368047188328,0.01146618175937287,1.0971682312234228,1.0786527502705425,linear,NLinear,,full_range,48,16,6,rated,0.19141566424911982,1.3438997256049237
NLinear,4,CALCE,CX2_34,CALCE:CX2_34,0.75,496,661,165,199,695,0,34,34,0.20606060606060606,0,0.012789632709216549,0.012894103702265325,1.0921420950622462,1.0786527502705425,linear,NLinear,,full_range,48,16,6,rated,0.19141566424911982,1.3438997256049237
Linear,0,CALCE,CX2_34,CALCE:CX2_34,0.25,165,661,496,772,937,0,276,276,0.5564516129032258,0,0.008368488182244276,0.046011566059564475,1.1607860707416617,1.052012672105878,linear,Linear,,full_range,48,16,6,rated,0.19141566424911982,1.3438997256049237
Linear,0,CALCE,CX2_34,CALCE:CX2_34,0.5,330,661,331,482,812,0,151,151,0.4561933534743202,0,0.014238959297339978,0.024726867267195966,1.1273183945340535,1.0786527502705425,linear,Linear,,full_range,48,16,6,rated,0.19141566424911982,1.3438997256049237
Linear,0,CALCE,CX2_34,CALCE:CX2_34,0.75,496,661,165,228,724,0,63,63,0.38181818181818183,0,0.010232984656207108,0.0139251141327471,1.1006466425295558,1.0786527502705425,linear,Linear,,full_range,48,16,6,rated,0.19141566424911982,1.3438997256049237
Linear,1,CALCE,CX2_34,CALCE:CX2_34,0.25,165,661,496,952,1117,0,456,456,0.9193548387096774,0,0.00871568368779579,0.06290702619544357,1.1921034656031901,1.052012672105878,linear,Linear,,full_range,48,16,6,rated,0.19141566424911982,1.3438997256049237
Linear,1,CALCE,CX2_34,CALCE:CX2_34,0.5,330,661,331,571,901,0,240,240,0.7250755287009063,0,0.01694605046417917,0.0371870853079525,1.1476617131617468,1.0786527502705425,linear,Linear,,full_range,48,16,6,rated,0.19141566424911982,1.3438997256049237
Linear,1,CALCE,CX2_34,CALCE:CX2_34,0.75,496,661,165,241,737,0,76,76,0.46060606060606063,0,0.010288552081373576,0.015053565011463363,1.1036679524856894,1.0786527502705425,linear,Linear,,full_range,48,16,6,rated,0.19141566424911982,1.3438997256049237
Linear,2,CALCE,CX2_34,CALCE:CX2_34,0.25,165,661,496,820,985,0,324,324,0.6532258064516129,0,0.007173079386750385,0.04828139167947656,1.1665302800482793,1.052012672105878,linear,Linear,,full_range,48,16,6,rated,0.19141566424911982,1.3438997256049237
Linear,2,CALCE,CX2_34,CALCE:CX2_34,0.5,330,661,331,528,858,0,197,197,0.595166163141994,0,0.015842386359053655,0.02977916121791803,1.135579769008867,1.0786527502705425,linear,Linear,,full_range,48,16,6,rated,0.19141566424911982,1.3438997256049237
Linear,2,CALCE,CX2_34,CALCE:CX2_34,0.75,496,661,165,246,742,0,81,81,0.4909090909090909,0,0.010806486983888775,0.015054093023016725,1.1042817011053578,1.0786527502705425,linear,Linear,,full_range,48,16,6,rated,0.19141566424911982,1.3438997256049237
Linear,3,CALCE,CX2_34,CALCE:CX2_34,0.25,165,661,496,777,942,0,281,281,0.5665322580645161,0,0.007551804023858254,0.045432872937103796,1.1605113786853112,1.052012672105878,linear,Linear,,full_range,48,16,6,rated,0.19141566424911982,1.3438997256049237
Linear,3,CALCE,CX2_34,CALCE:CX2_34,0.5,330,661,331,546,876,0,215,215,0.649546827794562,0,0.012802165131319852,0.03730581464274159,1.1435344284184847,1.0786527502705425,linear,Linear,,full_range,48,16,6,rated,0.19141566424911982,1.3438997256049237
Linear,3,CALCE,CX2_34,CALCE:CX2_34,0.75,496,661,165,231,727,0,66,66,0.4,0,0.010944199289038304,0.014007461739054665,1.1012684384435152,1.0786527502705425,linear,Linear,,full_range,48,16,6,rated,0.19141566424911982,1.3438997256049237
Linear,4,CALCE,CX2_34,CALCE:CX2_34,0.25,165,661,496,1084,1249,0,588,588,1.185483870967742,0,0.008755079751479962,0.06925098929189033,1.2050539359503718,1.052012672105878,linear,Linear,,full_range,48,16,6,rated,0.19141566424911982,1.3438997256049237
Linear,4,CALCE,CX2_34,CALCE:CX2_34,0.5,330,661,331,623,953,0,292,292,0.8821752265861027,0,0.015440525251493264,0.03911664556573971,1.152459795669234,1.0786527502705425,linear,Linear,,full_range,48,16,6,rated,0.19141566424911982,1.3438997256049237
Linear,4,CALCE,CX2_34,CALCE:CX2_34,0.75,496,661,165,274,770,0,109,109,0.6606060606060606,0,0.009783980890504683,0.017251546101568024,1.109667730644648,1.0786527502705425,linear,Linear,,full_range,48,16,6,rated,0.19141566424911982,1.3438997256049237
Persistence,0,CALCE,CX2_34,CALCE:CX2_34,0.25,165,661,496,1500,1665,1,1004,1004,2.024193548387097,0,0.013587310993523439,0.10219876419970718,1.2650667751142173,1.052012672105878,baseline,Persistence,,full_range,48,16,6,rated,0.19141566424911982,1.3438997256049237
Persistence,0,CALCE,CX2_34,CALCE:CX2_34,0.5,330,661,331,1500,1830,1,1169,1169,3.5317220543806647,0,0.0058111590554091345,0.06985814969361243,1.210436246058805,1.0786527502705425,baseline,Persistence,,full_range,48,16,6,rated,0.19141566424911982,1.3438997256049237
Persistence,0,CALCE,CX2_34,CALCE:CX2_34,0.75,496,661,165,1500,1996,1,1335,1335,8.090909090909092,0,0.008149322872628545,0.036729893019530994,1.149301280200774,1.0786527502705425,baseline,Persistence,,full_range,48,16,6,rated,0.19141566424911982,1.3438997256049237
LinearTrend,0,CALCE,CX2_34,CALCE:CX2_34,0.25,165,661,496,1500,1665,1,1004,1004,2.024193548387097,0,0.013347655642401052,0.14819150540964135,1.262932386800371,1.052012672105878,baseline,LinearTrend,,full_range,48,16,6,rated,0.19141566424911982,1.3438997256049237
LinearTrend,0,CALCE,CX2_34,CALCE:CX2_34,0.5,330,661,331,1500,1830,1,1169,1169,3.5317220543806647,0,0.024877257628501508,0.24339177514264856,1.2326465896599257,1.0786527502705425,baseline,LinearTrend,,full_range,48,16,6,rated,0.19141566424911982,1.3438997256049237
LinearTrend,0,CALCE,CX2_34,CALCE:CX2_34,0.75,496,661,165,136,632,0,-29,29,0.17575757575757575,1,0.01829526812768595,0.02088333448880181,1.0659965072079975,1.0786527502705425,baseline,LinearTrend,,full_range,48,16,6,rated,0.19141566424911982,1.3438997256049237
DLinear,0,CALCE,CX2_35,CALCE:CX2_35,0.25,209,836,627,522,731,0,-105,105,0.1674641148325359,1,0.008769429203537975,0.027868969587297024,1.0772607883861736,1.0764346130428457,linear,DLinear,,full_range,48,16,6,rated,0.19141566424911982,1.3386408296274017
DLinear,0,CALCE,CX2_35,CALCE:CX2_35,0.5,418,836,418,378,796,0,-40,40,0.09569377990430622,1,0.006403746030399419,0.01244245759751485,1.06515329794076,1.0764346130428457,linear,DLinear,,full_range,48,16,6,rated,0.19141566424911982,1.3386408296274017
DLinear,0,CALCE,CX2_35,CALCE:CX2_35,0.75,627,836,209,205,832,0,-4,4,0.019138755980861243,1,0.0036055222276484902,0.006505673494005474,1.077517287721305,1.0764346130428457,linear,DLinear,,full_range,48,16,6,rated,0.19141566424911982,1.3386408296274017
DLinear,1,CALCE,CX2_35,CALCE:CX2_35,0.25,209,836,627,524,733,0,-103,103,0.16427432216905902,1,0.007703810391736558,0.025883593388818654,1.0784162492269482,1.0764346130428457,linear,DLinear,,full_range,48,16,6,rated,0.19141566424911982,1.3386408296274017
DLinear,1,CALCE,CX2_35,CALCE:CX2_35,0.5,418,836,418,376,794,0,-42,42,0.10047846889952153,1,0.005932324413736386,0.012213085705314796,1.064875873219182,1.0764346130428457,linear,DLinear,,full_range,48,16,6,rated,0.19141566424911982,1.3386408296274017
DLinear,1,CALCE,CX2_35,CALCE:CX2_35,0.75,627,836,209,200,827,0,-9,9,0.0430622009569378,1,0.003007194764488759,0.006414891314756907,1.0764170947938223,1.0764346130428457,linear,DLinear,,full_range,48,16,6,rated,0.19141566424911982,1.3386408296274017
DLinear,2,CALCE,CX2_35,CALCE:CX2_35,0.25,209,836,627,586,795,0,-41,41,0.06539074960127592,1,0.008567497070962937,0.014898984188821587,1.0772283852691014,1.0764346130428457,linear,DLinear,,full_range,48,16,6,rated,0.19141566424911982,1.3386408296274017
DLinear,2,CALCE,CX2_35,CALCE:CX2_35,0.5,418,836,418,415,833,0,-3,3,0.007177033492822967,1,0.005955499322966196,0.008033142001588202,1.0785951187481229,1.0764346130428457,linear,DLinear,,full_range,48,16,6,rated,0.19141566424911982,1.3386408296274017
DLinear,2,CALCE,CX2_35,CALCE:CX2_35,0.75,627,836,209,221,848,0,12,12,0.05741626794258373,1,0.0036734255649892053,0.007851778869519458,1.0827509284407637,1.0764346130428457,linear,DLinear,,full_range,48,16,6,rated,0.19141566424911982,1.3386408296274017
DLinear,3,CALCE,CX2_35,CALCE:CX2_35,0.25,209,836,627,719,928,0,92,92,0.1467304625199362,1,0.009060700129966282,0.01792800396400379,1.107562879744843,1.0764346130428457,linear,DLinear,,full_range,48,16,6,rated,0.19141566424911982,1.3386408296274017
DLinear,3,CALCE,CX2_35,CALCE:CX2_35,0.5,418,836,418,485,903,0,67,67,0.16028708133971292,1,0.0055742291422340145,0.01612977764795198,1.1012796441199872,1.0764346130428457,linear,DLinear,,full_range,48,16,6,rated,0.19141566424911982,1.3386408296274017
DLinear,3,CALCE,CX2_35,CALCE:CX2_35,0.75,627,836,209,243,870,0,34,34,0.16267942583732056,1,0.0042800062925153854,0.01121321366196909,1.0905499775673173,1.0764346130428457,linear,DLinear,,full_range,48,16,6,rated,0.19141566424911982,1.3386408296274017
DLinear,4,CALCE,CX2_35,CALCE:CX2_35,0.25,209,836,627,576,785,0,-51,51,0.08133971291866028,1,0.008194407535794755,0.01620815132976602,1.0744586618017429,1.0764346130428457,linear,DLinear,,full_range,48,16,6,rated,0.19141566424911982,1.3386408296274017
DLinear,4,CALCE,CX2_35,CALCE:CX2_35,0.5,418,836,418,410,828,0,-8,8,0.019138755980861243,1,0.005786187090112084,0.008218901469329161,1.0768370621527026,1.0764346130428457,linear,DLinear,,full_range,48,16,6,rated,0.19141566424911982,1.3386408296274017
DLinear,4,CALCE,CX2_35,CALCE:CX2_35,0.75,627,836,209,215,842,0,6,6,0.028708133971291867,1,0.0037815259147780268,0.007270014407588507,1.0820281252379704,1.0764346130428457,linear,DLinear,,full_range,48,16,6,rated,0.19141566424911982,1.3386408296274017
NLinear,0,CALCE,CX2_35,CALCE:CX2_35,0.25,209,836,627,577,786,0,-50,50,0.07974481658692185,1,0.007536712020682947,0.01774282463823462,1.0761869877153567,1.0764346130428457,linear,NLinear,,full_range,48,16,6,rated,0.19141566424911982,1.3386408296274017
NLinear,0,CALCE,CX2_35,CALCE:CX2_35,0.5,418,836,418,417,835,0,-1,1,0.0023923444976076554,1,0.005507219992719923,0.008307160598857607,1.0794807383679115,1.0764346130428457,linear,NLinear,,full_range,48,16,6,rated,0.19141566424911982,1.3386408296274017
NLinear,0,CALCE,CX2_35,CALCE:CX2_35,0.75,627,836,209,225,852,0,16,16,0.07655502392344497,1,0.0034762355775661965,0.008318630814635219,1.0846883862191556,1.0764346130428457,linear,NLinear,,full_range,48,16,6,rated,0.19141566424911982,1.3386408296274017
NLinear,1,CALCE,CX2_35,CALCE:CX2_35,0.25,209,836,627,596,805,0,-31,31,0.049441786283891544,1,0.008259283228832232,0.015225566614049009,1.0753597815460731,1.0764346130428457,linear,NLinear,,full_range,48,16,6,rated,0.19141566424911982,1.3386408296274017
NLinear,1,CALCE,CX2_35,CALCE:CX2_35,0.5,418,836,418,430,848,0,12,12,0.028708133971291867,1,0.006016050629749198,0.00828978010377676,1.0835983079647342,1.0764346130428457,linear,NLinear,,full_range,48,16,6,rated,0.19141566424911982,1.3386408296274017
NLinear,1,CALCE,CX2_35,CALCE:CX2_35,0.75,627,836,209,232,859,0,23,23,0.11004784688995216,1,0.0034320269092631014,0.008704762426306288,1.0866571683805384,1.0764346130428457,linear,NLinear,,full_range,48,16,6,rated,0.19141566424911982,1.3386408296274017
NLinear,2,CALCE,CX2_35,CALCE:CX2_35,0.25,209,836,627,532,741,0,-95,95,0.15151515151515152,1,0.006732021325471495,0.025841467985911196,1.076547009050812,1.0764346130428457,linear,NLinear,,full_range,48,16,6,rated,0.19141566424911982,1.3386408296274017
NLinear,2,CALCE,CX2_35,CALCE:CX2_35,0.5,418,836,418,385,803,0,-33,33,0.07894736842105263,1,0.005251055192268849,0.01134982940467824,1.0671687975067916,1.0764346130428457,linear,NLinear,,full_range,48,16,6,rated,0.19141566424911982,1.3386408296274017
NLinear,2,CALCE,CX2_35,CALCE:CX2_35,0.75,627,836,209,209,836,0,0,0,0.0,1,0.003386006344888039,0.006567741096333888,1.078337423816051,1.0764346130428457,linear,NLinear,,full_range,48,16,6,rated,0.19141566424911982,1.3386408296274017
NLinear,3,CALCE,CX2_35,CALCE:CX2_35,0.25,209,836,627,537,746,0,-90,90,0.14354066985645933,1,0.007014347887459769,0.024996004443197797,1.077195168478322,1.0764346130428457,linear,NLinear,,full_range,48,16,6,rated,0.19141566424911982,1.3386408296274017
NLinear,3,CALCE,CX2_35,CALCE:CX2_35,0.5,418,836,418,385,803,0,-33,33,0.07894736842105263,1,0.005503218337784113,0.010952010944368934,1.0684687640240553,1.0764346130428457,linear,NLinear,,full_range,48,16,6,rated,0.19141566424911982,1.3386408296274017
NLinear,3,CALCE,CX2_35,CALCE:CX2_35,0.75,627,836,209,209,836,0,0,0,0.0,1,0.003444699613004583,0.006812683696767664,1.0792080757436195,1.0764346130428457,linear,NLinear,,full_range,48,16,6,rated,0.19141566424911982,1.3386408296274017
NLinear,4,CALCE,CX2_35,CALCE:CX2_35,0.25,209,836,627,585,794,0,-42,42,0.06698564593301436,1,0.007862215709481077,0.01652664573013366,1.0784616243781902,1.0764346130428457,linear,NLinear,,full_range,48,16,6,rated,0.19141566424911982,1.3386408296274017
NLinear,4,CALCE,CX2_35,CALCE:CX2_35,0.5,418,836,418,425,843,0,7,7,0.01674641148325359,1,0.0056246110748735785,0.008220428683869456,1.081635231279276,1.0764346130428457,linear,NLinear,,full_range,48,16,6,rated,0.19141566424911982,1.3386408296274017
NLinear,4,CALCE,CX2_35,CALCE:CX2_35,0.75,627,836,209,227,854,0,18,18,0.0861244019138756,1,0.0036972295027168974,0.008400325379041196,1.086483107958635,1.0764346130428457,linear,NLinear,,full_range,48,16,6,rated,0.19141566424911982,1.3386408296274017
Linear,0,CALCE,CX2_35,CALCE:CX2_35,0.25,209,836,627,835,1044,0,208,208,0.3317384370015949,0,0.009372677667767166,0.03455294889966895,1.1376448836667723,1.0764346130428457,linear,Linear,,full_range,48,16,6,rated,0.19141566424911982,1.3386408296274017
Linear,0,CALCE,CX2_35,CALCE:CX2_35,0.5,418,836,418,547,965,0,129,129,0.30861244019138756,0,0.0057821211922955956,0.02523675806080866,1.1167961880218131,1.0764346130428457,linear,Linear,,full_range,48,16,6,rated,0.19141566424911982,1.3386408296274017
Linear,0,CALCE,CX2_35,CALCE:CX2_35,0.75,627,836,209,266,893,0,57,57,0.2727272727272727,0,0.005669651514132622,0.014986977929622195,1.0965320552934394,1.0764346130428457,linear,Linear,,full_range,48,16,6,rated,0.19141566424911982,1.3386408296274017
Linear,1,CALCE,CX2_35,CALCE:CX2_35,0.25,209,836,627,653,862,0,26,26,0.04146730462519936,1,0.00989812848488591,0.009699180363486463,1.089116334836376,1.0764346130428457,linear,Linear,,full_range,48,16,6,rated,0.19141566424911982,1.3386408296274017
Linear,1,CALCE,CX2_35,CALCE:CX2_35,0.5,418,836,418,447,865,0,29,29,0.06937799043062201,1,0.006158000533014195,0.01073953884114022,1.090119850331281,1.0764346130428457,linear,Linear,,full_range,48,16,6,rated,0.19141566424911982,1.3386408296274017
Linear,1,CALCE,CX2_35,CALCE:CX2_35,0.75,627,836,209,230,857,0,21,21,0.10047846889952153,1,0.005418487799089294,0.01010229552632695,1.0875092111178377,1.0764346130428457,linear,Linear,,full_range,48,16,6,rated,0.19141566424911982,1.3386408296274017
Linear,2,CALCE,CX2_35,CALCE:CX2_35,0.25,209,836,627,868,1077,0,241,241,0.3843700159489633,0,0.008807206167410384,0.03790523036267521,1.1446314230916936,1.0764346130428457,linear,Linear,,full_range,48,16,6,rated,0.19141566424911982,1.3386408296274017
Linear,2,CALCE,CX2_35,CALCE:CX2_35,0.5,418,836,418,559,977,0,141,141,0.3373205741626794,0,0.005208441152668261,0.02599976776508317,1.1194087175883132,1.0764346130428457,linear,Linear,,full_range,48,16,6,rated,0.19141566424911982,1.3386408296274017
Linear,2,CALCE,CX2_35,CALCE:CX2_35,0.75,627,836,209,273,900,0,64,64,0.3062200956937799,0,0.0048228211241607664,0.015307200262304806,1.0982056074567073,1.0764346130428457,linear,Linear,,full_range,48,16,6,rated,0.19141566424911982,1.3386408296274017
Linear,3,CALCE,CX2_35,CALCE:CX2_35,0.25,209,836,627,804,1013,0,177,177,0.2822966507177033,0,0.009973228819692198,0.028930925352867617,1.1294152398527468,1.0764346130428457,linear,Linear,,full_range,48,16,6,rated,0.19141566424911982,1.3386408296274017
Linear,3,CALCE,CX2_35,CALCE:CX2_35,0.5,418,836,418,539,957,0,121,121,0.2894736842105263,0,0.005896692788753396,0.022841871366859674,1.1140140403630934,1.0764346130428457,linear,Linear,,full_range,48,16,6,rated,0.19141566424911982,1.3386408296274017
Linear,3,CALCE,CX2_35,CALCE:CX2_35,0.75,627,836,209,267,894,0,58,58,0.27751196172248804,0,0.005425349684645418,0.014381067777110677,1.0971970034190355,1.0764346130428457,linear,Linear,,full_range,48,16,6,rated,0.19141566424911982,1.3386408296274017
Linear,4,CALCE,CX2_35,CALCE:CX2_35,0.25,209,836,627,835,1044,0,208,208,0.3317384370015949,0,0.01020504161544928,0.03568714921809736,1.1398657197515056,1.0764346130428457,linear,Linear,,full_range,48,16,6,rated,0.19141566424911982,1.3386408296274017
Linear,4,CALCE,CX2_35,CALCE:CX2_35,0.5,418,836,418,536,954,0,118,118,0.2822966507177033,0,0.005779345329509027,0.024278048699790007,1.1156562681433704,1.0764346130428457,linear,Linear,,full_range,48,16,6,rated,0.19141566424911982,1.3386408296274017
Linear,4,CALCE,CX2_35,CALCE:CX2_35,0.75,627,836,209,260,887,0,51,51,0.24401913875598086,0,0.004978635525957534,0.014191570548670063,1.0956913721396997,1.0764346130428457,linear,Linear,,full_range,48,16,6,rated,0.19141566424911982,1.3386408296274017
Persistence,0,CALCE,CX2_35,CALCE:CX2_35,0.25,209,836,627,1500,1709,1,873,873,1.3923444976076556,0,0.009062928231520948,0.1015411723474431,1.2644264298157282,1.0764346130428457,baseline,Persistence,,full_range,48,16,6,rated,0.19141566424911982,1.3386408296274017
Persistence,0,CALCE,CX2_35,CALCE:CX2_35,0.5,418,836,418,1500,1918,1,1082,1082,2.588516746411483,0,0.006170092559354787,0.07835277066309268,1.2151920555009461,1.0764346130428457,baseline,Persistence,,full_range,48,16,6,rated,0.19141566424911982,1.3386408296274017
Persistence,0,CALCE,CX2_35,CALCE:CX2_35,0.75,627,836,209,1500,2127,1,1291,1291,6.177033492822966,0,0.009942443795265059,0.048731551852390406,1.1571139003865003,1.0764346130428457,baseline,Persistence,,full_range,48,16,6,rated,0.19141566424911982,1.3386408296274017
LinearTrend,0,CALCE,CX2_35,CALCE:CX2_35,0.25,209,836,627,327,536,0,-300,300,0.4784688995215311,0,0.006749800821697945,0.10396285805546684,0.9109939767179339,1.0764346130428457,baseline,LinearTrend,,full_range,48,16,6,rated,0.19141566424911982,1.3386408296274017
LinearTrend,0,CALCE,CX2_35,CALCE:CX2_35,0.5,418,836,418,243,661,0,-175,175,0.41866028708133973,0,0.0076888311305197765,0.05680045437259424,0.9865229074509496,1.0764346130428457,baseline,LinearTrend,,full_range,48,16,6,rated,0.19141566424911982,1.3386408296274017
LinearTrend,0,CALCE,CX2_35,CALCE:CX2_35,0.75,627,836,209,1181,1808,0,972,972,4.650717703349282,0,0.005534827212440713,0.03672580640553164,1.1392302905645648,1.0764346130428457,baseline,LinearTrend,,full_range,48,16,6,rated,0.19141566424911982,1.3386408296274017
DLinear,0,CALCE,CX2_36,CALCE:CX2_36,0.25,172,687,515,778,950,0,263,263,0.5106796116504855,0,0.016540724684418036,0.0523854466155902,1.151958702603396,1.0715176808898086,linear,DLinear,,full_range,48,16,6,rated,0.19141566424911982,1.3438997256049237
DLinear,0,CALCE,CX2_36,CALCE:CX2_36,0.5,344,687,343,342,686,0,-1,1,0.0029154518950437317,1,0.019025615679886494,0.012852487725403042,1.0793185721826104,1.0715176808898086,linear,DLinear,,full_range,48,16,6,rated,0.19141566424911982,1.3438997256049237
DLinear,0,CALCE,CX2_36,CALCE:CX2_36,0.75,515,687,172,214,729,0,42,42,0.2441860465116279,0,0.006120163799911574,0.017149551187914794,1.09400473643746,1.0715176808898086,linear,DLinear,,full_range,48,16,6,rated,0.19141566424911982,1.3438997256049237
DLinear,1,CALCE,CX2_36,CALCE:CX2_36,0.25,172,687,515,530,702,0,15,15,0.02912621359223301,1,0.014389525635714148,0.017018844664309356,1.0839445830429588,1.0715176808898086,linear,DLinear,,full_range,48,16,6,rated,0.19141566424911982,1.3438997256049237
DLinear,1,CALCE,CX2_36,CALCE:CX2_36,0.5,344,687,343,297,641,0,-46,46,0.13411078717201166,1,0.01811014627741171,0.018022511093962267,1.0644753667679452,1.0715176808898086,linear,DLinear,,full_range,48,16,6,rated,0.19141566424911982,1.3438997256049237
DLinear,1,CALCE,CX2_36,CALCE:CX2_36,0.75,515,687,172,201,716,0,29,29,0.1686046511627907,1,0.006008470689694921,0.01460315549163918,1.0885122551953987,1.0715176808898086,linear,DLinear,,full_range,48,16,6,rated,0.19141566424911982,1.3438997256049237
DLinear,2,CALCE,CX2_36,CALCE:CX2_36,0.25,172,687,515,648,820,0,133,133,0.258252427184466,0,0.016693348277381146,0.03687640424772428,1.122775169744289,1.0715176808898086,linear,DLinear,,full_range,48,16,6,rated,0.19141566424911982,1.3438997256049237
DLinear,2,CALCE,CX2_36,CALCE:CX2_36,0.5,344,687,343,312,656,0,-31,31,0.09037900874635568,1,0.019314340964814703,0.015068656659700254,1.0681545515933308,1.0715176808898086,linear,DLinear,,full_range,48,16,6,rated,0.19141566424911982,1.3438997256049237
DLinear,2,CALCE,CX2_36,CALCE:CX2_36,0.75,515,687,172,202,717,0,30,30,0.1744186046511628,1,0.005707280752455364,0.015699512301803113,1.0898639512336836,1.0715176808898086,linear,DLinear,,full_range,48,16,6,rated,0.19141566424911982,1.3438997256049237
DLinear,3,CALCE,CX2_36,CALCE:CX2_36,0.25,172,687,515,605,777,0,90,90,0.17475728155339806,1,0.015768410703395876,0.02851741536614333,1.1085704704998653,1.0715176808898086,linear,DLinear,,full_range,48,16,6,rated,0.19141566424911982,1.3438997256049237
DLinear,3,CALCE,CX2_36,CALCE:CX2_36,0.5,344,687,343,313,657,0,-30,30,0.08746355685131195,1,0.019377322110916886,0.01503765732455775,1.0700058538495294,1.0715176808898086,linear,DLinear,,full_range,48,16,6,rated,0.19141566424911982,1.3438997256049237
DLinear,3,CALCE,CX2_36,CALCE:CX2_36,0.75,515,687,172,207,722,0,35,35,0.20348837209302326,0,0.0057521741967503336,0.015736694656577028,1.0909600167845739,1.0715176808898086,linear,DLinear,,full_range,48,16,6,rated,0.19141566424911982,1.3438997256049237
DLinear,4,CALCE,CX2_36,CALCE:CX2_36,0.25,172,687,515,697,869,0,182,182,0.3533980582524272,0,0.0159652192771736,0.04294990188039786,1.135534364355328,1.0715176808898086,linear,DLinear,,full_range,48,16,6,rated,0.19141566424911982,1.3438997256049237
DLinear,4,CALCE,CX2_36,CALCE:CX2_36,0.5,344,687,343,326,670,0,-17,17,0.04956268221574344,1,0.019096793253630222,0.013569311604188483,1.074140705436368,1.0715176808898086,linear,DLinear,,full_range,48,16,6,rated,0.19141566424911982,1.3438997256049237
DLinear,4,CALCE,CX2_36,CALCE:CX2_36,0.75,515,687,172,209,724,0,37,37,0.21511627906976744,0,0.00609881230956853,0.016288052460156355,1.0925633544480717,1.0715176808898086,linear,DLinear,,full_range,48,16,6,rated,0.19141566424911982,1.3438997256049237
NLinear,0,CALCE,CX2_36,CALCE:CX2_36,0.25,172,687,515,437,609,0,-78,78,0.15145631067961166,1,0.01326220960106225,0.018414686513130822,1.0767497636274797,1.0715176808898086,linear,NLinear,,full_range,48,16,6,rated,0.19141566424911982,1.3438997256049237
NLinear,0,CALCE,CX2_36,CALCE:CX2_36,0.5,344,687,343,253,597,0,-90,90,0.26239067055393583,0,0.016743477423981346,0.026879123204703412,1.0467061081370075,1.0715176808898086,linear,NLinear,,full_range,48,16,6,rated,0.19141566424911982,1.3438997256049237
NLinear,0,CALCE,CX2_36,CALCE:CX2_36,0.75,515,687,172,175,690,0,3,3,0.01744186046511628,1,0.006403070554141067,0.012131499931049476,1.0809955882129232,1.0715176808898086,linear,NLinear,,full_range,48,16,6,rated,0.19141566424911982,1.3438997256049237
NLinear,1,CALCE,CX2_36,CALCE:CX2_36,0.25,172,687,515,409,581,0,-106,106,0.2058252427184466,0,0.013370360621138597,0.022843216991487978,1.0768927380230036,1.0715176808898086,linear,NLinear,,full_range,48,16,6,rated,0.19141566424911982,1.3438997256049237
NLinear,1,CALCE,CX2_36,CALCE:CX2_36,0.5,344,687,343,236,580,0,-107,107,0.3119533527696793,0,0.01684031143350197,0.03136614213361783,1.038732082446605,1.0715176808898086,linear,NLinear,,full_range,48,16,6,rated,0.19141566424911982,1.3438997256049237
NLinear,1,CALCE,CX2_36,CALCE:CX2_36,0.75,515,687,172,161,676,0,-11,11,0.06395348837209303,1,0.006611008637914924,0.01193759493868472,1.0766841997179124,1.0715176808898086,linear,NLinear,,full_range,48,16,6,rated,0.19141566424911982,1.3438997256049237
NLinear,2,CALCE,CX2_36,CALCE:CX2_36,0.25,172,687,515,471,643,0,-44,44,0.0854368932038835,1,0.01302680374233823,0.016067797087421714,1.076335016394769,1.0715176808898086,linear,NLinear,,full_range,48,16,6,rated,0.19141566424911982,1.3438997256049237
NLinear,2,CALCE,CX2_36,CALCE:CX2_36,0.5,344,687,343,275,619,0,-68,68,0.19825072886297376,1,0.01833627019639492,0.022129338160468835,1.0564832923368974,1.0715176808898086,linear,NLinear,,full_range,48,16,6,rated,0.19141566424911982,1.3438997256049237
NLinear,2,CALCE,CX2_36,CALCE:CX2_36,0.75,515,687,172,187,702,0,15,15,0.0872093023255814,1,0.006439150366584032,0.013357892314682332,1.0843303429043305,1.0715176808898086,linear,NLinear,,full_range,48,16,6,rated,0.19141566424911982,1.3438997256049237
NLinear,3,CALCE,CX2_36,CALCE:CX2_36,0.25,172,687,515,458,630,0,-57,57,0.11067961165048544,1,0.01349965345919571,0.016963383993656718,1.0789203460202688,1.0715176808898086,linear,NLinear,,full_range,48,16,6,rated,0.19141566424911982,1.3438997256049237
NLinear,3,CALCE,CX2_36,CALCE:CX2_36,0.5,344,687,343,262,606,0,-81,81,0.23615160349854228,0,0.017209698591390387,0.024369494296956482,1.0518443803846829,1.0715176808898086,linear,NLinear,,full_range,48,16,6,rated,0.19141566424911982,1.3438997256049237
NLinear,3,CALCE,CX2_36,CALCE:CX2_36,0.75,515,687,172,182,697,0,10,10,0.05813953488372093,1,0.006409653136570014,0.012898155101255443,1.0829677554524622,1.0715176808898086,linear,NLinear,,full_range,48,16,6,rated,0.19141566424911982,1.3438997256049237
NLinear,4,CALCE,CX2_36,CALCE:CX2_36,0.25,172,687,515,397,569,0,-118,118,0.229126213592233,0,0.013245219273047606,0.025114130480850896,1.071316372632342,1.0715176808898086,linear,NLinear,,full_range,48,16,6,rated,0.19141566424911982,1.3438997256049237
NLinear,4,CALCE,CX2_36,CALCE:CX2_36,0.5,344,687,343,225,569,0,-118,118,0.34402332361516036,0,0.015908407152724277,0.03420337477522656,1.0336990964867394,1.0715176808898086,linear,NLinear,,full_range,48,16,6,rated,0.19141566424911982,1.3438997256049237
NLinear,4,CALCE,CX2_36,CALCE:CX2_36,0.75,515,687,172,160,675,0,-12,12,0.06976744186046512,1,0.006298703768532412,0.011968959411458575,1.0757488435061415,1.0715176808898086,linear,NLinear,,full_range,48,16,6,rated,0.19141566424911982,1.3438997256049237
Linear,0,CALCE,CX2_36,CALCE:CX2_36,0.25,172,687,515,1034,1206,0,519,519,1.007766990291262,0,0.017383349751500583,0.07146515993892391,1.1891549378688793,1.0715176808898086,linear,Linear,,full_range,48,16,6,rated,0.19141566424911982,1.3438997256049237
Linear,0,CALCE,CX2_36,CALCE:CX2_36,0.5,344,687,343,381,725,0,38,38,0.11078717201166181,1,0.01906131120001721,0.013799394522232288,1.0913333924830748,1.0715176808898086,linear,Linear,,full_range,48,16,6,rated,0.19141566424911982,1.3438997256049237
Linear,0,CALCE,CX2_36,CALCE:CX2_36,0.75,515,687,172,243,758,0,71,71,0.4127906976744186,0,0.0058052407171487385,0.019954894304715743,1.1002656800943333,1.0715176808898086,linear,Linear,,full_range,48,16,6,rated,0.19141566424911982,1.3438997256049237
Linear,1,CALCE,CX2_36,CALCE:CX2_36,0.25,172,687,515,733,905,0,218,218,0.42330097087378643,0,0.016624738568805083,0.04303025507737745,1.137243800834419,1.0715176808898086,linear,Linear,,full_range,48,16,6,rated,0.19141566424911982,1.3438997256049237
Linear,1,CALCE,CX2_36,CALCE:CX2_36,0.5,344,687,343,359,703,0,16,16,0.04664723032069971,1,0.018799845473804876,0.012980131093486632,1.0845395097872106,1.0715176808898086,linear,Linear,,full_range,48,16,6,rated,0.19141566424911982,1.3438997256049237
Linear,1,CALCE,CX2_36,CALCE:CX2_36,0.75,515,687,172,237,752,0,65,65,0.37790697674418605,0,0.006075902618940556,0.018773064818478024,1.0977533009051885,1.0715176808898086,linear,Linear,,full_range,48,16,6,rated,0.19141566424911982,1.3438997256049237
Linear,2,CALCE,CX2_36,CALCE:CX2_36,0.25,172,687,515,684,856,0,169,169,0.32815533980582523,0,0.017041058925552605,0.04111660378462554,1.1317491259640802,1.0715176808898086,linear,Linear,,full_range,48,16,6,rated,0.19141566424911982,1.3438997256049237
Linear,2,CALCE,CX2_36,CALCE:CX2_36,0.5,344,687,343,321,665,0,-22,22,0.0641399416909621,1,0.018722224293998647,0.013996152259049639,1.0727250931689485,1.0715176808898086,linear,Linear,,full_range,48,16,6,rated,0.19141566424911982,1.3438997256049237
Linear,2,CALCE,CX2_36,CALCE:CX2_36,0.75,515,687,172,210,725,0,38,38,0.22093023255813954,0,0.0061105061470436055,0.016728439522794143,1.092169849504976,1.0715176808898086,linear,Linear,,full_range,48,16,6,rated,0.19141566424911982,1.3438997256049237
Linear,3,CALCE,CX2_36,CALCE:CX2_36,0.25,172,687,515,911,1083,0,396,396,0.7689320388349514,0,0.01669760888727936,0.062339218678861275,1.1724452666195848,1.0715176808898086,linear,Linear,,full_range,48,16,6,rated,0.19141566424911982,1.3438997256049237
Linear,3,CALCE,CX2_36,CALCE:CX2_36,0.5,344,687,343,382,726,0,39,39,0.11370262390670553,1,0.01971004069507818,0.013988519908863154,1.091333884819825,1.0715176808898086,linear,Linear,,full_range,48,16,6,rated,0.19141566424911982,1.3438997256049237
Linear,3,CALCE,CX2_36,CALCE:CX2_36,0.75,515,687,172,244,759,0,72,72,0.4186046511627907,0,0.005295109547261994,0.02011023026258721,1.1002870217366194,1.0715176808898086,linear,Linear,,full_range,48,16,6,rated,0.19141566424911982,1.3438997256049237
Linear,4,CALCE,CX2_36,CALCE:CX2_36,0.25,172,687,515,696,868,0,181,181,0.35145631067961164,0,0.016050901144538814,0.039928845079701444,1.1311357678238467,1.0715176808898086,linear,Linear,,full_range,48,16,6,rated,0.19141566424911982,1.3438997256049237
Linear,4,CALCE,CX2_36,CALCE:CX2_36,0.5,344,687,343,341,685,0,-2,2,0.0058309037900874635,1,0.019067118479118985,0.013155883531232482,1.079537372339806,1.0715176808898086,linear,Linear,,full_range,48,16,6,rated,0.19141566424911982,1.3438997256049237
Linear,4,CALCE,CX2_36,CALCE:CX2_36,0.75,515,687,172,221,736,0,49,49,0.28488372093023256,0,0.005752090357774669,0.017200356927083778,1.0952150005058443,1.0715176808898086,linear,Linear,,full_range,48,16,6,rated,0.19141566424911982,1.3438997256049237
Persistence,0,CALCE,CX2_36,CALCE:CX2_36,0.25,172,687,515,1500,1672,1,985,985,1.912621359223301,0,0.02023928679430301,0.09827449475616855,1.24109176694202,1.0715176808898086,baseline,Persistence,,full_range,48,16,6,rated,0.19141566424911982,1.3438997256049237
Persistence,0,CALCE,CX2_36,CALCE:CX2_36,0.5,344,687,343,1500,1844,1,1157,1157,3.373177842565598,0,0.020604038544391506,0.05041378295159164,1.1708811508206907,1.0715176808898086,baseline,Persistence,,full_range,48,16,6,rated,0.19141566424911982,1.3438997256049237
Persistence,0,CALCE,CX2_36,CALCE:CX2_36,0.75,515,687,172,1500,2015,1,1328,1328,7.72093023255814,0,0.009125226716318446,0.04674295674280819,1.1488184870170173,1.0715176808898086,baseline,Persistence,,full_range,48,16,6,rated,0.19141566424911982,1.3438997256049237
LinearTrend,0,CALCE,CX2_36,CALCE:CX2_36,0.25,172,687,515,1194,1366,0,679,679,1.3184466019417476,0,0.013681426381730371,0.054025705050399934,1.1672333485796582,1.0715176808898086,baseline,LinearTrend,,full_range,48,16,6,rated,0.19141566424911982,1.3438997256049237
LinearTrend,0,CALCE,CX2_36,CALCE:CX2_36,0.5,344,687,343,187,531,0,-156,156,0.45481049562682213,0,0.01845767808481289,0.0495721553683618,1.0046057981495606,1.0715176808898086,baseline,LinearTrend,,full_range,48,16,6,rated,0.19141566424911982,1.3438997256049237
LinearTrend,0,CALCE,CX2_36,CALCE:CX2_36,0.75,515,687,172,1500,2015,1,1328,1328,7.72093023255814,0,0.007384554450452969,0.038781117150553414,1.1383339603502776,1.0715176808898086,baseline,LinearTrend,,full_range,48,16,6,rated,0.19141566424911982,1.3438997256049237
DLinear,0,CALCE,CX2_37,CALCE:CX2_37,0.25,190,760,570,663,853,0,93,93,0.1631578947368421,1,0.011597711026167516,0.028670530103074805,1.1098499379824864,1.0645826077803822,linear,DLinear,,full_range,48,16,6,rated,0.19141566424911982,1.3438997256049237
DLinear,0,CALCE,CX2_37,CALCE:CX2_37,0.5,380,760,380,337,717,0,-43,43,0.11315789473684211,1,0.008550251011005622,0.01218599675319868,1.0645824867929548,1.0645826077803822,linear,DLinear,,full_range,48,16,6,rated,0.19141566424911982,1.3438997256049237
DLinear,0,CALCE,CX2_37,CALCE:CX2_37,0.75,570,760,190,193,763,0,3,3,0.015789473684210527,1,0.01661474243617177,0.013278783598775835,1.0811430334984957,1.0645826077803822,linear,DLinear,,full_range,48,16,6,rated,0.19141566424911982,1.3438997256049237
DLinear,1,CALCE,CX2_37,CALCE:CX2_37,0.25,190,760,570,657,847,0,87,87,0.15263157894736842,1,0.011302700341150697,0.02175905456382534,1.103813058212846,1.0645826077803822,linear,DLinear,,full_range,48,16,6,rated,0.19141566424911982,1.3438997256049237
DLinear,1,CALCE,CX2_37,CALCE:CX2_37,0.5,380,760,380,369,749,0,-11,11,0.02894736842105263,1,0.008537333542261645,0.010278895562643638,1.0762488304044282,1.0645826077803822,linear,DLinear,,full_range,48,16,6,rated,0.19141566424911982,1.3438997256049237
DLinear,1,CALCE,CX2_37,CALCE:CX2_37,0.75,570,760,190,226,796,0,36,36,0.18947368421052632,1,0.017613740694184584,0.015404293830106181,1.0896939529186949,1.0645826077803822,linear,DLinear,,full_range,48,16,6,rated,0.19141566424911982,1.3438997256049237
DLinear,2,CALCE,CX2_37,CALCE:CX2_37,0.25,190,760,570,633,823,0,63,63,0.11052631578947368,1,0.011625098279043867,0.02130570713978653,1.0993708947396479,1.0645826077803822,linear,DLinear,,full_range,48,16,6,rated,0.19141566424911982,1.3438997256049237
DLinear,2,CALCE,CX2_37,CALCE:CX2_37,0.5,380,760,380,348,728,0,-32,32,0.08421052631578947,1,0.00877004648430594,0.01142581707168824,1.0694233713887435,1.0645826077803822,linear,DLinear,,full_range,48,16,6,rated,0.19141566424911982,1.3438997256049237
DLinear,2,CALCE,CX2_37,CALCE:CX2_37,0.75,570,760,190,205,775,0,15,15,0.07894736842105263,1,0.016668682718351934,0.013651494282126447,1.083467927291694,1.0645826077803822,linear,DLinear,,full_range,48,16,6,rated,0.19141566424911982,1.3438997256049237
DLinear,3,CALCE,CX2_37,CALCE:CX2_37,0.25,190,760,570,977,1167,0,407,407,0.7140350877192982,0,0.010094268979219896,0.060433272418920235,1.1685869674925122,1.0645826077803822,linear,DLinear,,full_range,48,16,6,rated,0.19141566424911982,1.3438997256049237
DLinear,3,CALCE,CX2_37,CALCE:CX2_37,0.5,380,760,380,435,815,0,55,55,0.14473684210526316,1,0.00953993452645932,0.014115685555060382,1.09534077150149,1.0645826077803822,linear,DLinear,,full_range,48,16,6,rated,0.19141566424911982,1.3438997256049237
DLinear,3,CALCE,CX2_37,CALCE:CX2_37,0.75,570,760,190,243,813,0,53,53,0.2789473684210526,0,0.018144389677719697,0.017853186349604745,1.0944996521668342,1.0645826077803822,linear,DLinear,,full_range,48,16,6,rated,0.19141566424911982,1.3438997256049237
DLinear,4,CALCE,CX2_37,CALCE:CX2_37,0.25,190,760,570,586,776,0,16,16,0.028070175438596492,1,0.01152341915923171,0.01579611252506215,1.0850869081250578,1.0645826077803822,linear,DLinear,,full_range,48,16,6,rated,0.19141566424911982,1.3438997256049237
DLinear,4,CALCE,CX2_37,CALCE:CX2_37,0.5,380,760,380,322,702,0,-58,58,0.15263157894736842,1,0.007745290244179239,0.015020978153629181,1.058993966889393,1.0645826077803822,linear,DLinear,,full_range,48,16,6,rated,0.19141566424911982,1.3438997256049237
DLinear,4,CALCE,CX2_37,CALCE:CX2_37,0.75,570,760,190,192,762,0,2,2,0.010526315789473684,1,0.016717496800576086,0.012962401163431718,1.0799522718220518,1.0645826077803822,linear,DLinear,,full_range,48,16,6,rated,0.19141566424911982,1.3438997256049237
NLinear,0,CALCE,CX2_37,CALCE:CX2_37,0.25,190,760,570,425,615,0,-145,145,0.2543859649122807,0,0.013943852895187259,0.024425499757440707,1.0776661969805232,1.0645826077803822,linear,NLinear,,full_range,48,16,6,rated,0.19141566424911982,1.3438997256049237
NLinear,0,CALCE,CX2_37,CALCE:CX2_37,0.5,380,760,380,260,640,0,-120,120,0.3157894736842105,0,0.007205067092820382,0.029858925497641502,1.0359775642311084,1.0645826077803822,linear,NLinear,,full_range,48,16,6,rated,0.19141566424911982,1.3438997256049237
NLinear,0,CALCE,CX2_37,CALCE:CX2_37,0.75,570,760,190,161,731,0,-29,29,0.15263157894736842,1,0.015610752299153749,0.012548708373114616,1.069674323896704,1.0645826077803822,linear,NLinear,,full_range,48,16,6,rated,0.19141566424911982,1.3438997256049237
NLinear,1,CALCE,CX2_37,CALCE:CX2_37,0.25,190,760,570,414,604,0,-156,156,0.2736842105263158,0,0.013792509803635604,0.027073245914612347,1.0735775063630886,1.0645826077803822,linear,NLinear,,full_range,48,16,6,rated,0.19141566424911982,1.3438997256049237
NLinear,1,CALCE,CX2_37,CALCE:CX2_37,0.5,380,760,380,256,636,0,-124,124,0.3263157894736842,0,0.007294804079674403,0.03158784855637868,1.032548668621045,1.0645826077803822,linear,NLinear,,full_range,48,16,6,rated,0.19141566424911982,1.3438997256049237
NLinear,1,CALCE,CX2_37,CALCE:CX2_37,0.75,570,760,190,158,728,0,-32,32,0.16842105263157894,1,0.015014342240482837,0.012949864616168285,1.0677567409101127,1.0645826077803822,linear,NLinear,,full_range,48,16,6,rated,0.19141566424911982,1.3438997256049237
NLinear,2,CALCE,CX2_37,CALCE:CX2_37,0.25,190,760,570,482,672,0,-88,88,0.1543859649122807,1,0.013308621528218705,0.016224344495946594,1.0762836932094686,1.0645826077803822,linear,NLinear,,full_range,48,16,6,rated,0.19141566424911982,1.3438997256049237
NLinear,2,CALCE,CX2_37,CALCE:CX2_37,0.5,380,760,380,296,676,0,-84,84,0.22105263157894736,0,0.007447337666544018,0.02093375827595921,1.052005616164277,1.0645826077803822,linear,NLinear,,full_range,48,16,6,rated,0.19141566424911982,1.3438997256049237
NLinear,2,CALCE,CX2_37,CALCE:CX2_37,0.75,570,760,190,185,755,0,-5,5,0.02631578947368421,1,0.015923536254629462,0.012109397630399693,1.0779083613561526,1.0645826077803822,linear,NLinear,,full_range,48,16,6,rated,0.19141566424911982,1.3438997256049237
NLinear,3,CALCE,CX2_37,CALCE:CX2_37,0.25,190,760,570,487,677,0,-83,83,0.1456140350877193,1,0.012888190997682323,0.015446941075535419,1.0770218040237234,1.0645826077803822,linear,NLinear,,full_range,48,16,6,rated,0.19141566424911982,1.3438997256049237
NLinear,3,CALCE,CX2_37,CALCE:CX2_37,0.5,380,760,380,295,675,0,-85,85,0.2236842105263158,0,0.0070613229043724815,0.021292450914280666,1.0516925211306631,1.0645826077803822,linear,NLinear,,full_range,48,16,6,rated,0.19141566424911982,1.3438997256049237
NLinear,3,CALCE,CX2_37,CALCE:CX2_37,0.75,570,760,190,183,753,0,-7,7,0.03684210526315789,1,0.015354162233153107,0.011924524327393509,1.077751779995447,1.0645826077803822,linear,NLinear,,full_range,48,16,6,rated,0.19141566424911982,1.3438997256049237
NLinear,4,CALCE,CX2_37,CALCE:CX2_37,0.25,190,760,570,424,614,0,-146,146,0.256140350877193,0,0.013927955507931368,0.02466336946291677,1.0768131856178078,1.0645826077803822,linear,NLinear,,full_range,48,16,6,rated,0.19141566424911982,1.3438997256049237
NLinear,4,CALCE,CX2_37,CALCE:CX2_37,0.5,380,760,380,260,640,0,-120,120,0.3157894736842105,0,0.007144626844302253,0.029790387555998055,1.0352837684125378,1.0645826077803822,linear,NLinear,,full_range,48,16,6,rated,0.19141566424911982,1.3438997256049237
NLinear,4,CALCE,CX2_37,CALCE:CX2_37,0.75,570,760,190,162,732,0,-28,28,0.14736842105263157,1,0.015393854407096053,0.012587110925602512,1.069474739247777,1.0645826077803822,linear,NLinear,,full_range,48,16,6,rated,0.19141566424911982,1.3438997256049237
Linear,0,CALCE,CX2_37,CALCE:CX2_37,0.25,190,760,570,705,895,0,135,135,0.23684210526315788,0,0.011887010365278599,0.031708046158175636,1.118712100252032,1.0645826077803822,linear,Linear,,full_range,48,16,6,rated,0.19141566424911982,1.3438997256049237
Linear,0,CALCE,CX2_37,CALCE:CX2_37,0.5,380,760,380,370,750,0,-10,10,0.02631578947368421,1,0.008631032637992832,0.009727516213378917,1.07641327534369,1.0645826077803822,linear,Linear,,full_range,48,16,6,rated,0.19141566424911982,1.3438997256049237
Linear,0,CALCE,CX2_37,CALCE:CX2_37,0.75,570,760,190,216,786,0,26,26,0.1368421052631579,1,0.01744007492021796,0.015253604895773154,1.0878032994196456,1.0645826077803822,linear,Linear,,full_range,48,16,6,rated,0.19141566424911982,1.3438997256049237
Linear,1,CALCE,CX2_37,CALCE:CX2_37,0.25,190,760,570,707,897,0,137,137,0.24035087719298245,0,0.010851024857641363,0.02952335946865777,1.116488104863437,1.0645826077803822,linear,Linear,,full_range,48,16,6,rated,0.19141566424911982,1.3438997256049237
Linear,1,CALCE,CX2_37,CALCE:CX2_37,0.5,380,760,380,386,766,0,6,6,0.015789473684210527,1,0.008762783380251294,0.009811144083988413,1.0818582673756705,1.0645826077803822,linear,Linear,,full_range,48,16,6,rated,0.19141566424911982,1.3438997256049237
Linear,1,CALCE,CX2_37,CALCE:CX2_37,0.75,570,760,190,229,799,0,39,39,0.20526315789473684,0,0.017462041000970853,0.015756736154259286,1.0910696899611794,1.0645826077803822,linear,Linear,,full_range,48,16,6,rated,0.19141566424911982,1.3438997256049237
Linear,2,CALCE,CX2_37,CALCE:CX2_37,0.25,190,760,570,710,900,0,140,140,0.24561403508771928,0,0.011241070279039447,0.03177351287987695,1.1195322999550754,1.0645826077803822,linear,Linear,,full_range,48,16,6,rated,0.19141566424911982,1.3438997256049237
Linear,2,CALCE,CX2_37,CALCE:CX2_37,0.5,380,760,380,374,754,0,-6,6,0.015789473684210527,1,0.008998251493042507,0.009768273384524212,1.0778254520092165,1.0645826077803822,linear,Linear,,full_range,48,16,6,rated,0.19141566424911982,1.3438997256049237
Linear,2,CALCE,CX2_37,CALCE:CX2_37,0.75,570,760,190,218,788,0,28,28,0.14736842105263157,1,0.01801262716967191,0.015054894312642139,1.0881154191336369,1.0645826077803822,linear,Linear,,full_range,48,16,6,rated,0.19141566424911982,1.3438997256049237
Linear,3,CALCE,CX2_37,CALCE:CX2_37,0.25,190,760,570,793,983,0,223,223,0.3912280701754386,0,0.01015698283920778,0.04247946199018824,1.139303860379494,1.0645826077803822,linear,Linear,,full_range,48,16,6,rated,0.19141566424911982,1.3438997256049237
Linear,3,CALCE,CX2_37,CALCE:CX2_37,0.5,380,760,380,396,776,0,16,16,0.042105263157894736,1,0.009533155224014496,0.010247526385984482,1.084491160131815,1.0645826077803822,linear,Linear,,full_range,48,16,6,rated,0.19141566424911982,1.3438997256049237
Linear,3,CALCE,CX2_37,CALCE:CX2_37,0.75,570,760,190,230,800,0,40,40,0.21052631578947367,0,0.017798577059536035,0.01607834298773466,1.0909595393526055,1.0645826077803822,linear,Linear,,full_range,48,16,6,rated,0.19141566424911982,1.3438997256049237
Linear,4,CALCE,CX2_37,CALCE:CX2_37,0.25,190,760,570,674,864,0,104,104,0.1824561403508772,1,0.01092716546896106,0.02817701479843604,1.1121249453563935,1.0645826077803822,linear,Linear,,full_range,48,16,6,rated,0.19141566424911982,1.3438997256049237
Linear,4,CALCE,CX2_37,CALCE:CX2_37,0.5,380,760,380,354,734,0,-26,26,0.06842105263157895,1,0.0085820282672274,0.010315678222481283,1.072224477550978,1.0645826077803822,linear,Linear,,full_range,48,16,6,rated,0.19141566424911982,1.3438997256049237
Linear,4,CALCE,CX2_37,CALCE:CX2_37,0.75,570,760,190,208,778,0,18,18,0.09473684210526316,1,0.016935987403685328,0.014193789405205751,1.0852266547101523,1.0645826077803822,linear,Linear,,full_range,48,16,6,rated,0.19141566424911982,1.3438997256049237
Persistence,0,CALCE,CX2_37,CALCE:CX2_37,0.25,190,760,570,1500,1690,1,930,930,1.631578947368421,0,0.014053648797687534,0.09050988589840168,1.2346896936497913,1.0645826077803822,baseline,Persistence,,full_range,48,16,6,rated,0.19141566424911982,1.3438997256049237
Persistence,0,CALCE,CX2_37,CALCE:CX2_37,0.5,380,760,380,1500,1880,1,1120,1120,2.9473684210526314,0,0.016679815432410133,0.06166270010814652,1.184633088777936,1.0645826077803822,baseline,Persistence,,full_range,48,16,6,rated,0.19141566424911982,1.3438997256049237
Persistence,0,CALCE,CX2_37,CALCE:CX2_37,0.75,570,760,190,1500,2070,1,1310,1310,6.894736842105263,0,0.02391403313597244,0.04421807555754534,1.1451999650969356,1.0645826077803822,baseline,Persistence,,full_range,48,16,6,rated,0.19141566424911982,1.3438997256049237
LinearTrend,0,CALCE,CX2_37,CALCE:CX2_37,0.25,190,760,570,259,449,0,-311,311,0.5456140350877193,0,0.016499430641310552,0.10878734849145513,0.8904598253283015,1.0645826077803822,baseline,LinearTrend,,full_range,48,16,6,rated,0.19141566424911982,1.3438997256049237
LinearTrend,0,CALCE,CX2_37,CALCE:CX2_37,0.5,380,760,380,1500,1880,1,1120,1120,2.9473684210526314,0,0.010343427117481537,0.07359149726289582,1.1758035908495896,1.0645826077803822,baseline,LinearTrend,,full_range,48,16,6,rated,0.19141566424911982,1.3438997256049237
LinearTrend,0,CALCE,CX2_37,CALCE:CX2_37,0.75,570,760,190,531,1101,0,341,341,1.7947368421052632,0,0.016448775700600844,0.028058856832292325,1.1188566730037075,1.0645826077803822,baseline,LinearTrend,,full_range,48,16,6,rated,0.19141566424911982,1.3438997256049237
DLinear,0,CALCE,CX2_38,CALCE:CX2_38,0.25,185,741,556,912,1097,0,356,356,0.6402877697841727,0,0.00844274230154182,0.05273895984471716,1.1564283882595146,1.0697587891958378,linear,DLinear,,full_range,48,16,6,rated,0.5414213211554184,1.3438997256049237
DLinear,0,CALCE,CX2_38,CALCE:CX2_38,0.5,370,741,371,453,823,0,82,82,0.2210242587601078,0,0.013324370714980438,0.018230514815114333,1.1005284793024404,1.0697587891958378,linear,DLinear,,full_range,48,16,6,rated,0.5414213211554184,1.3438997256049237
DLinear,0,CALCE,CX2_38,CALCE:CX2_38,0.75,556,741,185,209,765,0,24,24,0.12972972972972974,1,0.011738268555714486,0.012096233219055187,1.0860814946273845,1.0697587891958378,linear,DLinear,,full_range,48,16,6,rated,0.5414213211554184,1.3438997256049237
DLinear,1,CALCE,CX2_38,CALCE:CX2_38,0.25,185,741,556,581,766,0,25,25,0.044964028776978415,1,0.007949425302519332,0.016146640438127007,1.0881062797917405,1.0697587891958378,linear,DLinear,,full_range,48,16,6,rated,0.5414213211554184,1.3438997256049237
DLinear,1,CALCE,CX2_38,CALCE:CX2_38,0.5,370,741,371,333,703,0,-38,38,0.10242587601078167,1,0.010719780252295523,0.012067572939698177,1.067555248512707,1.0697587891958378,linear,DLinear,,full_range,48,16,6,rated,0.5414213211554184,1.3438997256049237
DLinear,1,CALCE,CX2_38,CALCE:CX2_38,0.75,556,741,185,164,720,0,-21,21,0.11351351351351352,1,0.010561119206893527,0.010083531278123201,1.0729376520569314,1.0697587891958378,linear,DLinear,,full_range,48,16,6,rated,0.5414213211554184,1.3438997256049237
DLinear,2,CALCE,CX2_38,CALCE:CX2_38,0.25,185,741,556,697,882,0,141,141,0.25359712230215825,0,0.008023027467204836,0.030376132787383877,1.117015268125607,1.0697587891958378,linear,DLinear,,full_range,48,16,6,rated,0.5414213211554184,1.3438997256049237
DLinear,2,CALCE,CX2_38,CALCE:CX2_38,0.5,370,741,371,391,761,0,20,20,0.05390835579514825,1,0.011827211428049655,0.0119224193210965,1.0859229560537746,1.0697587891958378,linear,DLinear,,full_range,48,16,6,rated,0.5414213211554184,1.3438997256049237
DLinear,2,CALCE,CX2_38,CALCE:CX2_38,0.75,556,741,185,189,745,0,4,4,0.021621621621621623,1,0.011550760165603588,0.010486363361707518,1.0803663468045988,1.0697587891958378,linear,DLinear,,full_range,48,16,6,rated,0.5414213211554184,1.3438997256049237
DLinear,3,CALCE,CX2_38,CALCE:CX2_38,0.25,185,741,556,529,714,0,-27,27,0.048561151079136694,1,0.008646391124480146,0.011043326596356645,1.0752705258540511,1.0697587891958378,linear,DLinear,,full_range,48,16,6,rated,0.5414213211554184,1.3438997256049237
DLinear,3,CALCE,CX2_38,CALCE:CX2_38,0.5,370,741,371,319,689,0,-52,52,0.14016172506738545,1,0.011009132988947628,0.013814838549008588,1.0638345596145269,1.0697587891958378,linear,DLinear,,full_range,48,16,6,rated,0.5414213211554184,1.3438997256049237
DLinear,3,CALCE,CX2_38,CALCE:CX2_38,0.75,556,741,185,164,720,0,-21,21,0.11351351351351352,1,0.011057767080303893,0.010078315756106166,1.0735066605445522,1.0697587891958378,linear,DLinear,,full_range,48,16,6,rated,0.5414213211554184,1.3438997256049237
DLinear,4,CALCE,CX2_38,CALCE:CX2_38,0.25,185,741,556,582,767,0,26,26,0.046762589928057555,1,0.008220002172522287,0.018054555901161676,1.0886794951942587,1.0697587891958378,linear,DLinear,,full_range,48,16,6,rated,0.5414213211554184,1.3438997256049237
DLinear,4,CALCE,CX2_38,CALCE:CX2_38,0.5,370,741,371,322,692,0,-49,49,0.1320754716981132,1,0.011343384117374998,0.012553291813370908,1.0628843696725776,1.0697587891958378,linear,DLinear,,full_range,48,16,6,rated,0.5414213211554184,1.3438997256049237
DLinear,4,CALCE,CX2_38,CALCE:CX2_38,0.75,556,741,185,157,713,0,-28,28,0.15135135135135136,1,0.011182725571722165,0.010663075848625166,1.0702086903408934,1.0697587891958378,linear,DLinear,,full_range,48,16,6,rated,0.5414213211554184,1.3438997256049237
NLinear,0,CALCE,CX2_38,CALCE:CX2_38,0.25,185,741,556,453,638,0,-103,103,0.18525179856115107,1,0.008908238535412154,0.01719472561680904,1.0769873693114953,1.0697587891958378,linear,NLinear,,full_range,48,16,6,rated,0.5414213211554184,1.3438997256049237
NLinear,0,CALCE,CX2_38,CALCE:CX2_38,0.5,370,741,371,284,654,0,-87,87,0.23450134770889489,0,0.010574795032799657,0.020219844018541717,1.049949902950385,1.0697587891958378,linear,NLinear,,full_range,48,16,6,rated,0.5414213211554184,1.3438997256049237
NLinear,0,CALCE,CX2_38,CALCE:CX2_38,0.75,556,741,185,145,701,0,-40,40,0.21621621621621623,0,0.010089461053127661,0.011420653941169732,1.0666918545527833,1.0697587891958378,linear,NLinear,,full_range,48,16,6,rated,0.5414213211554184,1.3438997256049237
NLinear,1,CALCE,CX2_38,CALCE:CX2_38,0.25,185,741,556,469,654,0,-87,87,0.1564748201438849,1,0.008733399831835763,0.015207287059117074,1.0768102567064621,1.0697587891958378,linear,NLinear,,full_range,48,16,6,rated,0.5414213211554184,1.3438997256049237
NLinear,1,CALCE,CX2_38,CALCE:CX2_38,0.5,370,741,371,290,660,0,-81,81,0.2183288409703504,0,0.010253547933988229,0.018668191934746264,1.0533914085523766,1.0697587891958378,linear,NLinear,,full_range,48,16,6,rated,0.5414213211554184,1.3438997256049237
NLinear,1,CALCE,CX2_38,CALCE:CX2_38,0.75,556,741,185,149,705,0,-36,36,0.1945945945945946,1,0.010542183601489298,0.010864130788087189,1.068233255524371,1.0697587891958378,linear,NLinear,,full_range,48,16,6,rated,0.5414213211554184,1.3438997256049237
NLinear,2,CALCE,CX2_38,CALCE:CX2_38,0.25,185,741,556,469,654,0,-87,87,0.1564748201438849,1,0.009187880823847996,0.01542071729531873,1.0765437890058323,1.0697587891958378,linear,NLinear,,full_range,48,16,6,rated,0.5414213211554184,1.3438997256049237
NLinear,2,CALCE,CX2_38,CALCE:CX2_38,0.5,370,741,371,292,662,0,-79,79,0.21293800539083557,0,0.010519113815219241,0.018065810185963198,1.0552154316290143,1.0697587891958378,linear,NLinear,,full_range,48,16,6,rated,0.5414213211554184,1.3438997256049237
NLinear,2,CALCE,CX2_38,CALCE:CX2_38,0.75,556,741,185,152,708,0,-33,33,0.1783783783783784,1,0.01064795565864993,0.010657921482324886,1.0691972490571104,1.0697587891958378,linear,NLinear,,full_range,48,16,6,rated,0.5414213211554184,1.3438997256049237
NLinear,3,CALCE,CX2_38,CALCE:CX2_38,0.25,185,741,556,479,664,0,-77,77,0.13848920863309352,1,0.008375220195030439,0.014206684752000806,1.0745941964008474,1.0697587891958378,linear,NLinear,,full_range,48,16,6,rated,0.5414213211554184,1.3438997256049237
NLinear,3,CALCE,CX2_38,CALCE:CX2_38,0.5,370,741,371,298,668,0,-73,73,0.1967654986522911,1,0.01067063899686138,0.016969299136350393,1.057519827848368,1.0697587891958378,linear,NLinear,,full_range,48,16,6,rated,0.5414213211554184,1.3438997256049237
NLinear,3,CALCE,CX2_38,CALCE:CX2_38,0.75,556,741,185,155,711,0,-30,30,0.16216216216216217,1,0.010249909802544466,0.010454083352483125,1.0697934964817721,1.0697587891958378,linear,NLinear,,full_range,48,16,6,rated,0.5414213211554184,1.3438997256049237
NLinear,4,CALCE,CX2_38,CALCE:CX2_38,0.25,185,741,556,487,672,0,-69,69,0.12410071942446044,1,0.009120314353451267,0.013326359417683207,1.0772465613927273,1.0697587891958378,linear,NLinear,,full_range,48,16,6,rated,0.5414213211554184,1.3438997256049237
NLinear,4,CALCE,CX2_38,CALCE:CX2_38,0.5,370,741,371,304,674,0,-67,67,0.18059299191374664,1,0.010593530244470784,0.016250771108013578,1.0596795857955894,1.0697587891958378,linear,NLinear,,full_range,48,16,6,rated,0.5414213211554184,1.3438997256049237
NLinear,4,CALCE,CX2_38,CALCE:CX2_38,0.75,556,741,185,156,712,0,-29,29,0.15675675675675677,1,0.010395665777434396,0.010318347370898992,1.0701800360801406,1.0697587891958378,linear,NLinear,,full_range,48,16,6,rated,0.5414213211554184,1.3438997256049237
Linear,0,CALCE,CX2_38,CALCE:CX2_38,0.25,185,741,556,784,969,0,228,228,0.41007194244604317,0,0.00860372961605148,0.042428132216782155,1.1377337846467355,1.0697587891958378,linear,Linear,,full_range,48,16,6,rated,0.5414213211554184,1.3438997256049237
Linear,0,CALCE,CX2_38,CALCE:CX2_38,0.5,370,741,371,406,776,0,35,35,0.09433962264150944,1,0.012810064948373452,0.013621449383507817,1.0895541973302674,1.0697587891958378,linear,Linear,,full_range,48,16,6,rated,0.5414213211554184,1.3438997256049237
Linear,0,CALCE,CX2_38,CALCE:CX2_38,0.75,556,741,185,187,743,0,2,2,0.010810810810810811,1,0.010970337533658446,0.010483748970749046,1.0802209329871475,1.0697587891958378,linear,Linear,,full_range,48,16,6,rated,0.5414213211554184,1.3438997256049237
Linear,1,CALCE,CX2_38,CALCE:CX2_38,0.25,185,741,556,525,710,0,-31,31,0.05575539568345324,1,0.008347476710906396,0.011673801394421427,1.073587389790771,1.0697587891958378,linear,Linear,,full_range,48,16,6,rated,0.5414213211554184,1.3438997256049237
Linear,1,CALCE,CX2_38,CALCE:CX2_38,0.5,370,741,371,305,675,0,-66,66,0.1778975741239892,1,0.011385452290207772,0.015320750863253152,1.0576785561237105,1.0697587891958378,linear,Linear,,full_range,48,16,6,rated,0.5414213211554184,1.3438997256049237
Linear,1,CALCE,CX2_38,CALCE:CX2_38,0.75,556,741,185,150,706,0,-35,35,0.1891891891891892,1,0.010616689412987554,0.011048262862834682,1.067751636301646,1.0697587891958378,linear,Linear,,full_range,48,16,6,rated,0.5414213211554184,1.3438997256049237
Linear,2,CALCE,CX2_38,CALCE:CX2_38,0.25,185,741,556,713,898,0,157,157,0.2823741007194245,0,0.00802732327142582,0.03604928468358442,1.1242346353803574,1.0697587891958378,linear,Linear,,full_range,48,16,6,rated,0.5414213211554184,1.3438997256049237
Linear,2,CALCE,CX2_38,CALCE:CX2_38,0.5,370,741,371,369,739,0,-2,2,0.005390835579514825,1,0.011943814499805755,0.011123501180766089,1.079269466278144,1.0697587891958378,linear,Linear,,full_range,48,16,6,rated,0.5414213211554184,1.3438997256049237
Linear,2,CALCE,CX2_38,CALCE:CX2_38,0.75,556,741,185,172,728,0,-13,13,0.07027027027027027,1,0.010670466330650287,0.010203431147944518,1.0762765085634647,1.0697587891958378,linear,Linear,,full_range,48,16,6,rated,0.5414213211554184,1.3438997256049237
Linear,3,CALCE,CX2_38,CALCE:CX2_38,0.25,185,741,556,647,832,0,91,91,0.16366906474820145,1,0.00808668405081836,0.025366528397261418,1.1066254474280366,1.0697587891958378,linear,Linear,,full_range,48,16,6,rated,0.5414213211554184,1.3438997256049237
Linear,3,CALCE,CX2_38,CALCE:CX2_38,0.5,370,741,371,361,731,0,-10,10,0.026954177897574125,1,0.011761506148581543,0.010814866789720235,1.076659992476079,1.0697587891958378,linear,Linear,,full_range,48,16,6,rated,0.5414213211554184,1.3438997256049237
Linear,3,CALCE,CX2_38,CALCE:CX2_38,0.75,556,741,185,173,729,0,-12,12,0.06486486486486487,1,0.009955463486901487,0.009958286458960889,1.0760979099615249,1.0697587891958378,linear,Linear,,full_range,48,16,6,rated,0.5414213211554184,1.3438997256049237
Linear,4,CALCE,CX2_38,CALCE:CX2_38,0.25,185,741,556,806,991,0,250,250,0.44964028776978415,0,0.00805398569926508,0.04589113935076681,1.1433280478300452,1.0697587891958378,linear,Linear,,full_range,48,16,6,rated,0.5414213211554184,1.3438997256049237
Linear,4,CALCE,CX2_38,CALCE:CX2_38,0.5,370,741,371,400,770,0,29,29,0.07816711590296496,1,0.011966182084061597,0.013424960463769406,1.0882806928667232,1.0697587891958378,linear,Linear,,full_range,48,16,6,rated,0.5414213211554184,1.3438997256049237
Linear,4,CALCE,CX2_38,CALCE:CX2_38,0.75,556,741,185,183,739,0,-2,2,0.010810810810810811,1,0.010844189295585317,0.010363569848875284,1.0791295407921964,1.0697587891958378,linear,Linear,,full_range,48,16,6,rated,0.5414213211554184,1.3438997256049237
Persistence,0,CALCE,CX2_38,CALCE:CX2_38,0.25,185,741,556,1500,1685,1,944,944,1.6978417266187051,0,0.011297961559201966,0.08077762069750397,1.219022194829975,1.0697587891958378,baseline,Persistence,,full_range,48,16,6,rated,0.5414213211554184,1.3438997256049237
Persistence,0,CALCE,CX2_38,CALCE:CX2_38,0.5,370,741,371,1500,1870,1,1129,1129,3.0431266846361185,0,0.019067332490758423,0.0607466144678633,1.1796000835983413,1.0697587891958378,baseline,Persistence,,full_range,48,16,6,rated,0.5414213211554184,1.3438997256049237
Persistence,0,CALCE,CX2_38,CALCE:CX2_38,0.75,556,741,185,1500,2056,1,1315,1315,7.108108108108108,0,0.015116936363434893,0.03265704064381649,1.1297153062204797,1.0697587891958378,baseline,Persistence,,full_range,48,16,6,rated,0.5414213211554184,1.3438997256049237
LinearTrend,0,CALCE,CX2_38,CALCE:CX2_38,0.25,185,741,556,332,517,0,-224,224,0.4028776978417266,0,0.010984670045493498,0.0575447425608901,0.9755636029802642,1.0697587891958378,baseline,LinearTrend,,full_range,48,16,6,rated,0.5414213211554184,1.3438997256049237
LinearTrend,0,CALCE,CX2_38,CALCE:CX2_38,0.5,370,741,371,1500,1870,1,1129,1129,3.0431266846361185,0,0.013544391228537414,0.06691263211747935,1.1717512069919638,1.0697587891958378,baseline,LinearTrend,,full_range,48,16,6,rated,0.5414213211554184,1.3438997256049237
LinearTrend,0,CALCE,CX2_38,CALCE:CX2_38,0.75,556,741,185,144,700,0,-41,41,0.22162162162162163,0,0.012844649216471256,0.011894082703814859,1.0658422066541287,1.0697587891958378,baseline,LinearTrend,,full_range,48,16,6,rated,0.5414213211554184,1.3438997256049237
DLinear,0,NASA,B0005,NASA:B0005,0.25,18,74,56,44,62,0,-12,12,0.21428571428571427,0,0.05660597693655464,0.08730557690075187,1.578842718682046,1.6015142233917594,linear,DLinear,,full_range,16,8,3,rated,1.15381833159625,1.979626548250818
DLinear,0,NASA,B0005,NASA:B0005,0.5,37,74,37,42,79,0,5,5,0.13513513513513514,1,0.0050877378636077514,0.019890581081936188,1.6188557845794707,1.6015142233917594,linear,DLinear,,full_range,16,8,3,rated,1.15381833159625,1.979626548250818
DLinear,0,NASA,B0005,NASA:B0005,0.75,56,74,18,28,84,0,10,10,0.5555555555555556,0,0.013232143520660385,0.02500396630140678,1.6411636653187627,1.6015142233917594,linear,DLinear,,full_range,16,8,3,rated,1.15381833159625,1.979626548250818
DLinear,1,NASA,B0005,NASA:B0005,0.25,18,74,56,45,63,0,-11,11,0.19642857142857142,1,0.05668623151409324,0.08017566195311054,1.5534192141063077,1.6015142233917594,linear,DLinear,,full_range,16,8,3,rated,1.15381833159625,1.979626548250818
DLinear,1,NASA,B0005,NASA:B0005,0.5,37,74,37,43,80,0,6,6,0.16216216216216217,1,0.007004826904354276,0.019726825422663206,1.6223916139007633,1.6015142233917594,linear,DLinear,,full_range,16,8,3,rated,1.15381833159625,1.979626548250818
DLinear,1,NASA,B0005,NASA:B0005,0.75,56,74,18,29,85,0,11,11,0.6111111111111112,0,0.014963863188779163,0.0271121509485612,1.6437522081549523,1.6015142233917594,linear,DLinear,,full_range,16,8,3,rated,1.15381833159625,1.979626548250818
DLinear,2,NASA,B0005,NASA:B0005,0.25,18,74,56,45,63,0,-11,11,0.19642857142857142,1,0.05593625494332381,0.08082199159675828,1.5512580203409645,1.6015142233917594,linear,DLinear,,full_range,16,8,3,rated,1.15381833159625,1.979626548250818
DLinear,2,NASA,B0005,NASA:B0005,0.5,37,74,37,43,80,0,6,6,0.16216216216216217,1,0.0054512184822809355,0.01926920431647743,1.6222552906686942,1.6015142233917594,linear,DLinear,,full_range,16,8,3,rated,1.15381833159625,1.979626548250818
DLinear,2,NASA,B0005,NASA:B0005,0.75,56,74,18,29,85,0,11,11,0.6111111111111112,0,0.01574599401897271,0.027645423376373785,1.644188439124548,1.6015142233917594,linear,DLinear,,full_range,16,8,3,rated,1.15381833159625,1.979626548250818
DLinear,3,NASA,B0005,NASA:B0005,0.25,18,74,56,45,63,0,-11,11,0.19642857142857142,1,0.055174466679284336,0.08039066932996708,1.5522735708375168,1.6015142233917594,linear,DLinear,,full_range,16,8,3,rated,1.15381833159625,1.979626548250818
DLinear,3,NASA,B0005,NASA:B0005,0.5,37,74,37,43,80,0,6,6,0.16216216216216217,1,0.0038655254030743437,0.019501207815954547,1.621231567813385,1.6015142233917594,linear,DLinear,,full_range,16,8,3,rated,1.15381833159625,1.979626548250818
DLinear,3,NASA,B0005,NASA:B0005,0.75,56,74,18,29,85,0,11,11,0.6111111111111112,0,0.01538259215257725,0.02694512386973674,1.6433698450038043,1.6015142233917594,linear,DLinear,,full_range,16,8,3,rated,1.15381833159625,1.979626548250818
DLinear,4,NASA,B0005,NASA:B0005,0.25,18,74,56,42,60,0,-14,14,0.25,0,0.05792557814165971,0.09118374024028857,1.5718083464262889,1.6015142233917594,linear,DLinear,,full_range,16,8,3,rated,1.15381833159625,1.979626548250818
DLinear,4,NASA,B0005,NASA:B0005,0.5,37,74,37,40,77,0,3,3,0.08108108108108109,1,0.006027968889040001,0.02132942467519119,1.612419755714097,1.6015142233917594,linear,DLinear,,full_range,16,8,3,rated,1.15381833159625,1.979626548250818
DLinear,4,NASA,B0005,NASA:B0005,0.75,56,74,18,27,83,0,9,9,0.5,0,0.013108373647335176,0.023544078886324503,1.637472826204517,1.6015142233917594,linear,DLinear,,full_range,16,8,3,rated,1.15381833159625,1.979626548250818
NLinear,0,NASA,B0005,NASA:B0005,0.25,18,74,56,51,69,0,-5,5,0.08928571428571429,1,0.048883599619679044,0.06113742238114699,1.5812721065179594,1.6015142233917594,linear,NLinear,,full_range,16,8,3,rated,1.15381833159625,1.979626548250818
NLinear,0,NASA,B0005,NASA:B0005,0.5,37,74,37,51,88,0,14,14,0.3783783783783784,0,0.007274366389353894,0.026059307483573737,1.6520015032125346,1.6015142233917594,linear,NLinear,,full_range,16,8,3,rated,1.15381833159625,1.979626548250818
NLinear,0,NASA,B0005,NASA:B0005,0.75,56,74,18,32,88,0,14,14,0.7777777777777778,0,0.019377454611625447,0.03424589084102004,1.6557455807145895,1.6015142233917594,linear,NLinear,,full_range,16,8,3,rated,1.15381833159625,1.979626548250818
NLinear,1,NASA,B0005,NASA:B0005,0.25,18,74,56,54,72,0,-2,2,0.03571428571428571,1,0.04736317396023973,0.05561947342049359,1.5940286959510126,1.6015142233917594,linear,NLinear,,full_range,16,8,3,rated,1.15381833159625,1.979626548250818
NLinear,1,NASA,B0005,NASA:B0005,0.5,37,74,37,52,89,0,15,15,0.40540540540540543,0,0.00982763091334708,0.025822278804533885,1.653701423703766,1.6015142233917594,linear,NLinear,,full_range,16,8,3,rated,1.15381833159625,1.979626548250818
NLinear,1,NASA,B0005,NASA:B0005,0.75,56,74,18,34,90,0,16,16,0.8888888888888888,0,0.02083500033671966,0.03595763743650957,1.656335538522823,1.6015142233917594,linear,NLinear,,full_range,16,8,3,rated,1.15381833159625,1.979626548250818
NLinear,2,NASA,B0005,NASA:B0005,0.25,18,74,56,54,72,0,-2,2,0.03571428571428571,1,0.04793002795040465,0.05447880917948811,1.5949543505012398,1.6015142233917594,linear,NLinear,,full_range,16,8,3,rated,1.15381833159625,1.979626548250818
NLinear,2,NASA,B0005,NASA:B0005,0.5,37,74,37,52,89,0,15,15,0.40540540540540543,0,0.00944450890519769,0.02597121957445376,1.6517689066067733,1.6015142233917594,linear,NLinear,,full_range,16,8,3,rated,1.15381833159625,1.979626548250818
NLinear,2,NASA,B0005,NASA:B0005,0.75,56,74,18,34,90,0,16,16,0.8888888888888888,0,0.022617191229930413,0.03790732446067424,1.6542972373250766,1.6015142233917594,linear,NLinear,,full_range,16,8,3,rated,1.15381833159625,1.979626548250818
NLinear,3,NASA,B0005,NASA:B0005,0.25,18,74,56,52,70,0,-4,4,0.07142857142857142,1,0.04881084834701142,0.0618327710790258,1.5798081412020963,1.6015142233917594,linear,NLinear,,full_range,16,8,3,rated,1.15381833159625,1.979626548250818
NLinear,3,NASA,B0005,NASA:B0005,0.5,37,74,37,49,86,0,12,12,0.32432432432432434,0,0.007068332992111971,0.022712708772241585,1.646367129254659,1.6015142233917594,linear,NLinear,,full_range,16,8,3,rated,1.15381833159625,1.979626548250818
NLinear,3,NASA,B0005,NASA:B0005,0.75,56,74,18,32,88,0,14,14,0.7777777777777778,0,0.019744003007763924,0.03434878640926555,1.6514750913964302,1.6015142233917594,linear,NLinear,,full_range,16,8,3,rated,1.15381833159625,1.979626548250818
NLinear,4,NASA,B0005,NASA:B0005,0.25,18,74,56,53,71,0,-3,3,0.05357142857142857,1,0.04876435634624416,0.062194202601028016,1.5787853097892224,1.6015142233917594,linear,NLinear,,full_range,16,8,3,rated,1.15381833159625,1.979626548250818
NLinear,4,NASA,B0005,NASA:B0005,0.5,37,74,37,50,87,0,13,13,0.35135135135135137,0,0.008680437797801697,0.024317271592386013,1.6490535247632334,1.6015142233917594,linear,NLinear,,full_range,16,8,3,rated,1.15381833159625,1.979626548250818
NLinear,4,NASA,B0005,NASA:B0005,0.75,56,74,18,32,88,0,14,14,0.7777777777777778,0,0.02024469572083544,0.0331041526826835,1.6479243021050283,1.6015142233917594,linear,NLinear,,full_range,16,8,3,rated,1.15381833159625,1.979626548250818
Linear,0,NASA,B0005,NASA:B0005,0.25,18,74,56,44,62,0,-12,12,0.21428571428571427,0,0.0569898086306967,0.08647863076094414,1.5808930941061807,1.6015142233917594,linear,Linear,,full_range,16,8,3,rated,1.15381833159625,1.979626548250818
Linear,0,NASA,B0005,NASA:B0005,0.5,37,74,37,44,81,0,7,7,0.1891891891891892,1,0.004837975036449907,0.01896696374010252,1.6269020861480503,1.6015142233917594,linear,Linear,,full_range,16,8,3,rated,1.15381833159625,1.979626548250818
Linear,0,NASA,B0005,NASA:B0005,0.75,56,74,18,29,85,0,11,11,0.6111111111111112,0,0.016126426099429162,0.027951554475283646,1.6450738643232594,1.6015142233917594,linear,Linear,,full_range,16,8,3,rated,1.15381833159625,1.979626548250818
Linear,1,NASA,B0005,NASA:B0005,0.25,18,74,56,44,62,0,-12,12,0.21428571428571427,0,0.05591268371062526,0.08463385341650774,1.5831980558525784,1.6015142233917594,linear,Linear,,full_range,16,8,3,rated,1.15381833159625,1.979626548250818
Linear,1,NASA,B0005,NASA:B0005,0.5,37,74,37,43,80,0,6,6,0.16216216216216217,1,0.006938530758345179,0.01931901795911845,1.623706638460144,1.6015142233917594,linear,Linear,,full_range,16,8,3,rated,1.15381833159625,1.979626548250818
Linear,1,NASA,B0005,NASA:B0005,0.75,56,74,18,30,86,0,12,12,0.6666666666666666,0,0.019848344376445205,0.03028018539426211,1.644511435221145,1.6015142233917594,linear,Linear,,full_range,16,8,3,rated,1.15381833159625,1.979626548250818
Linear,2,NASA,B0005,NASA:B0005,0.25,18,74,56,45,63,0,-11,11,0.19642857142857142,1,0.05834793626824549,0.08163846917791856,1.5510739109757636,1.6015142233917594,linear,Linear,,full_range,16,8,3,rated,1.15381833159625,1.979626548250818
Linear,2,NASA,B0005,NASA:B0005,0.5,37,74,37,43,80,0,6,6,0.16216216216216217,1,0.0048816062224023935,0.01885541981931433,1.6229958143088759,1.6015142233917594,linear,Linear,,full_range,16,8,3,rated,1.15381833159625,1.979626548250818
Linear,2,NASA,B0005,NASA:B0005,0.75,56,74,18,30,86,0,12,12,0.6666666666666666,0,0.021392129522538293,0.03260612476347463,1.645656302694087,1.6015142233917594,linear,Linear,,full_range,16,8,3,rated,1.15381833159625,1.979626548250818
Linear,3,NASA,B0005,NASA:B0005,0.25,18,74,56,42,60,0,-14,14,0.25,0,0.05788985326129841,0.0911476566277697,1.572357060566073,1.6015142233917594,linear,Linear,,full_range,16,8,3,rated,1.15381833159625,1.979626548250818
Linear,3,NASA,B0005,NASA:B0005,0.5,37,74,37,40,77,0,3,3,0.08108108108108109,1,0.009307499592297123,0.02274419496243829,1.6089668498137042,1.6015142233917594,linear,Linear,,full_range,16,8,3,rated,1.15381833159625,1.979626548250818
Linear,3,NASA,B0005,NASA:B0005,0.75,56,74,18,27,83,0,9,9,0.5,0,0.01608061746464173,0.02366686021142573,1.634586336804158,1.6015142233917594,linear,Linear,,full_range,16,8,3,rated,1.15381833159625,1.979626548250818
Linear,4,NASA,B0005,NASA:B0005,0.25,18,74,56,44,62,0,-12,12,0.21428571428571427,0,0.0555626516078434,0.08507525890271535,1.5819917800423742,1.6015142233917594,linear,Linear,,full_range,16,8,3,rated,1.15381833159625,1.979626548250818
Linear,4,NASA,B0005,NASA:B0005,0.5,37,74,37,44,81,0,7,7,0.1891891891891892,1,0.005167942806413261,0.01788235416809661,1.6267700900257476,1.6015142233917594,linear,Linear,,full_range,16,8,3,rated,1.15381833159625,1.979626548250818
Linear,4,NASA,B0005,NASA:B0005,0.75,56,74,18,29,85,0,11,11,0.6111111111111112,0,0.015064864524421066,0.025749936830975477,1.6386504433450833,1.6015142233917594,linear,Linear,,full_range,16,8,3,rated,1.15381833159625,1.979626548250818
Persistence,0,NASA,B0005,NASA:B0005,0.25,18,74,56,141,159,1,85,85,1.5178571428571428,0,0.028775612191016903,0.09156048837971005,1.8030683142834096,1.6015142233917594,baseline,Persistence,,full_range,16,8,3,rated,1.15381833159625,1.979626548250818
Persistence,0,NASA,B0005,NASA:B0005,0.5,37,74,37,141,178,1,104,104,2.810810810810811,0,0.02251942534919466,0.09915887294972393,1.7884432335370462,1.6015142233917594,baseline,Persistence,,full_range,16,8,3,rated,1.15381833159625,1.979626548250818
Persistence,0,NASA,B0005,NASA:B0005,0.75,56,74,18,141,197,1,123,123,6.833333333333333,0,0.03140794593295474,0.06901130381247847,1.7158065389330133,1.6015142233917594,baseline,Persistence,,full_range,16,8,3,rated,1.15381833159625,1.979626548250818
LinearTrend,0,NASA,B0005,NASA:B0005,0.25,18,74,56,75,93,0,19,19,0.3392857142857143,0,0.04199231083652453,0.03868336880605717,1.6498537542103133,1.6015142233917594,baseline,LinearTrend,,full_range,16,8,3,rated,1.15381833159625,1.979626548250818
LinearTrend,0,NASA,B0005,NASA:B0005,0.5,37,74,37,81,118,0,44,44,1.1891891891891893,0,0.028377490144579562,0.0590672956781216,1.710853855845395,1.6015142233917594,baseline,LinearTrend,,full_range,16,8,3,rated,1.15381833159625,1.979626548250818
LinearTrend,0,NASA,B0005,NASA:B0005,0.75,56,74,18,39,95,0,21,21,1.1666666666666667,0,0.037246163300198275,0.05194407737733512,1.674491773447663,1.6015142233917594,baseline,LinearTrend,,full_range,16,8,3,rated,1.15381833159625,1.979626548250818
DLinear,0,NASA,B0006,NASA:B0006,0.25,16,63,47,86,102,0,39,39,0.8297872340425532,0,0.05741339834043475,0.0742993954955861,1.743758166249335,1.5989712144027983,linear,DLinear,,full_range,16,8,3,rated,1.2874525221379407,1.8834677437950846
DLinear,0,NASA,B0006,NASA:B0006,0.5,32,63,31,73,105,0,42,42,1.3548387096774193,0,0.058463984363258996,0.09507941228926657,1.7540548020431168,1.5989712144027983,linear,DLinear,,full_range,16,8,3,rated,1.2874525221379407,1.8834677437950846
DLinear,0,NASA,B0006,NASA:B0006,0.75,47,63,16,35,82,0,19,19,1.1875,0,0.04189393231657376,0.047370782410054164,1.6644746838754383,1.5989712144027983,linear,DLinear,,full_range,16,8,3,rated,1.2874525221379407,1.8834677437950846
DLinear,1,NASA,B0006,NASA:B0006,0.25,16,63,47,80,96,0,33,33,0.7021276595744681,0,0.06965336162732101,0.06159717674402881,1.7213208531916997,1.5989712144027983,linear,DLinear,,full_range,16,8,3,rated,1.2874525221379407,1.8834677437950846
DLinear,1,NASA,B0006,NASA:B0006,0.5,32,63,31,80,112,0,49,49,1.5806451612903225,0,0.059997315077652096,0.10189068824040023,1.7686749194785731,1.5989712144027983,linear,DLinear,,full_range,16,8,3,rated,1.2874525221379407,1.8834677437950846
DLinear,1,NASA,B0006,NASA:B0006,0.75,47,63,16,32,79,0,16,16,1.0,0,0.06462773975007054,0.05494310952300332,1.643155701816575,1.5989712144027983,linear,DLinear,,full_range,16,8,3,rated,1.2874525221379407,1.8834677437950846
DLinear,2,NASA,B0006,NASA:B0006,0.25,16,63,47,77,93,0,30,30,0.6382978723404256,0,0.05765597308795626,0.05577922169332698,1.7106377991725141,1.5989712144027983,linear,DLinear,,full_range,16,8,3,rated,1.2874525221379407,1.8834677437950846
DLinear,2,NASA,B0006,NASA:B0006,0.5,32,63,31,71,103,0,40,40,1.2903225806451613,0,0.058861186271130975,0.09452043646825913,1.7534641191427038,1.5989712144027983,linear,DLinear,,full_range,16,8,3,rated,1.2874525221379407,1.8834677437950846
DLinear,2,NASA,B0006,NASA:B0006,0.75,47,63,16,30,77,0,14,14,0.875,0,0.060362457859141024,0.04988502214897319,1.647425649530054,1.5989712144027983,linear,DLinear,,full_range,16,8,3,rated,1.2874525221379407,1.8834677437950846
DLinear,3,NASA,B0006,NASA:B0006,0.25,16,63,47,95,111,0,48,48,1.0212765957446808,0,0.046723605985401484,0.07991825363728632,1.7547585001001802,1.5989712144027983,linear,DLinear,,full_range,16,8,3,rated,1.2874525221379407,1.8834677437950846
DLinear,3,NASA,B0006,NASA:B0006,0.5,32,63,31,86,118,0,55,55,1.7741935483870968,0,0.06368301773797706,0.10017406667535377,1.75731416113513,1.5989712144027983,linear,DLinear,,full_range,16,8,3,rated,1.2874525221379407,1.8834677437950846
DLinear,3,NASA,B0006,NASA:B0006,0.75,47,63,16,46,93,0,30,30,1.875,0,0.05008425729509448,0.05542769826999838,1.676446940670201,1.5989712144027983,linear,DLinear,,full_range,16,8,3,rated,1.2874525221379407,1.8834677437950846
DLinear,4,NASA,B0006,NASA:B0006,0.25,16,63,47,89,105,0,42,42,0.8936170212765957,0,0.058105109638614955,0.08027903383472065,1.7572469311420222,1.5989712144027983,linear,DLinear,,full_range,16,8,3,rated,1.2874525221379407,1.8834677437950846
DLinear,4,NASA,B0006,NASA:B0006,0.5,32,63,31,73,105,0,42,42,1.3548387096774193,0,0.05117749918291955,0.09440991867350523,1.7621951014092423,1.5989712144027983,linear,DLinear,,full_range,16,8,3,rated,1.2874525221379407,1.8834677437950846
DLinear,4,NASA,B0006,NASA:B0006,0.75,47,63,16,39,86,0,23,23,1.4375,0,0.050598648787636,0.052703731793500304,1.6651587200591353,1.5989712144027983,linear,DLinear,,full_range,16,8,3,rated,1.2874525221379407,1.8834677437950846
NLinear,0,NASA,B0006,NASA:B0006,0.25,16,63,47,87,103,0,40,40,0.851063829787234,0,0.054708288817291194,0.06709986178413614,1.738344609454517,1.5989712144027983,linear,NLinear,,full_range,16,8,3,rated,1.2874525221379407,1.8834677437950846
NLinear,0,NASA,B0006,NASA:B0006,0.5,32,63,31,77,109,0,46,46,1.4838709677419355,0,0.056443316996675943,0.09529817024213487,1.7603718137960904,1.5989712144027983,linear,NLinear,,full_range,16,8,3,rated,1.2874525221379407,1.8834677437950846
NLinear,0,NASA,B0006,NASA:B0006,0.75,47,63,16,33,80,0,17,17,1.0625,0,0.06264287179748113,0.053470654551522466,1.6565823285264731,1.5989712144027983,linear,NLinear,,full_range,16,8,3,rated,1.2874525221379407,1.8834677437950846
NLinear,1,NASA,B0006,NASA:B0006,0.25,16,63,47,89,105,0,42,42,0.8936170212765957,0,0.060766328396027594,0.06593210712712552,1.736715542735439,1.5989712144027983,linear,NLinear,,full_range,16,8,3,rated,1.2874525221379407,1.8834677437950846
NLinear,1,NASA,B0006,NASA:B0006,0.5,32,63,31,84,116,0,53,53,1.7096774193548387,0,0.06347461943964945,0.10663390277274394,1.7765817934789316,1.5989712144027983,linear,NLinear,,full_range,16,8,3,rated,1.2874525221379407,1.8834677437950846
NLinear,1,NASA,B0006,NASA:B0006,0.75,47,63,16,34,81,0,18,18,1.125,0,0.0656681292802371,0.05455508255128868,1.6595420358151183,1.5989712144027983,linear,NLinear,,full_range,16,8,3,rated,1.2874525221379407,1.8834677437950846
NLinear,2,NASA,B0006,NASA:B0006,0.25,16,63,47,83,99,0,36,36,0.7659574468085106,0,0.061140302416496886,0.059486803035920334,1.720001111893008,1.5989712144027983,linear,NLinear,,full_range,16,8,3,rated,1.2874525221379407,1.8834677437950846
NLinear,2,NASA,B0006,NASA:B0006,0.5,32,63,31,90,122,0,59,59,1.903225806451613,0,0.07074760254706056,0.11652334013291277,1.7916622961161803,1.5989712144027983,linear,NLinear,,full_range,16,8,3,rated,1.2874525221379407,1.8834677437950846
NLinear,2,NASA,B0006,NASA:B0006,0.75,47,63,16,29,76,0,13,13,0.8125,0,0.05974923346020298,0.04817496486914738,1.6407776577675763,1.5989712144027983,linear,NLinear,,full_range,16,8,3,rated,1.2874525221379407,1.8834677437950846
NLinear,3,NASA,B0006,NASA:B0006,0.25,16,63,47,86,102,0,39,39,0.8297872340425532,0,0.05698385225483124,0.06594041430724801,1.7355620214870016,1.5989712144027983,linear,NLinear,,full_range,16,8,3,rated,1.2874525221379407,1.8834677437950846
NLinear,3,NASA,B0006,NASA:B0006,0.5,32,63,31,80,112,0,49,49,1.5806451612903225,0,0.06329816728218349,0.10456944471847651,1.7715260700292959,1.5989712144027983,linear,NLinear,,full_range,16,8,3,rated,1.2874525221379407,1.8834677437950846
NLinear,3,NASA,B0006,NASA:B0006,0.75,47,63,16,33,80,0,17,17,1.0625,0,0.06750807554176148,0.055483444915611656,1.6549427224181048,1.5989712144027983,linear,NLinear,,full_range,16,8,3,rated,1.2874525221379407,1.8834677437950846
NLinear,4,NASA,B0006,NASA:B0006,0.25,16,63,47,86,102,0,39,39,0.8297872340425532,0,0.05557623900527282,0.06662047979213623,1.7360605500239266,1.5989712144027983,linear,NLinear,,full_range,16,8,3,rated,1.2874525221379407,1.8834677437950846
NLinear,4,NASA,B0006,NASA:B0006,0.5,32,63,31,79,111,0,48,48,1.5483870967741935,0,0.058641856976163045,0.10363752128087042,1.7710300915104624,1.5989712144027983,linear,NLinear,,full_range,16,8,3,rated,1.2874525221379407,1.8834677437950846
NLinear,4,NASA,B0006,NASA:B0006,0.75,47,63,16,33,80,0,17,17,1.0625,0,0.061161194544803836,0.05162643181960944,1.6542346214669006,1.5989712144027983,linear,NLinear,,full_range,16,8,3,rated,1.2874525221379407,1.8834677437950846
Linear,0,NASA,B0006,NASA:B0006,0.25,16,63,47,112,128,0,65,65,1.3829787234042554,0,0.04968633767178457,0.09980155086086405,1.781994289137189,1.5989712144027983,linear,Linear,,full_range,16,8,3,rated,1.2874525221379407,1.8834677437950846
Linear,0,NASA,B0006,NASA:B0006,0.5,32,63,31,89,121,0,58,58,1.8709677419354838,0,0.06593883482040305,0.10306637441379836,1.7633256066879361,1.5989712144027983,linear,Linear,,full_range,16,8,3,rated,1.2874525221379407,1.8834677437950846
Linear,0,NASA,B0006,NASA:B0006,0.75,47,63,16,49,96,0,33,33,2.0625,0,0.05778992141110524,0.06597147041977415,1.6867571429715238,1.5989712144027983,linear,Linear,,full_range,16,8,3,rated,1.2874525221379407,1.8834677437950846
Linear,1,NASA,B0006,NASA:B0006,0.25,16,63,47,141,157,1,94,94,2.0,0,0.0541952934921289,0.11882049295900944,1.8198757127343537,1.5989712144027983,linear,Linear,,full_range,16,8,3,rated,1.2874525221379407,1.8834677437950846
Linear,1,NASA,B0006,NASA:B0006,0.5,32,63,31,121,153,0,90,90,2.903225806451613,0,0.07236807124222955,0.12580878818614247,1.7976949973036604,1.5989712144027983,linear,Linear,,full_range,16,8,3,rated,1.2874525221379407,1.8834677437950846
Linear,1,NASA,B0006,NASA:B0006,0.75,47,63,16,59,106,0,43,43,2.6875,0,0.06108626582840074,0.07021558510404466,1.6705879707757814,1.5989712144027983,linear,Linear,,full_range,16,8,3,rated,1.2874525221379407,1.8834677437950846
Linear,2,NASA,B0006,NASA:B0006,0.25,16,63,47,98,114,0,51,51,1.0851063829787233,0,0.06234218424348979,0.08752679943658769,1.7703088230061608,1.5989712144027983,linear,Linear,,full_range,16,8,3,rated,1.2874525221379407,1.8834677437950846
Linear,2,NASA,B0006,NASA:B0006,0.5,32,63,31,85,117,0,54,54,1.7419354838709677,0,0.06813349811492053,0.1030915401169604,1.7731143858140959,1.5989712144027983,linear,Linear,,full_range,16,8,3,rated,1.2874525221379407,1.8834677437950846
Linear,2,NASA,B0006,NASA:B0006,0.75,47,63,16,40,87,0,24,24,1.5,0,0.041978130192241656,0.05094729413362458,1.6772551462832335,1.5989712144027983,linear,Linear,,full_range,16,8,3,rated,1.2874525221379407,1.8834677437950846
Linear,3,NASA,B0006,NASA:B0006,0.25,16,63,47,92,108,0,45,45,0.9574468085106383,0,0.06651623211724457,0.08585457658309528,1.7452197132315188,1.5989712144027983,linear,Linear,,full_range,16,8,3,rated,1.2874525221379407,1.8834677437950846
Linear,3,NASA,B0006,NASA:B0006,0.5,32,63,31,92,124,0,61,61,1.967741935483871,0,0.08630560297313819,0.12999350479879115,1.7834717613936486,1.5989712144027983,linear,Linear,,full_range,16,8,3,rated,1.2874525221379407,1.8834677437950846
Linear,3,NASA,B0006,NASA:B0006,0.75,47,63,16,37,84,0,21,21,1.3125,0,0.051711058065477704,0.056388575768475745,1.6689948850176235,1.5989712144027983,linear,Linear,,full_range,16,8,3,rated,1.2874525221379407,1.8834677437950846
Linear,4,NASA,B0006,NASA:B0006,0.25,16,63,47,109,125,0,62,62,1.3191489361702127,0,0.046149573069438364,0.09034406029574932,1.762721852888337,1.5989712144027983,linear,Linear,,full_range,16,8,3,rated,1.2874525221379407,1.8834677437950846
Linear,4,NASA,B0006,NASA:B0006,0.5,32,63,31,93,125,0,62,62,2.0,0,0.057847212036402404,0.10878843727345919,1.7689757311288796,1.5989712144027983,linear,Linear,,full_range,16,8,3,rated,1.2874525221379407,1.8834677437950846
Linear,4,NASA,B0006,NASA:B0006,0.75,47,63,16,53,100,0,37,37,2.3125,0,0.06185920899993139,0.06414073816178326,1.6744346391354015,1.5989712144027983,linear,Linear,,full_range,16,8,3,rated,1.2874525221379407,1.8834677437950846
Persistence,0,NASA,B0006,NASA:B0006,0.25,16,63,47,141,157,1,94,94,2.0,0,0.05191452332537264,0.14370801837287367,1.8891989948061458,1.5989712144027983,baseline,Persistence,,full_range,16,8,3,rated,1.2874525221379407,1.8834677437950846
Persistence,0,NASA,B0006,NASA:B0006,0.5,32,63,31,141,173,1,110,110,3.5483870967741935,0,0.08370117150370879,0.16807652845364984,1.8822317526092551,1.5989712144027983,baseline,Persistence,,full_range,16,8,3,rated,1.2874525221379407,1.8834677437950846
Persistence,0,NASA,B0006,NASA:B0006,0.75,47,63,16,141,188,1,125,125,7.8125,0,0.06543501843468655,0.06984046609255921,1.7024077813673466,1.5989712144027983,baseline,Persistence,,full_range,16,8,3,rated,1.2874525221379407,1.8834677437950846
LinearTrend,0,NASA,B0006,NASA:B0006,0.25,16,63,47,29,45,0,-18,18,0.3829787234042553,0,0.08643337713049283,0.14895591463517163,1.4095082297464578,1.5989712144027983,baseline,LinearTrend,,full_range,16,8,3,rated,1.2874525221379407,1.8834677437950846
LinearTrend,0,NASA,B0006,NASA:B0006,0.5,32,63,31,141,173,1,110,110,3.5483870967741935,0,0.06733032425487445,0.1365925933161851,1.832177998135876,1.5989712144027983,baseline,LinearTrend,,full_range,16,8,3,rated,1.2874525221379407,1.8834677437950846
LinearTrend,0,NASA,B0006,NASA:B0006,0.75,47,63,16,11,58,0,-5,5,0.3125,0,0.09303305158426173,0.07627996536562395,1.5436052381448597,1.5989712144027983,baseline,LinearTrend,,full_range,16,8,3,rated,1.2874525221379407,1.8834677437950846
DLinear,0,NASA,B0007,NASA:B0007,0.25,24,94,70,52,76,0,-18,18,0.2571428571428571,0,0.035714769843930745,0.0536088523649812,1.5785242298735138,1.5906507821480704,linear,DLinear,,full_range,16,8,3,rated,1.15381833159625,1.979626548250818
DLinear,0,NASA,B0007,NASA:B0007,0.5,47,94,47,38,85,0,-9,9,0.19148936170212766,1,0.030992408742814025,0.026336266026659165,1.5577155877257178,1.5906507821480704,linear,DLinear,,full_range,16,8,3,rated,1.15381833159625,1.979626548250818
DLinear,0,NASA,B0007,NASA:B0007,0.75,70,94,24,17,87,0,-7,7,0.2916666666666667,0,0.004924311372330279,0.02699433149753325,1.5658088862723594,1.5906507821480704,linear,DLinear,,full_range,16,8,3,rated,1.15381833159625,1.979626548250818
DLinear,1,NASA,B0007,NASA:B0007,0.25,24,94,70,53,77,0,-17,17,0.24285714285714285,0,0.04109537156591167,0.05111288562341907,1.5473583277407443,1.5906507821480704,linear,DLinear,,full_range,16,8,3,rated,1.15381833159625,1.979626548250818
DLinear,1,NASA,B0007,NASA:B0007,0.5,47,94,47,38,85,0,-9,9,0.19148936170212766,1,0.03126253889406943,0.025412777141809364,1.5595696523950975,1.5906507821480704,linear,DLinear,,full_range,16,8,3,rated,1.15381833159625,1.979626548250818
DLinear,1,NASA,B0007,NASA:B0007,0.75,70,94,24,17,87,0,-7,7,0.2916666666666667,0,0.0060743535145525935,0.02665460931202587,1.5665205720738826,1.5906507821480704,linear,DLinear,,full_range,16,8,3,rated,1.15381833159625,1.979626548250818
DLinear,2,NASA,B0007,NASA:B0007,0.25,24,94,70,53,77,0,-17,17,0.24285714285714285,0,0.03572538255786134,0.04930338767802075,1.5487804469057138,1.5906507821480704,linear,DLinear,,full_range,16,8,3,rated,1.15381833159625,1.979626548250818
DLinear,2,NASA,B0007,NASA:B0007,0.5,47,94,47,39,86,0,-8,8,0.1702127659574468,1,0.0309922182111458,0.025632092496386743,1.5598909707237376,1.5906507821480704,linear,DLinear,,full_range,16,8,3,rated,1.15381833159625,1.979626548250818
DLinear,2,NASA,B0007,NASA:B0007,0.75,70,94,24,17,87,0,-7,7,0.2916666666666667,0,0.005872763667599546,0.02693863520886386,1.5656171467406308,1.5906507821480704,linear,DLinear,,full_range,16,8,3,rated,1.15381833159625,1.979626548250818
DLinear,3,NASA,B0007,NASA:B0007,0.25,24,94,70,53,77,0,-17,17,0.24285714285714285,0,0.03471764149004877,0.04978683057323952,1.5498051839736837,1.5906507821480704,linear,DLinear,,full_range,16,8,3,rated,1.15381833159625,1.979626548250818
DLinear,3,NASA,B0007,NASA:B0007,0.5,47,94,47,38,85,0,-9,9,0.19148936170212766,1,0.031230646805255665,0.025555831776016825,1.5618072932161569,1.5906507821480704,linear,DLinear,,full_range,16,8,3,rated,1.15381833159625,1.979626548250818
DLinear,3,NASA,B0007,NASA:B0007,0.75,70,94,24,17,87,0,-7,7,0.2916666666666667,0,0.0058825069799914274,0.026549345907151804,1.5671906798438793,1.5906507821480704,linear,DLinear,,full_range,16,8,3,rated,1.15381833159625,1.979626548250818
DLinear,4,NASA,B0007,NASA:B0007,0.25,24,94,70,54,78,0,-16,16,0.22857142857142856,0,0.032928787714078256,0.044903330433423184,1.5545704681380936,1.5906507821480704,linear,DLinear,,full_range,16,8,3,rated,1.15381833159625,1.979626548250818
DLinear,4,NASA,B0007,NASA:B0007,0.5,47,94,47,39,86,0,-8,8,0.1702127659574468,1,0.029957806089719704,0.024136985129047647,1.562993628777005,1.5906507821480704,linear,DLinear,,full_range,16,8,3,rated,1.15381833159625,1.979626548250818
DLinear,4,NASA,B0007,NASA:B0007,0.75,70,94,24,17,87,0,-7,7,0.2916666666666667,0,0.005573704179110864,0.026307009522885845,1.5676628198726377,1.5906507821480704,linear,DLinear,,full_range,16,8,3,rated,1.15381833159625,1.979626548250818
NLinear,0,NASA,B0007,NASA:B0007,0.25,24,94,70,64,88,0,-6,6,0.08571428571428572,1,0.024095192527994438,0.024954711715844975,1.5732384508908484,1.5906507821480704,linear,NLinear,,full_range,16,8,3,rated,1.15381833159625,1.979626548250818
NLinear,0,NASA,B0007,NASA:B0007,0.5,47,94,47,45,92,0,-2,2,0.0425531914893617,1,0.025768887089956338,0.022585773306925568,1.5929586952228116,1.5906507821480704,linear,NLinear,,full_range,16,8,3,rated,1.15381833159625,1.979626548250818
NLinear,0,NASA,B0007,NASA:B0007,0.75,70,94,24,19,89,0,-5,5,0.20833333333333334,0,0.007948197388870624,0.024305582427712146,1.5753200126845106,1.5906507821480704,linear,NLinear,,full_range,16,8,3,rated,1.15381833159625,1.979626548250818
NLinear,1,NASA,B0007,NASA:B0007,0.25,24,94,70,75,99,0,5,5,0.07142857142857142,1,0.019236028554255373,0.02810443345294814,1.616535866304201,1.5906507821480704,linear,NLinear,,full_range,16,8,3,rated,1.15381833159625,1.979626548250818
NLinear,1,NASA,B0007,NASA:B0007,0.5,47,94,47,50,97,0,3,3,0.06382978723404255,1,0.025603781154176566,0.028188449643047665,1.611143581540835,1.5906507821480704,linear,NLinear,,full_range,16,8,3,rated,1.15381833159625,1.979626548250818
NLinear,1,NASA,B0007,NASA:B0007,0.75,70,94,24,19,89,0,-5,5,0.20833333333333334,0,0.008425221666092197,0.02319431119254794,1.585236992141124,1.5906507821480704,linear,NLinear,,full_range,16,8,3,rated,1.15381833159625,1.979626548250818
NLinear,2,NASA,B0007,NASA:B0007,0.25,24,94,70,74,98,0,4,4,0.05714285714285714,1,0.021249277551937406,0.02645762898211721,1.6106780629288895,1.5906507821480704,linear,NLinear,,full_range,16,8,3,rated,1.15381833159625,1.979626548250818
NLinear,2,NASA,B0007,NASA:B0007,0.5,47,94,47,48,95,0,1,1,0.02127659574468085,1,0.024772611687874965,0.02473934450213223,1.600073713416219,1.5906507821480704,linear,NLinear,,full_range,16,8,3,rated,1.15381833159625,1.979626548250818
NLinear,2,NASA,B0007,NASA:B0007,0.75,70,94,24,18,88,0,-6,6,0.25,0,0.008826448520312204,0.024410565184361136,1.5751850454912188,1.5906507821480704,linear,NLinear,,full_range,16,8,3,rated,1.15381833159625,1.979626548250818
NLinear,3,NASA,B0007,NASA:B0007,0.25,24,94,70,64,88,0,-6,6,0.08571428571428572,1,0.02535466787835319,0.024433946016739056,1.5719763768071884,1.5906507821480704,linear,NLinear,,full_range,16,8,3,rated,1.15381833159625,1.979626548250818
NLinear,3,NASA,B0007,NASA:B0007,0.5,47,94,47,45,92,0,-2,2,0.0425531914893617,1,0.026280444207078122,0.02214884385015729,1.5866736696851418,1.5906507821480704,linear,NLinear,,full_range,16,8,3,rated,1.15381833159625,1.979626548250818
NLinear,3,NASA,B0007,NASA:B0007,0.75,70,94,24,18,88,0,-6,6,0.25,0,0.007526675248462508,0.024601981061865646,1.5741049293008134,1.5906507821480704,linear,NLinear,,full_range,16,8,3,rated,1.15381833159625,1.979626548250818
NLinear,4,NASA,B0007,NASA:B0007,0.25,24,94,70,65,89,0,-5,5,0.07142857142857142,1,0.02275290600940094,0.023576717134507305,1.5725800131252643,1.5906507821480704,linear,NLinear,,full_range,16,8,3,rated,1.15381833159625,1.979626548250818
NLinear,4,NASA,B0007,NASA:B0007,0.5,47,94,47,45,92,0,-2,2,0.0425531914893617,1,0.02589965131741021,0.02227823599821237,1.5874573221320112,1.5906507821480704,linear,NLinear,,full_range,16,8,3,rated,1.15381833159625,1.979626548250818
NLinear,4,NASA,B0007,NASA:B0007,0.75,70,94,24,18,88,0,-6,6,0.25,0,0.007058914861011865,0.02391223534071347,1.5735394098191122,1.5906507821480704,linear,NLinear,,full_range,16,8,3,rated,1.15381833159625,1.979626548250818
Linear,0,NASA,B0007,NASA:B0007,0.25,24,94,70,52,76,0,-18,18,0.2571428571428571,0,0.0403502764178689,0.05589088785758293,1.5773438118398613,1.5906507821480704,linear,Linear,,full_range,16,8,3,rated,1.15381833159625,1.979626548250818
Linear,0,NASA,B0007,NASA:B0007,0.5,47,94,47,39,86,0,-8,8,0.1702127659574468,1,0.03053501838254257,0.024887883248462687,1.5610317233638575,1.5906507821480704,linear,Linear,,full_range,16,8,3,rated,1.15381833159625,1.979626548250818
Linear,0,NASA,B0007,NASA:B0007,0.75,70,94,24,17,87,0,-7,7,0.2916666666666667,0,0.00564628227470105,0.02667452790709768,1.5655654278442048,1.5906507821480704,linear,Linear,,full_range,16,8,3,rated,1.15381833159625,1.979626548250818
Linear,1,NASA,B0007,NASA:B0007,0.25,24,94,70,52,76,0,-18,18,0.2571428571428571,0,0.038360207772793954,0.05456473163906919,1.5786038907605375,1.5906507821480704,linear,Linear,,full_range,16,8,3,rated,1.15381833159625,1.979626548250818
Linear,1,NASA,B0007,NASA:B0007,0.5,47,94,47,38,85,0,-9,9,0.19148936170212766,1,0.0316427357769843,0.025732669545435342,1.5601488661706617,1.5906507821480704,linear,Linear,,full_range,16,8,3,rated,1.15381833159625,1.979626548250818
Linear,1,NASA,B0007,NASA:B0007,0.75,70,94,24,17,87,0,-7,7,0.2916666666666667,0,0.005311867270786874,0.02657475268921921,1.5668794489816151,1.5906507821480704,linear,Linear,,full_range,16,8,3,rated,1.15381833159625,1.979626548250818
Linear,2,NASA,B0007,NASA:B0007,0.25,24,94,70,53,77,0,-17,17,0.24285714285714285,0,0.046857991461299445,0.05280795407279289,1.5546150170692463,1.5906507821480704,linear,Linear,,full_range,16,8,3,rated,1.15381833159625,1.979626548250818
Linear,2,NASA,B0007,NASA:B0007,0.5,47,94,47,39,86,0,-8,8,0.1702127659574468,1,0.02984541161168627,0.023866611968205144,1.5660254998068366,1.5906507821480704,linear,Linear,,full_range,16,8,3,rated,1.15381833159625,1.979626548250818
Linear,2,NASA,B0007,NASA:B0007,0.75,70,94,24,17,87,0,-7,7,0.2916666666666667,0,0.007562652530132339,0.02631497047918425,1.5682692960212383,1.5906507821480704,linear,Linear,,full_range,16,8,3,rated,1.15381833159625,1.979626548250818
Linear,3,NASA,B0007,NASA:B0007,0.25,24,94,70,52,76,0,-18,18,0.2571428571428571,0,0.039718186745506485,0.05410553459498114,1.5754681887305504,1.5906507821480704,linear,Linear,,full_range,16,8,3,rated,1.15381833159625,1.979626548250818
Linear,3,NASA,B0007,NASA:B0007,0.5,47,94,47,37,84,0,-10,10,0.2127659574468085,0,0.03153082532570689,0.0277241234628152,1.5535026093358502,1.5906507821480704,linear,Linear,,full_range,16,8,3,rated,1.15381833159625,1.979626548250818
Linear,3,NASA,B0007,NASA:B0007,0.75,70,94,24,16,86,0,-8,8,0.3333333333333333,0,0.005011294721616705,0.028380590833892858,1.5622359959739167,1.5906507821480704,linear,Linear,,full_range,16,8,3,rated,1.15381833159625,1.979626548250818
Linear,4,NASA,B0007,NASA:B0007,0.25,24,94,70,53,77,0,-17,17,0.24285714285714285,0,0.03442806767075897,0.050637731132330506,1.5477392825104015,1.5906507821480704,linear,Linear,,full_range,16,8,3,rated,1.15381833159625,1.979626548250818
Linear,4,NASA,B0007,NASA:B0007,0.5,47,94,47,38,85,0,-9,9,0.19148936170212766,1,0.03156096557491734,0.025778766342445775,1.5584238463129672,1.5906507821480704,linear,Linear,,full_range,16,8,3,rated,1.15381833159625,1.979626548250818
Linear,4,NASA,B0007,NASA:B0007,0.75,70,94,24,17,87,0,-7,7,0.2916666666666667,0,0.004491014143633208,0.026707919210614613,1.5662177733237919,1.5906507821480704,linear,Linear,,full_range,16,8,3,rated,1.15381833159625,1.979626548250818
Persistence,0,NASA,B0007,NASA:B0007,0.25,24,94,70,111,135,1,41,41,0.5857142857142857,0,0.013672174175296807,0.16635173512493726,1.8701995151941375,1.5906507821480704,baseline,Persistence,,full_range,16,8,3,rated,1.15381833159625,1.979626548250818
Persistence,0,NASA,B0007,NASA:B0007,0.5,47,94,47,111,158,1,64,64,1.3617021276595744,0,0.020899056654380965,0.11940158283751301,1.7803268604502753,1.5906507821480704,baseline,Persistence,,full_range,16,8,3,rated,1.15381833159625,1.979626548250818
Persistence,0,NASA,B0007,NASA:B0007,0.75,70,94,24,111,181,1,87,87,3.625,0,0.02562508486898598,0.05389407243842558,1.6732060275966172,1.5906507821480704,baseline,Persistence,,full_range,16,8,3,rated,1.15381833159625,1.979626548250818
LinearTrend,0,NASA,B0007,NASA:B0007,0.25,24,94,70,111,135,1,41,41,0.5857142857142857,0,0.011073188613742891,0.17803620358833333,1.863421102390518,1.5906507821480704,baseline,LinearTrend,,full_range,16,8,3,rated,1.15381833159625,1.979626548250818
LinearTrend,0,NASA,B0007,NASA:B0007,0.5,47,94,47,39,86,0,-8,8,0.1702127659574468,1,0.027684515778975422,0.02475465702576677,1.5571084199143794,1.5906507821480704,baseline,LinearTrend,,full_range,16,8,3,rated,1.15381833159625,1.979626548250818
LinearTrend,0,NASA,B0007,NASA:B0007,0.75,70,94,24,13,83,0,-11,11,0.4583333333333333,0,0.006884102751039678,0.04244446644250858,1.530827208381146,1.5906507821480704,baseline,LinearTrend,,full_range,16,8,3,rated,1.15381833159625,1.979626548250818
DLinear,0,NASA,B0018,NASA:B0018,0.5,30,60,30,24,54,0,-6,6,0.2,1,0.0268319671040456,0.04450150896928341,1.573202990831301,1.5866011820698824,linear,DLinear,,full_range,16,8,3,rated,1.15381833159625,1.979626548250818
DLinear,0,NASA,B0018,NASA:B0018,0.75,45,60,15,1,46,0,-14,14,0.9333333333333333,0,0.09662759064408452,0.08390541877059819,1.5449025579649358,1.5866011820698824,linear,DLinear,,full_range,16,8,3,rated,1.15381833159625,1.979626548250818
DLinear,1,NASA,B0018,NASA:B0018,0.5,30,60,30,23,53,0,-7,7,0.23333333333333334,0,0.026720029637079732,0.04512964188395204,1.571323639201439,1.5866011820698824,linear,DLinear,,full_range,16,8,3,rated,1.15381833159625,1.979626548250818
DLinear,1,NASA,B0018,NASA:B0018,0.75,45,60,15,1,46,0,-14,14,0.9333333333333333,0,0.09702593462551878,0.0845507817764332,1.5453869211039022,1.5866011820698824,linear,DLinear,,full_range,16,8,3,rated,1.15381833159625,1.979626548250818
DLinear,2,NASA,B0018,NASA:B0018,0.5,30,60,30,23,53,0,-7,7,0.23333333333333334,0,0.02575443287945747,0.0453060072945289,1.5704781735840339,1.5866011820698824,linear,DLinear,,full_range,16,8,3,rated,1.15381833159625,1.979626548250818
DLinear,2,NASA,B0018,NASA:B0018,0.75,45,60,15,1,46,0,-14,14,0.9333333333333333,0,0.09630991178943216,0.08389088572783072,1.5429459987862852,1.5866011820698824,linear,DLinear,,full_range,16,8,3,rated,1.15381833159625,1.979626548250818
DLinear,3,NASA,B0018,NASA:B0018,0.5,30,60,30,24,54,0,-6,6,0.2,1,0.026854693284495537,0.04443192820352205,1.5731970157402717,1.5866011820698824,linear,DLinear,,full_range,16,8,3,rated,1.15381833159625,1.979626548250818
DLinear,3,NASA,B0018,NASA:B0018,0.75,45,60,15,1,46,0,-14,14,0.9333333333333333,0,0.09614885162468075,0.08342254633974257,1.5451572706281052,1.5866011820698824,linear,DLinear,,full_range,16,8,3,rated,1.15381833159625,1.979626548250818
DLinear,4,NASA,B0018,NASA:B0018,0.5,30,60,30,24,54,0,-6,6,0.2,1,0.026930728139648735,0.044925687451257884,1.572669567508639,1.5866011820698824,linear,DLinear,,full_range,16,8,3,rated,1.15381833159625,1.979626548250818
DLinear,4,NASA,B0018,NASA:B0018,0.75,45,60,15,1,46,0,-14,14,0.9333333333333333,0,0.09687880680158047,0.08406774664126566,1.5448999902379086,1.5866011820698824,linear,DLinear,,full_range,16,8,3,rated,1.15381833159625,1.979626548250818
NLinear,0,NASA,B0018,NASA:B0018,0.5,30,60,30,25,55,0,-5,5,0.16666666666666666,1,0.02781842944718072,0.04295434559270696,1.5759819939530972,1.5866011820698824,linear,NLinear,,full_range,16,8,3,rated,1.15381833159625,1.979626548250818
NLinear,0,NASA,B0018,NASA:B0018,0.75,45,60,15,1,46,0,-14,14,0.9333333333333333,0,0.09691489348269969,0.08588642936576146,1.533358760202369,1.5866011820698824,linear,NLinear,,full_range,16,8,3,rated,1.15381833159625,1.979626548250818
NLinear,1,NASA,B0018,NASA:B0018,0.5,30,60,30,28,58,0,-2,2,0.06666666666666667,1,0.031329594270642774,0.039041681028495874,1.5894124755242234,1.5866011820698824,linear,NLinear,,full_range,16,8,3,rated,1.15381833159625,1.979626548250818
NLinear,1,NASA,B0018,NASA:B0018,0.75,45,60,15,1,46,0,-14,14,0.9333333333333333,0,0.09401224986609628,0.0805167488616209,1.5424850576136242,1.5866011820698824,linear,NLinear,,full_range,16,8,3,rated,1.15381833159625,1.979626548250818
NLinear,2,NASA,B0018,NASA:B0018,0.5,30,60,30,23,53,0,-7,7,0.23333333333333334,0,0.02668402833701542,0.04528810994579898,1.571707948855329,1.5866011820698824,linear,NLinear,,full_range,16,8,3,rated,1.15381833159625,1.979626548250818
NLinear,2,NASA,B0018,NASA:B0018,0.75,45,60,15,2,47,0,-13,13,0.8666666666666667,0,0.09502748424058896,0.08558427350600632,1.530905663148619,1.5866011820698824,linear,NLinear,,full_range,16,8,3,rated,1.15381833159625,1.979626548250818
NLinear,3,NASA,B0018,NASA:B0018,0.5,30,60,30,24,54,0,-6,6,0.2,1,0.026774199170268152,0.044222185361218726,1.5748288697270143,1.5866011820698824,linear,NLinear,,full_range,16,8,3,rated,1.15381833159625,1.979626548250818
NLinear,3,NASA,B0018,NASA:B0018,0.75,45,60,15,1,46,0,-14,14,0.9333333333333333,0,0.09910212958084343,0.08688412682695369,1.5328701793520878,1.5866011820698824,linear,NLinear,,full_range,16,8,3,rated,1.15381833159625,1.979626548250818
NLinear,4,NASA,B0018,NASA:B0018,0.5,30,60,30,25,55,0,-5,5,0.16666666666666666,1,0.028142917780650756,0.042406892936103294,1.579814975795419,1.5866011820698824,linear,NLinear,,full_range,16,8,3,rated,1.15381833159625,1.979626548250818
NLinear,4,NASA,B0018,NASA:B0018,0.75,45,60,15,1,46,0,-14,14,0.9333333333333333,0,0.09796139990467823,0.08496334463021427,1.545075845368002,1.5866011820698824,linear,NLinear,,full_range,16,8,3,rated,1.15381833159625,1.979626548250818
Linear,0,NASA,B0018,NASA:B0018,0.5,30,60,30,24,54,0,-6,6,0.2,1,0.027838860554613664,0.04380035534516659,1.5727246906523493,1.5866011820698824,linear,Linear,,full_range,16,8,3,rated,1.15381833159625,1.979626548250818
Linear,0,NASA,B0018,NASA:B0018,0.75,45,60,15,3,48,0,-12,12,0.8,0,0.09305574398692136,0.08261490950815845,1.5370945882361433,1.5866011820698824,linear,Linear,,full_range,16,8,3,rated,1.15381833159625,1.979626548250818
Linear,1,NASA,B0018,NASA:B0018,0.5,30,60,30,25,55,0,-5,5,0.16666666666666666,1,0.031096961487863135,0.04183796305447639,1.5800264666808335,1.5866011820698824,linear,Linear,,full_range,16,8,3,rated,1.15381833159625,1.979626548250818
Linear,1,NASA,B0018,NASA:B0018,0.75,45,60,15,4,49,0,-11,11,0.7333333333333333,0,0.08880549094282132,0.07680324938227423,1.5490031106320044,1.5866011820698824,linear,Linear,,full_range,16,8,3,rated,1.15381833159625,1.979626548250818
Linear,2,NASA,B0018,NASA:B0018,0.5,30,60,30,22,52,0,-8,8,0.26666666666666666,0,0.02698391103473565,0.04655460192670783,1.5690758919673233,1.5866011820698824,linear,Linear,,full_range,16,8,3,rated,1.15381833159625,1.979626548250818
Linear,2,NASA,B0018,NASA:B0018,0.75,45,60,15,4,49,0,-11,11,0.7333333333333333,0,0.09025734527470039,0.0802760260148414,1.5416702582722364,1.5866011820698824,linear,Linear,,full_range,16,8,3,rated,1.15381833159625,1.979626548250818
Linear,3,NASA,B0018,NASA:B0018,0.5,30,60,30,23,53,0,-7,7,0.23333333333333334,0,0.025649742184092134,0.04554519074802501,1.5698191073750087,1.5866011820698824,linear,Linear,,full_range,16,8,3,rated,1.15381833159625,1.979626548250818
Linear,3,NASA,B0018,NASA:B0018,0.75,45,60,15,3,48,0,-12,12,0.8,0,0.09429742070046727,0.08293189013131284,1.5357155333213255,1.5866011820698824,linear,Linear,,full_range,16,8,3,rated,1.15381833159625,1.979626548250818
Linear,4,NASA,B0018,NASA:B0018,0.5,30,60,30,24,54,0,-6,6,0.2,1,0.027845385215990264,0.042964270668472776,1.5769385894293901,1.5866011820698824,linear,Linear,,full_range,16,8,3,rated,1.15381833159625,1.979626548250818
Linear,4,NASA,B0018,NASA:B0018,0.75,45,60,15,1,46,0,-14,14,0.9333333333333333,0,0.09578561698332365,0.08385443878772215,1.5456608966013863,1.5866011820698824,linear,Linear,,full_range,16,8,3,rated,1.15381833159625,1.979626548250818
Persistence,0,NASA,B0018,NASA:B0018,0.5,30,60,30,141,171,1,111,111,3.7,0,0.046551684653919775,0.06038136711836001,1.6940366439243106,1.5866011820698824,baseline,Persistence,,full_range,16,8,3,rated,1.15381833159625,1.979626548250818
Persistence,0,NASA,B0018,NASA:B0018,0.75,45,60,15,1,46,0,-14,14,0.9333333333333333,0,0.08773502130071102,0.0685590717732536,1.5954638693695657,1.5866011820698824,baseline,Persistence,,full_range,16,8,3,rated,1.15381833159625,1.979626548250818
LinearTrend,0,NASA,B0018,NASA:B0018,0.5,30,60,30,21,51,0,-9,9,0.3,0,0.025193147173845562,0.05030507530752236,1.5548539126363783,1.5866011820698824,baseline,LinearTrend,,full_range,16,8,3,rated,1.15381833159625,1.979626548250818
LinearTrend,0,NASA,B0018,NASA:B0018,0.75,45,60,15,2,47,0,-13,13,0.8666666666666667,0,0.09461596378790502,0.08626051778991142,1.5309958353560822,1.5866011820698824,baseline,LinearTrend,,full_range,16,8,3,rated,1.15381833159625,1.979626548250818
