Time	Status code	Status category	Status color	Pgm code	Pgm step	Pgm para	Pgm cycle	mV	mA	Temperature	Duration	Charge count	Discharge count	Capacity	Analog input 1	Analog input 2	Analog input 3	Analog input 4	Digital input 1	Digital input 2	Digital input 3	Digital input 4	Digital output 1	Digital output 2	Digital output 3	Digital output 4	Analog output 1	Analog output 2	
0.000000	8	3	3	0	1	2	2	3772	617	27	3	1	0	0	0	0	0	0	0	0	0	0	0	0	0	0	0	0	
0.482400	8	3	3	0	1	2	2	3800	674	27	32	1	0	0	0	0	0	0	0	0	0	0	0	0	0	0	0	0	
1.496167	8	3	3	0	1	2	2	3811	675	27	93	1	0	0	0	0	0	0	0	0	0	0	0	0	0	0	0	0	
2.492633	8	3	3	0	1	2	2	3818	675	28	153	1	0	0	0	0	0	0	0	0	0	0	0	0	0	0	0	0	
3.487683	8	3	3	0	1	2	2	3823	673	28	212	1	0	0	0	0	0	0	0	0	0	0	0	0	0	0	0	0	
4.484167	8	3	3	0	1	2	2	3838	675	28	272	1	0	0	0	0	0	0	0	0	0	0	0	0	0	0	0	0	
5.497917	8	3	3	0	1	2	2	3834	674	28	333	1	0	0	0	0	0	0	0	0	0	0	0	0	0	0	0	0	
6.482883	8	3	3	0	1	2	2	3840	674	29	392	1	0	0	0	0	0	0	0	0	0	0	0	0	0	0	0	0	
7.483683	8	3	3	0	1	2	2	3846	675	29	452	1	0	0	0	0	0	0	0	0	0	0	0	0	0	0	0	0	
8.497433	8	3	3	0	1	2	2	3849	674	28	513	1	0	0	0	0	0	0	0	0	0	0	0	0	0	0	0	0	
9.493917	8	3	3	0	1	2	2	3854	674	26	573	1	0	0	0	0	0	0	0	0	0	0	0	0	0	0	0	0	
10.486083	8	3	3	0	1	2	2	3859	675	25	632	1	0	0	0	0	0	0	0	0	0	0	0	0	0	0	0	0	
11.488317	8	3	3	0	1	2	2	3865	674	25	692	1	0	0	0	0	0	0	0	0	0	0	0	0	0	0	0	0	
12.486233	8	3	3	0	1	2	2	3871	675	25	752	1	0	0	0	0	0	0	0	0	0	0	0	0	0	0	0	0	
13.481283	8	3	3	0	1	2	2	3877	679	25	812	1	0	0	0	0	0	0	0	0	0	0	0	0	0	0	0	0	
14.499367	8	3	3	0	1	2	2	3881	675	24	873	1	0	0	0	0	0	0	0	0	0	0	0	0	0	0	0	0	
15.485767	8	3	3	0	1	2	2	3886	674	24	932	1	0	0	0	0	0	0	0	0	0	0	0	0	0	0	0	0	
16.490883	8	3	3	0	1	2	2	3889	675	24	992	1	0	0	0	0	0	0	0	0	0	0	0	0	0	0	0	0	
17.488800	8	3	3	0	1	2	2	3893	674	24	1052	1	0	0	0	0	0	0	0	0	0	0	0	0	0	0	0	0	
18.488167	8	3	3	0	1	2	2	3896	675	24	1112	1	0	0	0	0	0	0	0	0	0	0	0	0	0	0	0	0	
19.483200	8	3	3	0	1	2	2	3898	674	24	1172	1	0	0	0	0	0	0	0	0	0	0	0	0	0	0	0	0	
20.495517	8	3	3	0	1	2	2	3901	673	24	1233	1	0	0	0	0	0	0	0	0	0	0	0	0	0	0	0	0	
21.494883	8	3	3	0	1	2	2	3903	675	24	1293	1	0	0	0	0	0	0	0	0	0	0	0	0	0	0	0	0	
22.489917	8	3	3	0	1	2	2	3905	675	24	1352	1	0	0	0	0	0	0	0	0	0	0	0	0	0	0	0	0	
23.486400	8	3	3	0	1	2	2	3907	675	24	1412	1	0	0	0	0	0	0	0	0	0	0	0	0	0	0	0	0	
24.494400	8	3	3	0	1	2	2	3909	674	24	1473	1	0	0	0	0	0	0	0	0	0	0	0	0	0	0	0	0	
25.489433	8	3	3	0	1	2	2	3919	674	24	1532	1	0	0	0	0	0	0	0	0	0	0	0	0	0	0	0	0	
26.493117	8	3	3	0	1	2	2	3919	675	24	1592	1	0	0	0	0	0	0	0	0	0	0	0	0	0	0	0	0	
27.498233	8	3	3	0	1	2	2	3921	675	24	1653	1	0	0	0	0	0	0	0	0	0	0	0	0	0	0	0	0	
28.481767	8	3	3	0	1	2	2	3923	674	24	1712	1	0	0	0	0	0	0	0	0	0	0	0	0	0	0	0	0	
29.501283	8	3	3	0	1	2	2	3925	675	24	1773	1	0	0	0	0	0	0	0	0	0	0	0	0	0	0	0	0	
30.497767	8	3	3	0	1	2	2	3926	673	24	1833	1	0	0	0	0	0	0	0	0	0	0	0	0	0	0	0	0	
31.494233	8	3	3	0	1	2	2	3929	674	24	1893	1	0	0	0	0	0	0	0	0	0	0	0	0	0	0	0	0	
32.490717	8	3	3	0	1	2	2	3931	674	24	1952	1	0	0	0	0	0	0	0	0	0	0	0	0	0	0	0	0	
33.500167	8	3	3	0	1	2	2	3934	674	24	2013	1	0	0	0	0	0	0	0	0	0	0	0	0	0	0	0	0	
34.485117	8	3	3	0	1	2	2	3936	675	24	2072	1	0	0	0	0	0	0	0	0	0	0	0	0	0	0	0	0	
35.484483	8	3	3	0	1	2	2	3939	675	24	2132	1	0	0	0	0	0	0	0	0	0	0	0	0	0	0	0	0	
36.482400	8	3	3	0	1	2	2	3941	674	24	2192	1	0	0	0	0	0	0	0	0	0	0	0	0	0	0	0	0	
37.493283	8	3	3	0	1	2	2	3944	675	24	2252	1	0	0	0	0	0	0	0	0	0	0	0	0	0	0	0	0	
38.495517	8	3	3	0	1	2	2	3946	675	24	2313	1	0	0	0	0	0	0	0	0	0	0	0	0	0	0	0	0	
39.492000	8	3	3	0	1	2	2	3949	675	24	2372	1	0	0	0	0	0	0	0	0	0	0	0	0	0	0	0	0	
40.484167	8	3	3	0	1	2	2	3951	675	24	2432	1	0	0	0	0	0	0	0	0	0	0	0	0	0	0	0	0	
41.502233	8	3	3	0	1	2	2	3954	674	24	2493	1	0	0	0	0	0	0	0	0	0	0	0	0	0	0	0	0	
42.491517	8	3	3	0	1	2	2	3957	675	24	2552	1	0	0	0	0	0	0	0	0	0	0	0	0	0	0	0	0	
43.498083	8	3	3	0	1	2	2	3960	674	24	2613	1	0	0	0	0	0	0	0	0	0	0	0	0	0	0	0	0	
44.500317	8	3	3	0	1	2	2	3963	675	24	2673	1	0	0	0	0	0	0	0	0	0	0	0	0	0	0	0	0	
45.486717	8	3	3	0	1	2	2	3965	675	24	2732	1	0	0	0	0	0	0	0	0	0	0	0	0	0	0	0	0	
46.501917	8	3	3	0	1	2	2	3969	674	24	2793	1	0	0	0	0	0	0	0	0	0	0	0	0	0	0	0	0	
47.499833	8	3	3	0	1	2	2	3971	674	24	2853	1	0	0	0	0	0	0	0	0	0	0	0	0	0	0	0	0	
48.500633	8	3	3	0	1	2	2	3975	674	24	2913	1	0	0	0	0	0	0	0	0	0	0	0	0	0	0	0	0	
49.495683	8	3	3	0	1	2	2	3978	674	24	2973	1	0	0	0	0	0	0	0	0	0	0	0	0	0	0	0	0	
50.492167	8	3	3	0	1	2	2	3981	674	24	3032	1	0	0	0	0	0	0	0	0	0	0	0	0	0	0	0	0	
51.488633	8	3	3	0	1	2	2	3984	674	24	3092	1	0	0	0	0	0	0	0	0	0	0	0	0	0	0	0	0	
52.502400	8	3	3	0	1	2	2	3988	675	24	3153	1	0	0	0	0	0	0	0	0	0	0	0	0	0	0	0	0	
53.494567	8	3	3	0	1	2	2	3992	675	24	3213	1	0	0	0	0	0	0	0	0	0	0	0	0	0	0	0	0	
54.496800	8	3	3	0	1	2	2	3996	675	24	3273	1	0	0	0	0	0	0	0	0	0	0	0	0	0	0	0	0	
55.493283	8	3	3	0	1	2	2	3999	674	24	3332	1	0	0	0	0	0	0	0	0	0	0	0	0	0	0	0	0	
56.494083	8	3	3	0	1	2	2	4003	675	24	3392	1	0	0	0	0	0	0	0	0	0	0	0	0	0	0	0	0	
57.500633	8	3	3	0	1	2	2	4007	674	24	3453	1	0	0	0	0	0	0	0	0	0	0	0	0	0	0	0	0	
58.497117	8	3	3	0	1	2	2	4011	675	24	3513	1	0	0	0	0	0	0	0	0	0	0	0	0	0	0	0	0	
59.493600	8	3	3	0	1	2	2	4015	674	24	3572	1	0	0	0	0	0	0	0	0	0	0	0	0	0	0	0	0	
60.491517	8	3	3	0	1	2	2	4020	674	24	3632	1	0	0	0	0	0	0	0	0	0	0	0	0	0	0	0	0	
61.500967	8	3	3	0	1	2	2	4024	674	24	3693	1	0	0	0	0	0	0	0	0	0	0	0	0	0	0	0	0	
62.487367	8	3	3	0	1	2	2	4028	674	24	3752	1	0	0	0	0	0	0	0	0	0	0	0	0	0	0	0	0	
63.501117	8	3	3	0	1	2	2	4033	675	24	3813	1	0	0	0	0	0	0	0	0	0	0	0	0	0	0	0	0	
64.497600	8	3	3	0	1	2	2	4037	674	24	3873	1	0	0	0	0	0	0	0	0	0	0	0	0	0	0	0	0	
65.499833	8	3	3	0	1	2	2	4042	675	24	3933	1	0	0	0	0	0	0	0	0	0	0	0	0	0	0	0	0	
66.494883	8	3	3	0	1	2	2	4046	675	24	3992	1	0	0	0	0	0	0	0	0	0	0	0	0	0	0	0	0	
67.491367	8	3	3	0	1	2	2	4051	674	24	4052	1	0	0	0	0	0	0	0	0	0	0	0	0	0	0	0	0	
68.484967	8	3	3	0	1	2	2	4056	675	24	4112	1	0	0	0	0	0	0	0	0	0	0	0	0	0	0	0	0	
69.487200	8	3	3	0	1	2	2	4060	674	24	4172	1	0	0	0	0	0	0	0	0	0	0	0	0	0	0	0	0	
70.498083	8	3	3	0	1	2	2	4065	674	24	4233	1	0	0	0	0	0	0	0	0	0	0	0	0	0	0	0	0	
71.501767	8	3	3	0	1	2	2	4071	675	24	4293	1	0	0	0	0	0	0	0	0	0	0	0	0	0	0	0	0	
72.493917	8	3	3	0	1	2	2	4076	674	24	4352	1	0	0	0	0	0	0	0	0	0	0	0	0	0	0	0	0	
73.499033	8	3	3	0	1	2	2	4081	675	24	4413	1	0	0	0	0	0	0	0	0	0	0	0	0	0	0	0	0	
74.494083	8	3	3	0	1	2	2	4086	675	24	4472	1	0	0	0	0	0	0	0	0	0	0	0	0	0	0	0	0	
75.496317	8	3	3	0	1	2	2	4091	675	24	4533	1	0	0	0	0	0	0	0	0	0	0	0	0	0	0	0	0	
76.498567	8	3	3	0	1	2	2	4097	674	24	4593	1	0	0	0	0	0	0	0	0	0	0	0	0	0	0	0	0	
77.496483	8	3	3	0	1	2	2	4102	673	24	4652	1	0	0	0	0	0	0	0	0	0	0	0	0	0	0	0	0	
78.491517	8	3	3	0	1	2	2	4108	674	24	4712	1	0	0	0	0	0	0	0	0	0	0	0	0	0	0	0	0	
79.490883	8	3	3	0	1	2	2	4113	675	24	4772	1	0	0	0	0	0	0	0	0	0	0	0	0	0	0	0	0	
80.484483	8	3	3	0	1	2	2	4118	669	24	4832	1	0	0	0	0	0	0	0	0	0	0	0	0	0	0	0	0	
81.501117	8	3	3	0	1	2	2	4124	667	24	4893	1	0	0	0	0	0	0	0	0	0	0	0	0	0	0	0	0	
82.496167	8	3	3	0	1	2	2	4129	667	24	4952	1	0	0	0	0	0	0	0	0	0	0	0	0	0	0	0	0	
83.492633	8	3	3	0	1	2	2	4135	665	24	5012	1	0	0	0	0	0	0	0	0	0	0	0	0	0	0	0	0	
84.496317	8	3	3	0	1	2	2	4142	665	24	5073	1	0	0	0	0	0	0	0	0	0	0	0	0	0	0	0	0	
85.500000	8	3	3	0	1	2	2	4147	663	24	5133	1	0	0	0	0	0	0	0	0	0	0	0	0	0	0	0	0	
86.496483	8	3	3	0	1	2	2	4154	663	24	5193	1	0	0	0	0	0	0	0	0	0	0	0	0	0	0	0	0	
87.491517	8	3	3	0	1	2	2	4160	661	24	5252	1	0	0	0	0	0	0	0	0	0	0	0	0	0	0	0	0	
88.495200	8	3	3	0	1	2	2	4166	661	24	5312	1	0	0	0	0	0	0	0	0	0	0	0	0	0	0	0	0	
89.490233	8	3	3	0	1	2	2	4173	660	24	5372	1	0	0	0	0	0	0	0	0	0	0	0	0	0	0	0	0	
90.492483	8	3	3	0	1	2	2	4179	659	24	5432	1	0	0	0	0	0	0	0	0	0	0	0	0	0	0	0	0	
91.509117	8	3	3	0	1	2	2	4186	659	24	5493	1	0	0	0	0	0	0	0	0	0	0	0	0	0	0	0	0	
92.505600	8	3	3	0	1	2	2	4193	657	24	5553	1	0	0	0	0	0	0	0	0	0	0	0	0	0	0	0	0	
93.499200	8	3	3	0	1	2	2	4200	656	24	5613	1	0	0	0	0	0	0	0	0	0	0	0	0	0	0	0	0	
94.498567	8	3	3	0	1	2	2	4207	655	24	5673	1	0	0	0	0	0	0	0	0	0	0	0	0	0	0	0	0	
95.497917	8	3	3	0	1	2	2	4210	627	24	5732	1	0	0	0	0	0	0	0	0	0	0	0	0	0	0	0	0	
96.501600	8	3	3	0	1	2	2	4210	593	24	5793	1	0	0	0	0	0	0	0	0	0	0	0	0	0	0	0	0	
97.488000	8	3	3	0	1	2	2	4210	563	24	5852	1	0	0	0	0	0	0	0	0	0	0	0	0	0	0	0	0	
98.500317	8	3	3	0	1	2	2	4210	534	24	5913	1	0	0	0	0	0	0	0	0	0	0	0	0	0	0	0	0	
99.502567	8	3	3	0	1	2	2	4210	508	24	5973	1	0	0	0	0	0	0	0	0	0	0	0	0	0	0	0	0	
100.499033	8	3	3	0	1	2	2	4210	484	24	6032	1	0	0	0	0	0	0	0	0	0	0	0	0	0	0	0	0	
101.494083	8	3	3	0	1	2	2	4210	459	24	6092	1	0	0	0	0	0	0	0	0	0	0	0	0	0	0	0	0	
102.490567	8	3	3	0	1	2	2	4210	437	24	6152	1	0	0	0	0	0	0	0	0	0	0	0	0	0	0	0	0	
103.504317	8	3	3	0	1	2	2	4210	415	24	6213	1	0	0	0	0	0	0	0	0	0	0	0	0	0	0	0	0	
104.499367	8	3	3	0	1	2	2	4210	394	24	6273	1	0	0	0	0	0	0	0	0	0	0	0	0	0	0	0	0	
105.495833	8	3	3	0	1	2	2	4210	376	24	6332	1	0	0	0	0	0	0	0	0	0	0	0	0	0	0	0	0	
106.499517	8	3	3	0	1	2	2	4210	358	24	6393	1	0	0	0	0	0	0	0	0	0	0	0	0	0	0	0	0	
107.496000	8	3	3	0	1	2	2	4210	340	24	6452	1	0	0	0	0	0	0	0	0	0	0	0	0	0	0	0	0	
108.504000	8	3	3	0	1	2	2	4210	323	24	6513	1	0	0	0	0	0	0	0	0	0	0	0	0	0	0	0	0	
109.506233	8	3	3	0	1	2	2	4210	307	24	6573	1	0	0	0	0	0	0	0	0	0	0	0	0	0	0	0	0	
110.501283	8	3	3	0	1	2	2	4210	292	24	6633	1	0	0	0	0	0	0	0	0	0	0	0	0	0	0	0	0	
111.499200	8	3	3	0	1	2	2	4210	278	24	6693	1	0	0	0	0	0	0	0	0	0	0	0	0	0	0	0	0	
112.500000	8	3	3	0	1	2	2	4210	265	24	6753	1	0	0	0	0	0	0	0	0	0	0	0	0	0	0	0	0	
113.497917	8	3	3	0	1	2	2	4210	252	24	6812	1	0	0	0	0	0	0	0	0	0	0	0	0	0	0	0	0	
114.497283	8	3	3	0	1	2	2	4210	241	24	6872	1	0	0	0	0	0	0	0	0	0	0	0	0	0	0	0	0	
115.495200	8	3	3	0	1	2	2	4210	228	24	6932	1	0	0	0	0	0	0	0	0	0	0	0	0	0	0	0	0	
116.491683	8	3	3	0	1	2	2	4210	218	24	6992	1	0	0	0	0	0	0	0	0	0	0	0	0	0	0	0	0	
117.506883	8	3	3	0	1	2	2	4210	208	24	7053	1	0	0	0	0	0	0	0	0	0	0	0	0	0	0	0	0	
118.503367	8	3	3	0	1	2	2	4210	199	24	7113	1	0	0	0	0	0	0	0	0	0	0	0	0	0	0	0	0	
119.499833	8	3	3	0	1	2	2	4210	189	24	7172	1	0	0	0	0	0	0	0	0	0	0	0	0	0	0	0	0	
120.493433	8	3	3	0	1	2	2	4210	180	24	7232	1	0	0	0	0	0	0	0	0	0	0	0	0	0	0	0	0	
121.497117	8	3	3	0	1	2	2	4210	172	24	7292	1	0	0	0	0	0	0	0	0	0	0	0	0	0	0	0	0	
122.493600	8	3	3	0	1	2	2	4210	165	24	7352	1	0	0	0	0	0	0	0	0	0	0	0	0	0	0	0	0	
123.507367	8	3	3	0	1	2	2	4210	158	24	7413	1	0	0	0	0	0	0	0	0	0	0	0	0	0	0	0	0	
124.506717	8	3	3	0	1	2	2	4210	150	24	7473	1	0	0	0	0	0	0	0	0	0	0	0	0	0	0	0	0	
125.500317	8	3	3	0	1	2	2	4210	144	24	7533	1	0	0	0	0	0	0	0	0	0	0	0	0	0	0	0	0	
126.491033	8	3	3	0	1	2	2	4209	137	24	7592	1	0	0	0	0	0	0	0	0	0	0	0	0	0	0	0	0	
127.496167	8	3	3	0	1	2	2	4210	131	24	7652	1	0	0	0	0	0	0	0	0	0	0	0	0	0	0	0	0	
128.489767	8	3	3	0	1	2	2	4210	125	24	7712	1	0	0	0	0	0	0	0	0	0	0	0	0	0	0	0	0	
129.489117	8	3	3	0	1	2	2	4210	121	24	7772	1	0	0	0	0	0	0	0	0	0	0	0	0	0	0	0	0	
130.504317	8	3	3	0	1	2	2	4210	116	24	7833	1	0	0	0	0	0	0	0	0	0	0	0	0	0	0	0	0	
131.500800	8	3	3	0	1	2	2	4210	111	24	7892	1	0	0	0	0	0	0	0	0	0	0	0	0	0	0	0	0	
132.494400	8	3	3	0	1	2	2	4210	106	24	7952	1	0	0	0	0	0	0	0	0	0	0	0	0	0	0	0	0	
133.493767	8	3	3	0	1	2	2	4210	102	24	8012	1	0	0	0	0	0	0	0	0	0	0	0	0	0	0	0	0	
134.508967	8	3	3	0	1	2	2	4210	99	24	8073	1	0	0	0	0	0	0	0	0	0	0	0	0	0	0	0	0	
135.506883	8	3	3	0	1	2	2	4210	95	24	8133	1	0	0	0	0	0	0	0	0	0	0	0	0	0	0	0	0	
136.491833	8	3	3	0	1	2	2	4210	90	24	8192	1	0	0	0	0	0	0	0	0	0	0	0	0	0	0	0	0	
137.496967	8	3	3	0	1	2	2	4210	87	24	8252	1	0	0	0	0	0	0	0	0	0	0	0	0	0	0	0	0	
138.503517	8	3	3	0	1	2	2	4210	84	24	8313	1	0	0	0	0	0	0	0	0	0	0	0	0	0	0	0	0	
139.494233	8	3	3	0	1	2	2	4210	80	24	8372	1	0	0	0	0	0	0	0	0	0	0	0	0	0	0	0	0	
140.508000	8	3	3	0	1	2	2	4210	75	24	8433	1	0	0	0	0	0	0	0	0	0	0	0	0	0	0	0	0	
141.500167	8	3	3	0	1	2	2	4210	74	24	8492	1	0	0	0	0	0	0	0	0	0	0	0	0	0	0	0	0	
142.502400	8	3	3	0	1	2	2	4210	72	24	8553	1	0	0	0	0	0	0	0	0	0	0	0	0	0	0	0	0	
143.508967	8	3	3	0	1	2	2	4210	67	24	8613	1	0	0	0	0	0	0	0	0	0	0	0	0	0	0	0	0	
144.175683	8	6	3	0	2	7	1	4190	-133	24	8653	1	1	0	0	0	0	0	0	0	0	0	0	0	0	0	0	0	
144.506883	8	6	3	0	2	7	1	4089	-672	24	8673	1	1	0	0	0	0	0	0	0	0	0	0	0	0	0	0	0	
145.501917	8	6	3	0	2	7	1	4062	-674	24	8732	1	1	1	0	0	0	0	0	0	0	0	0	0	0	0	0	0	
146.498400	8	6	3	0	2	7	1	4047	-675	24	8792	1	1	1	0	0	0	0	0	0	0	0	0	0	0	0	0	0	
147.493433	8	6	3	0	2	7	1	4036	-676	24	8852	1	1	2	0	0	0	0	0	0	0	0	0	0	0	0	0	0	
148.508633	8	6	3	0	2	7	1	4026	-675	24	8913	1	1	3	0	0	0	0	0	0	0	0	0	0	0	0	0	0	
149.503683	8	6	3	0	2	7	1	4016	-673	24	8973	1	1	4	0	0	0	0	0	0	0	0	0	0	0	0	0	0	
150.500167	8	6	3	0	2	7	1	4008	-675	24	9032	1	1	5	0	0	0	0	0	0	0	0	0	0	0	0	0	0	
151.495200	8	6	3	0	2	7	1	4000	-674	24	9092	1	1	6	0	0	0	0	0	0	0	0	0	0	0	0	0	0	
152.508967	8	6	3	0	2	7	1	3991	-676	24	9153	1	1	6	0	0	0	0	0	0	0	0	0	0	0	0	0	0	
153.505433	8	6	3	0	2	7	1	3982	-675	24	9213	1	1	7	0	0	0	0	0	0	0	0	0	0	0	0	0	0	
154.501917	8	6	3	0	2	7	1	3974	-674	24	9272	1	1	8	0	0	0	0	0	0	0	0	0	0	0	0	0	0	
155.494083	8	6	3	0	2	7	1	3966	-675	24	9332	1	1	9	0	0	0	0	0	0	0	0	0	0	0	0	0	0	
156.499200	8	6	3	0	2	7	1	3958	-675	24	9392	1	1	10	0	0	0	0	0	0	0	0	0	0	0	0	0	0	
157.505767	8	6	3	0	2	7	1	3950	-675	24	9453	1	1	10	0	0	0	0	0	0	0	0	0	0	0	0	0	0	
158.509433	8	6	3	0	2	7	1	3942	-675	24	9513	1	1	11	0	0	0	0	0	0	0	0	0	0	0	0	0	0	
159.497283	8	6	3	0	2	7	1	3935	-675	24	9572	1	1	12	0	0	0	0	0	0	0	0	0	0	0	0	0	0	
160.500967	8	6	3	0	2	7	1	3927	-674	24	9632	1	1	13	0	0	0	0	0	0	0	0	0	0	0	0	0	0	
161.508967	8	6	3	0	2	7	1	3920	-675	24	9693	1	1	14	0	0	0	0	0	0	0	0	0	0	0	0	0	0	
162.493917	8	6	3	0	2	7	1	3912	-675	24	9752	1	1	15	0	0	0	0	0	0	0	0	0	0	0	0	0	0	
163.500483	8	6	3	0	2	7	1	3904	-674	24	9812	1	1	15	0	0	0	0	0	0	0	0	0	0	0	0	0	0	
164.505600	8	6	3	0	2	7	1	3897	-676	24	9873	1	1	16	0	0	0	0	0	0	0	0	0	0	0	0	0	0	
165.492000	8	6	3	0	2	7	1	3890	-674	24	9932	1	1	17	0	0	0	0	0	0	0	0	0	0	0	0	0	0	
166.498567	8	6	3	0	2	7	1	3883	-673	24	9992	1	1	18	0	0	0	0	0	0	0	0	0	0	0	0	0	0	
167.503683	8	6	3	0	2	7	1	3876	-674	24	10052	1	1	19	0	0	0	0	0	0	0	0	0	0	0	0	0	0	
168.510233	8	6	3	0	2	7	1	3869	-675	24	10113	1	1	20	0	0	0	0	0	0	0	0	0	0	0	0	0	0	
169.495200	8	6	3	0	2	7	1	3862	-677	24	10172	1	1	20	0	0	0	0	0	0	0	0	0	0	0	0	0	0	
170.501767	8	6	3	0	2	7	1	3856	-676	24	10232	1	1	21	0	0	0	0	0	0	0	0	0	0	0	0	0	0	
171.505433	8	6	3	0	2	7	1	3849	-674	24	10293	1	1	22	0	0	0	0	0	0	0	0	0	0	0	0	0	0	
172.510567	8	6	3	0	2	7	1	3843	-676	24	10353	1	1	23	0	0	0	0	0	0	0	0	0	0	0	0	0	0	
173.496967	8	6	3	0	2	7	1	3837	-674	24	10412	1	1	24	0	0	0	0	0	0	0	0	0	0	0	0	0	0	
174.503517	8	6	3	0	2	7	1	3830	-676	24	10472	1	1	25	0	0	0	0	0	0	0	0	0	0	0	0	0	0	
175.508633	8	6	3	0	2	7	1	3824	-675	24	10533	1	1	25	0	0	0	0	0	0	0	0	0	0	0	0	0	0	
176.495033	8	6	3	0	2	7	1	3818	-675	24	10592	1	1	26	0	0	0	0	0	0	0	0	0	0	0	0	0	0	
177.500167	8	6	3	0	2	7	1	3813	-676	24	10652	1	1	27	0	0	0	0	0	0	0	0	0	0	0	0	0	0	
178.506717	8	6	3	0	2	7	1	3807	-675	24	10713	1	1	28	0	0	0	0	0	0	0	0	0	0	0	0	0	0	
179.510400	8	6	3	0	2	7	1	3801	-674	24	10773	1	1	29	0	0	0	0	0	0	0	0	0	0	0	0	0	0	
180.498233	8	6	3	0	2	7	1	3795	-674	24	10832	1	1	29	0	0	0	0	0	0	0	0	0	0	0	0	0	0	
181.503367	8	6	3	0	2	7	1	3790	-675	24	10892	1	1	30	0	0	0	0	0	0	0	0	0	0	0	0	0	0	
182.508483	8	6	3	0	2	7	1	3784	-675	24	10953	1	1	31	0	0	0	0	0	0	0	0	0	0	0	0	0	0	
183.499200	8	6	3	0	2	7	1	3779	-676	24	11012	1	1	32	0	0	0	0	0	0	0	0	0	0	0	0	0	0	
184.500000	8	6	3	0	2	7	1	3774	-675	24	11072	1	1	33	0	0	0	0	0	0	0	0	0	0	0	0	0	0	
185.495033	8	6	3	0	2	7	1	3769	-675	24	11132	1	1	34	0	0	0	0	0	0	0	0	0	0	0	0	0	0	
186.511683	8	6	3	0	2	7	1	3764	-673	24	11193	1	1	34	0	0	0	0	0	0	0	0	0	0	0	0	0	0	
187.505283	8	6	3	0	2	7	1	3759	-675	24	11253	1	1	35	0	0	0	0	0	0	0	0	0	0	0	0	0	0	
188.500317	8	6	3	0	2	7	1	3754	-675	24	11312	1	1	36	0	0	0	0	0	0	0	0	0	0	0	0	0	0	
189.499683	8	6	3	0	2	7	1	3749	-674	24	11372	1	1	37	0	0	0	0	0	0	0	0	0	0	0	0	0	0	
190.506233	8	6	3	0	2	7	1	3744	-675	24	11433	1	1	38	0	0	0	0	0	0	0	0	0	0	0	0	0	0	
191.509917	8	6	3	0	2	7	1	3739	-675	24	11493	1	1	39	0	0	0	0	0	0	0	0	0	0	0	0	0	0	
192.506400	8	6	3	0	2	7	1	3735	-674	24	11552	1	1	39	0	0	0	0	0	0	0	0	0	0	0	0	0	0	
193.501433	8	6	3	0	2	7	1	3731	-673	24	11612	1	1	40	0	0	0	0	0	0	0	0	0	0	0	0	0	0	
194.497917	8	6	3	0	2	7	1	3726	-673	24	11672	1	1	41	0	0	0	0	0	0	0	0	0	0	0	0	0	0	
195.511683	8	6	3	0	2	7	1	3722	-674	24	11733	1	1	42	0	0	0	0	0	0	0	0	0	0	0	0	0	0	
196.508167	8	6	3	0	2	7	1	3717	-675	24	11793	1	1	43	0	0	0	0	0	0	0	0	0	0	0	0	0	0	
197.503200	8	6	3	0	2	7	1	3713	-676	24	11852	1	1	43	0	0	0	0	0	0	0	0	0	0	0	0	0	0	
198.499683	8	6	3	0	2	7	1	3709	-672	24	11912	1	1	44	0	0	0	0	0	0	0	0	0	0	0	0	0	0	
199.513433	8	6	3	0	2	7	1	3705	-675	24	11973	1	1	45	0	0	0	0	0	0	0	0	0	0	0	0	0	0	
200.509917	8	6	3	0	2	7	1	3700	-674	24	12033	1	1	46	0	0	0	0	0	0	0	0	0	0	0	0	0	0	
201.504967	8	6	3	0	2	7	1	3696	-675	24	12092	1	1	47	0	0	0	0	0	0	0	0	0	0	0	0	0	0	
202.498567	8	6	3	0	2	7	1	3693	-676	24	12152	1	1	48	0	0	0	0	0	0	0	0	0	0	0	0	0	0	
203.503683	8	6	3	0	2	7	1	3689	-674	24	12212	1	1	48	0	0	0	0	0	0	0	0	0	0	0	0	0	0	
204.508800	8	6	3	0	2	7	1	3685	-674	24	12273	1	1	49	0	0	0	0	0	0	0	0	0	0	0	0	0	0	
205.495200	8	6	3	0	2	7	1	3681	-673	24	12332	1	1	50	0	0	0	0	0	0	0	0	0	0	0	0	0	0	
206.500317	8	6	3	0	2	7	1	3677	-674	24	12392	1	1	51	0	0	0	0	0	0	0	0	0	0	0	0	0	0	
207.506883	8	6	3	0	2	7	1	3674	-674	24	12452	1	1	52	0	0	0	0	0	0	0	0	0	0	0	0	0	0	
208.510567	8	6	3	0	2	7	1	3670	-676	24	12513	1	1	53	0	0	0	0	0	0	0	0	0	0	0	0	0	0	
209.498400	8	6	3	0	2	7	1	3667	-674	24	12572	1	1	53	0	0	0	0	0	0	0	0	0	0	0	0	0	0	
210.503517	8	6	3	0	2	7	1	3664	-675	24	12632	1	1	54	0	0	0	0	0	0	0	0	0	0	0	0	0	0	
211.508633	8	6	3	0	2	7	1	3660	-675	24	12693	1	1	55	0	0	0	0	0	0	0	0	0	0	0	0	0	0	
212.513767	8	6	3	0	2	7	1	3657	-672	24	12753	1	1	56	0	0	0	0	0	0	0	0	0	0	0	0	0	0	
213.500167	8	6	3	0	2	7	1	3654	-675	24	12812	1	1	57	0	0	0	0	0	0	0	0	0	0	0	0	0	0	
214.509600	8	6	3	0	2	7	1	3651	-675	24	12873	1	1	57	0	0	0	0	0	0	0	0	0	0	0	0	0	0	
215.514717	8	6	3	0	2	7	1	3648	-673	24	12933	1	1	58	0	0	0	0	0	0	0	0	0	0	0	0	0	0	
216.501117	8	6	3	0	2	7	1	3644	-674	24	12992	1	1	59	0	0	0	0	0	0	0	0	0	0	0	0	0	0	
217.514883	8	6	3	0	2	7	1	3642	-675	24	13053	1	1	60	0	0	0	0	0	0	0	0	0	0	0	0	0	0	
218.511367	8	6	3	0	2	7	1	3639	-676	24	13113	1	1	61	0	0	0	0	0	0	0	0	0	0	0	0	0	0	
219.506400	8	6	3	0	2	7	1	3635	-675	24	13172	1	1	62	0	0	0	0	0	0	0	0	0	0	0	0	0	0	
220.502883	8	6	3	0	2	7	1	3633	-675	24	13232	1	1	62	0	0	0	0	0	0	0	0	0	0	0	0	0	0	
221.503683	8	6	3	0	2	7	1	3630	-675	24	13292	1	1	63	0	0	0	0	0	0	0	0	0	0	0	0	0	0	
222.498717	8	6	3	0	2	7	1	3627	-673	24	13352	1	1	64	0	0	0	0	0	0	0	0	0	0	0	0	0	0	
223.513917	8	6	3	0	2	7	1	3623	-675	24	13413	1	1	65	0	0	0	0	0	0	0	0	0	0	0	0	0	0	
224.508967	8	6	3	0	2	7	1	3620	-675	24	13473	1	1	66	0	0	0	0	0	0	0	0	0	0	0	0	0	0	
225.505433	8	6	3	0	2	7	1	3617	-675	24	13532	1	1	67	0	0	0	0	0	0	0	0	0	0	0	0	0	0	
226.500483	8	6	3	0	2	7	1	3614	-674	24	13592	1	1	67	0	0	0	0	0	0	0	0	0	0	0	0	0	0	
227.512800	8	6	3	0	2	7	1	3611	-675	24	13653	1	1	68	0	0	0	0	0	0	0	0	0	0	0	0	0	0	
228.499200	8	6	3	0	2	7	1	3608	-675	24	13712	1	1	69	0	0	0	0	0	0	0	0	0	0	0	0	0	0	
229.504317	8	6	3	0	2	7	1	3604	-675	24	13772	1	1	70	0	0	0	0	0	0	0	0	0	0	0	0	0	0	
230.510883	8	6	3	0	2	7	1	3601	-673	24	13833	1	1	71	0	0	0	0	0	0	0	0	0	0	0	0	0	0	
231.514567	8	6	3	0	2	7	1	3598	-675	24	13893	1	1	72	0	0	0	0	0	0	0	0	0	0	0	0	0	0	
232.502400	8	6	3	0	2	7	1	3595	-676	24	13952	1	1	72	0	0	0	0	0	0	0	0	0	0	0	0	0	0	
233.506083	8	6	3	0	2	7	1	3591	-674	24	14012	1	1	73	0	0	0	0	0	0	0	0	0	0	0	0	0	0	
234.512633	8	6	3	0	2	7	1	3588	-673	24	14073	1	1	74	0	0	0	0	0	0	0	0	0	0	0	0	0	0	
235.499033	8	6	3	0	2	7	1	3585	-674	24	14132	1	1	75	0	0	0	0	0	0	0	0	0	0	0	0	0	0	
236.504167	8	6	3	0	2	7	1	3582	-674	24	14192	1	1	76	0	0	0	0	0	0	0	0	0	0	0	0	0	0	
237.509283	8	6	3	0	2	7	1	3579	-672	24	14253	1	1	76	0	0	0	0	0	0	0	0	0	0	0	0	0	0	
238.515833	8	6	3	0	2	7	1	3576	-674	24	14313	1	1	77	0	0	0	0	0	0	0	0	0	0	0	0	0	0	
239.502233	8	6	3	0	2	7	1	3574	-675	24	14372	1	1	78	0	0	0	0	0	0	0	0	0	0	0	0	0	0	
240.507367	8	6	3	0	2	7	1	3570	-674	24	14432	1	1	79	0	0	0	0	0	0	0	0	0	0	0	0	0	0	
241.511033	8	6	3	0	2	7	1	3568	-676	24	14493	1	1	80	0	0	0	0	0	0	0	0	0	0	0	0	0	0	
242.498883	8	6	3	0	2	7	1	3564	-674	24	14552	1	1	81	0	0	0	0	0	0	0	0	0	0	0	0	0	0	
243.505433	8	6	3	0	2	7	1	3561	-676	24	14612	1	1	81	0	0	0	0	0	0	0	0	0	0	0	0	0	0	
244.509117	8	6	3	0	2	7	1	3558	-674	24	14672	1	1	82	0	0	0	0	0	0	0	0	0	0	0	0	0	0	
245.514233	8	6	3	0	2	7	1	3554	-675	24	14733	1	1	83	0	0	0	0	0	0	0	0	0	0	0	0	0	0	
246.500633	8	6	3	0	2	7	1	3550	-674	24	14792	1	1	84	0	0	0	0	0	0	0	0	0	0	0	0	0	0	
247.507200	8	6	3	0	2	7	1	3546	-675	24	14852	1	1	85	0	0	0	0	0	0	0	0	0	0	0	0	0	0	
248.512317	8	6	3	0	2	7	1	3541	-675	24	14913	1	1	86	0	0	0	0	0	0	0	0	0	0	0	0	0	0	
249.516000	8	6	3	0	2	7	1	3536	-675	24	14973	1	1	86	0	0	0	0	0	0	0	0	0	0	0	0	0	0	
250.503833	8	6	3	0	2	7	1	3530	-673	24	15032	1	1	87	0	0	0	0	0	0	0	0	0	0	0	0	0	0	
251.510400	8	6	3	0	2	7	1	3523	-674	24	15092	1	1	88	0	0	0	0	0	0	0	0	0	0	0	0	0	0	
252.514083	8	6	3	0	2	7	1	3515	-675	24	15153	1	1	89	0	0	0	0	0	0	0	0	0	0	0	0	0	0	
253.501917	8	6	3	0	2	7	1	3505	-675	24	15212	1	1	90	0	0	0	0	0	0	0	0	0	0	0	0	0	0	
254.505600	8	6	3	0	2	7	1	3494	-676	24	15272	1	1	90	0	0	0	0	0	0	0	0	0	0	0	0	0	0	
255.510717	8	6	3	0	2	7	1	3479	-673	24	15333	1	1	91	0	0	0	0	0	0	0	0	0	0	0	0	0	0	
256.517283	8	6	3	0	2	7	1	3462	-674	24	15393	1	1	92	0	0	0	0	0	0	0	0	0	0	0	0	0	0	
257.503683	8	6	3	0	2	7	1	3443	-673	24	15452	1	1	93	0	0	0	0	0	0	0	0	0	0	0	0	0	0	
258.508800	8	6	3	0	2	7	1	3420	-674	24	15512	1	1	94	0	0	0	0	0	0	0	0	0	0	0	0	0	0	
259.512483	8	6	3	0	2	7	1	3392	-674	24	15573	1	1	95	0	0	0	0	0	0	0	0	0	0	0	0	0	0	
260.500317	8	6	3	0	2	7	1	3357	-675	24	15632	1	1	95	0	0	0	0	0	0	0	0	0	0	0	0	0	0	
261.506883	8	6	3	0	2	7	1	3310	-673	24	15692	1	1	96	0	0	0	0	0	0	0	0	0	0	0	0	0	0	
262.510567	8	6	3	0	2	7	1	3242	-675	24	15753	1	1	97	0	0	0	0	0	0	0	0	0	0	0	0	0	0	
263.515683	8	6	3	0	2	7	1	3134	-675	24	15813	1	1	98	0	0	0	0	0	0	0	0	0	0	0	0	0	0	
264.503517	8	6	3	0	2	7	1	2863	-675	24	15872	1	1	99	0	0	0	0	0	0	0	0	0	0	0	0	0	0	
264.805917	8	15	3	0	3	31	2	2710	22	24	15890	2	1	99	0	0	0	0	0	0	0	0	0	0	0	0	0	0	
264.826083	8	4	3	0	3	3	2	2800	67	24	15892	2	1	99	0	0	0	0	0	0	0	0	0	0	0	0	0	0	
265.511517	8	3	3	0	3	2	2	3052	392	24	15933	3	1	99	0	0	0	0	0	0	0	0	0	0	0	0	0	0	
266.502233	8	3	3	0	3	2	2	3446	675	24	15992	3	1	99	0	0	0	0	0	0	0	0	0	0	0	0	0	0	
267.503033	8	3	3	0	3	2	2	3566	674	24	16052	3	1	99	0	0	0	0	0	0	0	0	0	0	0	0	0	0	
268.516800	8	3	3	0	3	2	2	3644	675	24	16113	3	1	99	0	0	0	0	0	0	0	0	0	0	0	0	0	0	
269.517600	8	3	3	0	3	2	2	3702	675	24	16173	3	1	99	0	0	0	0	0	0	0	0	0	0	0	0	0	0	
270.514083	8	3	3	0	3	2	2	3746	674	24	16233	3	1	99	0	0	0	0	0	0	0	0	0	0	0	0	0	0	
271.509117	8	3	3	0	3	2	2	3779	674	24	16292	3	1	99	0	0	0	0	0	0	0	0	0	0	0	0	0	0	
272.508483	8	3	3	0	3	2	2	3796	674	24	16352	3	1	99	0	0	0	0	0	0	0	0	0	0	0	0	0	0	
273.510717	8	3	3	0	3	2	2	3803	675	24	16412	3	1	99	0	0	0	0	0	0	0	0	0	0	0	0	0	0	
274.508633	8	3	3	0	3	2	2	3808	679	24	16472	3	1	99	0	0	0	0	0	0	0	0	0	0	0	0	0	0	
275.509433	8	3	3	0	3	2	2	3814	675	24	16532	3	1	99	0	0	0	0	0	0	0	0	0	0	0	0	0	0	
276.503033	8	3	3	0	3	2	2	3819	675	24	16592	3	1	99	0	0	0	0	0	0	0	0	0	0	0	0	0	0	
277.506717	8	3	3	0	3	2	2	3824	674	24	16652	3	1	99	0	0	0	0	0	0	0	0	0	0	0	0	0	0	
278.501767	8	3	3	0	3	2	2	3830	675	24	16712	3	1	99	0	0	0	0	0	0	0	0	0	0	0	0	0	0	
279.501117	8	3	3	0	3	2	2	3836	674	24	16772	3	1	99	0	0	0	0	0	0	0	0	0	0	0	0	0	0	
280.509117	8	3	3	0	3	2	2	3842	674	24	16832	3	1	99	0	0	0	0	0	0	0	0	0	0	0	0	0	0	
281.505600	8	3	3	0	3	2	2	3848	675	24	16892	3	1	99	0	0	0	0	0	0	0	0	0	0	0	0	0	0	
282.502083	8	3	3	0	3	2	2	3854	674	24	16952	3	1	99	0	0	0	0	0	0	0	0	0	0	0	0	0	0	
283.512967	8	3	3	0	3	2	2	3861	675	24	17013	3	1	99	0	0	0	0	0	0	0	0	0	0	0	0	0	0	
284.518083	8	3	3	0	3	2	2	3866	674	24	17073	3	1	99	0	0	0	0	0	0	0	0	0	0	0	0	0	0	
285.503033	8	3	3	0	3	2	2	3872	675	24	17132	3	1	99	0	0	0	0	0	0	0	0	0	0	0	0	0	0	
286.516800	8	3	3	0	3	2	2	3877	675	24	17193	3	1	99	0	0	0	0	0	0	0	0	0	0	0	0	0	0	
287.513283	8	3	3	0	3	2	2	3882	674	24	17252	3	1	99	0	0	0	0	0	0	0	0	0	0	0	0	0	0	
288.504000	8	3	3	0	3	2	2	3887	675	24	17312	3	1	99	0	0	0	0	0	0	0	0	0	0	0	0	0	0	
289.506233	8	3	3	0	3	2	2	3890	675	24	17372	3	1	99	0	0	0	0	0	0	0	0	0	0	0	0	0	0	
290.505600	8	3	3	0	3	2	2	3894	675	24	17432	3	1	99	0	0	0	0	0	0	0	0	0	0	0	0	0	0	
291.507833	8	3	3	0	3	2	2	3897	675	24	17492	3	1	99	0	0	0	0	0	0	0	0	0	0	0	0	0	0	
292.504317	8	3	3	0	3	2	2	3899	675	24	17552	3	1	99	0	0	0	0	0	0	0	0	0	0	0	0	0	0	
293.518083	8	3	3	0	3	2	2	3902	674	24	17613	3	1	99	0	0	0	0	0	0	0	0	0	0	0	0	0	0	
294.507367	8	3	3	0	3	2	2	3904	675	24	17672	3	1	99	0	0	0	0	0	0	0	0	0	0	0	0	0	0	
295.512483	8	3	3	0	3	2	2	3906	675	24	17732	3	1	99	0	0	0	0	0	0	0	0	0	0	0	0	0	0	
296.519033	8	3	3	0	3	2	2	3908	675	24	17793	3	1	99	0	0	0	0	0	0	0	0	0	0	0	0	0	0	
297.521283	8	3	3	0	3	2	2	3910	674	24	17853	3	1	99	0	0	0	0	0	0	0	0	0	0	0	0	0	0	
298.516317	8	3	3	0	3	2	2	3913	676	24	17913	3	1	99	0	0	0	0	0	0	0	0	0	0	0	0	0	0	
299.512800	8	3	3	0	3	2	2	3914	674	24	17972	3	1	99	0	0	0	0	0	0	0	0	0	0	0	0	0	0	
300.510717	8	3	3	0	3	2	2	3917	675	24	18032	3	1	99	0	0	0	0	0	0	0	0	0	0	0	0	0	0	
301.508633	8	3	3	0	3	2	2	3919	674	24	18092	3	1	99	0	0	0	0	0	0	0	0	0	0	0	0	0	0	
302.505117	8	3	3	0	3	2	2	3922	674	24	18152	3	1	99	0	0	0	0	0	0	0	0	0	0	0	0	0	0	
303.518883	8	3	3	0	3	2	2	3924	675	24	18213	3	1	99	0	0	0	0	0	0	0	0	0	0	0	0	0	0	
304.503833	8	3	3	0	3	2	2	3926	674	24	18272	3	1	99	0	0	0	0	0	0	0	0	0	0	0	0	0	0	
305.521917	8	3	3	0	3	2	2	3929	675	24	18333	3	1	99	0	0	0	0	0	0	0	0	0	0	0	0	0	0	
306.505433	8	3	3	0	3	2	2	3931	674	24	18392	3	1	99	0	0	0	0	0	0	0	0	0	0	0	0	0	0	
307.516317	8	3	3	0	3	2	2	3934	676	24	18453	3	1	99	0	0	0	0	0	0	0	0	0	0	0	0	0	0	
308.511367	8	3	3	0	3	2	2	3936	675	24	18512	3	1	99	0	0	0	0	0	0	0	0	0	0	0	0	0	0	
309.507833	8	3	3	0	3	2	2	3938	674	24	18572	3	1	99	0	0	0	0	0	0	0	0	0	0	0	0	0	0	
310.520167	8	3	3	0	3	2	2	3941	674	24	18633	3	1	99	0	0	0	0	0	0	0	0	0	0	0	0	0	0	
311.515200	8	3	3	0	3	2	2	3944	674	24	18693	3	1	99	0	0	0	0	0	0	0	0	0	0	0	0	0	0	
312.514567	8	3	3	0	3	2	2	3946	675	24	18752	3	1	99	0	0	0	0	0	0	0	0	0	0	0	0	0	0	
313.505283	8	3	3	0	3	2	2	3948	674	24	18812	3	1	99	0	0	0	0	0	0	0	0	0	0	0	0	0	0	
314.506083	8	3	3	0	3	2	2	3952	674	24	18872	3	1	99	0	0	0	0	0	0	0	0	0	0	0	0	0	0	
315.506883	8	3	3	0	3	2	2	3954	675	24	18932	3	1	99	0	0	0	0	0	0	0	0	0	0	0	0	0	0	
316.522083	8	3	3	0	3	2	2	3957	675	24	18993	3	1	99	0	0	0	0	0	0	0	0	0	0	0	0	0	0	
317.517117	8	3	3	0	3	2	2	3960	673	24	19053	3	1	99	0	0	0	0	0	0	0	0	0	0	0	0	0	0	
318.515033	8	3	3	0	3	2	2	3963	675	24	19112	3	1	99	0	0	0	0	0	0	0	0	0	0	0	0	0	0	
319.512967	8	3	3	0	3	2	2	3965	674	24	19172	3	1	99	0	0	0	0	0	0	0	0	0	0	0	0	0	0	
320.512317	8	3	3	0	3	2	2	3969	674	24	19232	3	1	99	0	0	0	0	0	0	0	0	0	0	0	0	0	0	
321.524633	8	3	3	0	3	2	2	3972	674	24	19293	3	1	99	0	0	0	0	0	0	0	0	0	0	0	0	0	0	
322.519683	8	3	3	0	3	2	2	3975	674	24	19353	3	1	99	0	0	0	0	0	0	0	0	0	0	0	0	0	0	
323.519033	8	3	3	0	3	2	2	3978	675	24	19413	3	1	99	0	0	0	0	0	0	0	0	0	0	0	0	0	0	
324.506883	8	3	3	0	3	2	2	3981	675	24	19472	3	1	99	0	0	0	0	0	0	0	0	0	0	0	0	0	0	
325.510567	8	3	3	0	3	2	2	3985	675	24	19532	3	1	99	0	0	0	0	0	0	0	0	0	0	0	0	0	0	
326.507033	8	3	3	0	3	2	2	3988	675	24	19592	3	1	99	0	0	0	0	0	0	0	0	0	0	0	0	0	0	
327.517917	8	3	3	0	3	2	2	3992	675	24	19653	3	1	99	0	0	0	0	0	0	0	0	0	0	0	0	0	0	
328.520167	8	3	3	0	3	2	2	3996	674	24	19713	3	1	99	0	0	0	0	0	0	0	0	0	0	0	0	0	0	
329.515200	8	3	3	0	3	2	2	4000	674	24	19773	3	1	99	0	0	0	0	0	0	0	0	0	0	0	0	0	0	
330.511683	8	3	3	0	3	2	2	4004	674	24	19832	3	1	99	0	0	0	0	0	0	0	0	0	0	0	0	0	0	
331.509600	8	3	3	0	3	2	2	4008	675	24	19892	3	1	99	0	0	0	0	0	0	0	0	0	0	0	0	0	0	
332.506083	8	3	3	0	3	2	2	4012	675	24	19952	3	1	99	0	0	0	0	0	0	0	0	0	0	0	0	0	0	
333.522717	8	3	3	0	3	2	2	4016	674	24	20013	3	1	99	0	0	0	0	0	0	0	0	0	0	0	0	0	0	
334.513433	8	3	3	0	3	2	2	4020	674	24	20072	3	1	99	0	0	0	0	0	0	0	0	0	0	0	0	0	0	
335.515683	8	3	3	0	3	2	2	4025	674	24	20132	3	1	99	0	0	0	0	0	0	0	0	0	0	0	0	0	0	
336.513600	8	3	3	0	3	2	2	4029	675	24	20192	3	1	99	0	0	0	0	0	0	0	0	0	0	0	0	0	0	
337.514400	8	3	3	0	3	2	2	4033	674	24	20252	3	1	99	0	0	0	0	0	0	0	0	0	0	0	0	0	0	
338.520967	8	3	3	0	3	2	2	4037	674	24	20313	3	1	99	0	0	0	0	0	0	0	0	0	0	0	0	0	0	
339.517433	8	3	3	0	3	2	2	4042	674	24	20373	3	1	99	0	0	0	0	0	0	0	0	0	0	0	0	0	0	
340.519683	8	3	3	0	3	2	2	4047	675	24	20433	3	1	99	0	0	0	0	0	0	0	0	0	0	0	0	0	0	
341.510400	8	3	3	0	3	2	2	4051	674	24	20492	3	1	99	0	0	0	0	0	0	0	0	0	0	0	0	0	0	
342.515517	8	3	3	0	3	2	2	4056	674	24	20552	3	1	99	0	0	0	0	0	0	0	0	0	0	0	0	0	0	
343.513433	8	3	3	0	3	2	2	4061	675	24	20612	3	1	99	0	0	0	0	0	0	0	0	0	0	0	0	0	0	
344.512800	8	3	3	0	3	2	2	4066	675	24	20672	3	1	99	0	0	0	0	0	0	0	0	0	0	0	0	0	0	
345.509283	8	3	3	0	3	2	2	4071	674	24	20732	3	1	99	0	0	0	0	0	0	0	0	0	0	0	0	0	0	
346.523033	8	3	3	0	3	2	2	4076	675	24	20793	3	1	99	0	0	0	0	0	0	0	0	0	0	0	0	0	0	
347.519517	8	3	3	0	3	2	2	4081	675	24	20853	3	1	99	0	0	0	0	0	0	0	0	0	0	0	0	0	0	
348.516000	8	3	3	0	3	2	2	4086	674	24	20912	3	1	99	0	0	0	0	0	0	0	0	0	0	0	0	0	0	
349.516800	8	3	3	0	3	2	2	4092	675	24	20972	3	1	99	0	0	0	0	0	0	0	0	0	0	0	0	0	0	
350.510400	8	3	3	0	3	2	2	4097	674	24	21032	3	1	99	0	0	0	0	0	0	0	0	0	0	0	0	0	0	
351.512633	8	3	3	0	3	2	2	4103	674	24	21092	3	1	99	0	0	0	0	0	0	0	0	0	0	0	0	0	0	
352.507683	8	3	3	0	3	2	2	4108	674	24	21152	3	1	99	0	0	0	0	0	0	0	0	0	0	0	0	0	0	
353.507033	8	3	3	0	3	2	2	4114	675	24	21212	3	1	99	0	0	0	0	0	0	0	0	0	0	0	0	0	0	
354.523683	8	3	3	0	3	2	2	4119	669	24	21273	3	1	99	0	0	0	0	0	0	0	0	0	0	0	0	0	0	
355.508633	8	3	3	0	3	2	2	4125	667	24	21332	3	1	99	0	0	0	0	0	0	0	0	0	0	0	0	0	0	
356.508000	8	3	3	0	3	2	2	4130	665	24	21392	3	1	99	0	0	0	0	0	0	0	0	0	0	0	0	0	0	
357.517433	8	3	3	0	3	2	2	4136	665	24	21452	3	1	99	0	0	0	0	0	0	0	0	0	0	0	0	0	0	
358.521117	8	3	3	0	3	2	2	4142	664	24	21513	3	1	99	0	0	0	0	0	0	0	0	0	0	0	0	0	0	
359.517600	8	3	3	0	3	2	2	4148	663	24	21572	3	1	99	0	0	0	0	0	0	0	0	0	0	0	0	0	0	
360.511200	8	3	3	0	3	2	2	4154	662	24	21632	3	1	99	0	0	0	0	0	0	0	0	0	0	0	0	0	0	
361.516317	8	3	3	0	3	2	2	4160	661	24	21692	3	1	99	0	0	0	0	0	0	0	0	0	0	0	0	0	0	
362.511367	8	3	3	0	3	2	2	4167	661	24	21752	3	1	99	0	0	0	0	0	0	0	0	0	0	0	0	0	0	
363.525117	8	3	3	0	3	2	2	4173	658	24	21813	3	1	99	0	0	0	0	0	0	0	0	0	0	0	0	0	0	
364.525917	8	3	3	0	3	2	2	4179	657	24	21873	3	1	99	0	0	0	0	0	0	0	0	0	0	0	0	0	0	
365.512317	8	3	3	0	3	2	2	4186	656	24	21932	3	1	99	0	0	0	0	0	0	0	0	0	0	0	0	0	0	
366.526083	8	3	3	0	3	2	2	4193	654	24	21993	3	1	99	0	0	0	0	0	0	0	0	0	0	0	0	0	0	
367.522567	8	3	3	0	3	2	2	4200	654	24	22053	3	1	99	0	0	0	0	0	0	0	0	0	0	0	0	0	0	
368.524800	8	3	3	0	3	2	2	4207	653	24	22113	3	1	99	0	0	0	0	0	0	0	0	0	0	0	0	0	0	
369.519833	8	3	3	0	3	2	2	4210	624	24	22173	3	1	99	0	0	0	0	0	0	0	0	0	0	0	0	0	0	
370.517767	8	3	3	0	3	2	2	4210	591	24	22232	3	1	99	0	0	0	0	0	0	0	0	0	0	0	0	0	0	
371.534400	8	3	3	0	3	2	2	4210	560	24	22293	3	1	99	0	0	0	0	0	0	0	0	0	0	0	0	0	0	
372.523683	8	3	3	0	3	2	2	4210	533	24	22353	3	1	99	0	0	0	0	0	0	0	0	0	0	0	0	0	0	
373.518717	8	3	3	0	3	2	2	4210	506	24	22412	3	1	99	0	0	0	0	0	0	0	0	0	0	0	0	0	0	
374.515200	8	3	3	0	3	2	2	4210	481	24	22472	3	1	99	0	0	0	0	0	0	0	0	0	0	0	0	0	0	
375.511683	8	3	3	0	3	2	2	4210	458	24	22532	3	1	99	0	0	0	0	0	0	0	0	0	0	0	0	0	0	
376.528317	8	3	3	0	3	2	2	4210	434	24	22593	3	1	99	0	0	0	0	0	0	0	0	0	0	0	0	0	0	
377.523367	8	3	3	0	3	2	2	4210	413	24	22653	3	1	99	0	0	0	0	0	0	0	0	0	0	0	0	0	0	
378.511200	8	3	3	0	3	2	2	4210	394	24	22712	3	1	99	0	0	0	0	0	0	0	0	0	0	0	0	0	0	
379.513433	8	3	3	0	3	2	2	4210	374	24	22772	3	1	99	0	0	0	0	0	0	0	0	0	0	0	0	0	0	
380.514233	8	3	3	0	3	2	2	4210	356	24	22832	3	1	99	0	0	0	0	0	0	0	0	0	0	0	0	0	0	
381.520800	8	3	3	0	3	2	2	4210	337	24	22892	3	1	99	0	0	0	0	0	0	0	0	0	0	0	0	0	0	
382.514400	8	3	3	0	3	2	2	4210	321	24	22952	3	1	99	0	0	0	0	0	0	0	0	0	0	0	0	0	0	
383.510883	8	3	3	0	3	2	2	4210	306	24	23012	3	1	99	0	0	0	0	0	0	0	0	0	0	0	0	0	0	
384.518883	8	3	3	0	3	2	2	4210	290	24	23072	3	1	99	0	0	0	0	0	0	0	0	0	0	0	0	0	0	
385.516800	8	3	3	0	3	2	2	4210	276	24	23132	3	1	99	0	0	0	0	0	0	0	0	0	0	0	0	0	0	
386.516167	8	3	3	0	3	2	2	4210	263	24	23192	3	1	99	0	0	0	0	0	0	0	0	0	0	0	0	0	0	
387.512633	8	3	3	0	3	2	2	4210	250	24	23252	3	1	99	0	0	0	0	0	0	0	0	0	0	0	0	0	0	
388.529283	8	3	3	0	3	2	2	4210	238	24	23313	3	1	99	0	0	0	0	0	0	0	0	0	0	0	0	0	0	
389.511367	8	3	3	0	3	2	2	4210	227	24	23372	3	1	99	0	0	0	0	0	0	0	0	0	0	0	0	0	0	
390.516483	8	3	3	0	3	2	2	4210	216	24	23432	3	1	99	0	0	0	0	0	0	0	0	0	0	0	0	0	0	
391.514400	8	3	3	0	3	2	2	4210	206	23	23492	3	1	99	0	0	0	0	0	0	0	0	0	0	0	0	0	0	
392.510883	8	3	3	0	3	2	2	4210	197	23	23552	3	1	99	0	0	0	0	0	0	0	0	0	0	0	0	0	0	
393.526083	8	3	3	0	3	2	2	4210	186	23	23613	3	1	99	0	0	0	0	0	0	0	0	0	0	0	0	0	0	
394.521117	8	3	3	0	3	2	2	4210	179	23	23672	3	1	99	0	0	0	0	0	0	0	0	0	0	0	0	0	0	
395.517600	8	3	3	0	3	2	2	4210	171	24	23732	3	1	99	0	0	0	0	0	0	0	0	0	0	0	0	0	0	
396.512633	8	3	3	0	3	2	2	4210	164	23	23792	3	1	99	0	0	0	0	0	0	0	0	0	0	0	0	0	0	
397.512000	8	3	3	0	3	2	2	4211	155	23	23852	3	1	99	0	0	0	0	0	0	0	0	0	0	0	0	0	0	
398.525767	8	3	3	0	3	2	2	4210	149	23	23913	3	1	99	0	0	0	0	0	0	0	0	0	0	0	0	0	0	
399.515033	8	3	3	0	3	2	2	4210	142	23	23972	3	1	99	0	0	0	0	0	0	0	0	0	0	0	0	0	0	
400.523033	8	3	3	0	3	2	2	4210	136	23	24033	3	1	99	0	0	0	0	0	0	0	0	0	0	0	0	0	0	
401.523833	8	3	3	0	3	2	2	4210	130	23	24093	3	1	99	0	0	0	0	0	0	0	0	0	0	0	0	0	0	
402.514567	8	3	3	0	3	2	2	4210	124	23	24152	3	1	99	0	0	0	0	0	0	0	0	0	0	0	0	0	0	
403.516800	8	3	3	0	3	2	2	4210	119	23	24212	3	1	99	0	0	0	0	0	0	0	0	0	0	0	0	0	0	
404.513283	8	3	3	0	3	2	2	4210	115	23	24272	3	1	99	0	0	0	0	0	0	0	0	0	0	0	0	0	0	
405.521283	8	3	3	0	3	2	2	4210	109	23	24332	3	1	99	0	0	0	0	0	0	0	0	0	0	0	0	0	0	
406.526400	8	3	3	0	3	2	2	4209	105	23	24393	3	1	99	0	0	0	0	0	0	0	0	0	0	0	0	0	0	
407.521433	8	3	3	0	3	2	2	4210	100	23	24452	3	1	99	0	0	0	0	0	0	0	0	0	0	0	0	0	0	
408.520800	8	3	3	0	3	2	2	4210	96	23	24512	3	1	99	0	0	0	0	0	0	0	0	0	0	0	0	0	0	
409.518717	8	3	3	0	3	2	2	4210	94	23	24572	3	1	99	0	0	0	0	0	0	0	0	0	0	0	0	0	0	
410.510883	8	3	3	0	3	2	2	4210	90	23	24632	3	1	99	0	0	0	0	0	0	0	0	0	0	0	0	0	0	
411.527517	8	3	3	0	3	2	2	4210	86	23	24693	3	1	99	0	0	0	0	0	0	0	0	0	0	0	0	0	0	
412.519683	8	3	3	0	3	2	2	4210	81	23	24752	3	1	99	0	0	0	0	0	0	0	0	0	0	0	0	0	0	
413.514717	8	3	3	0	3	2	2	4210	79	23	24812	3	1	99	0	0	0	0	0	0	0	0	0	0	0	0	0	0	
414.529917	8	3	3	0	3	2	2	4210	75	23	24873	3	1	99	0	0	0	0	0	0	0	0	0	0	0	0	0	0	
415.523517	8	3	3	0	3	2	2	4210	73	23	24932	3	1	99	0	0	0	0	0	0	0	0	0	0	0	0	0	0	
416.527200	8	3	3	0	3	2	2	4210	70	23	24993	3	1	99	0	0	0	0	0	0	0	0	0	0	0	0	0	0	
417.525117	8	3	3	0	3	2	2	4210	68	23	25053	3	1	99	0	0	0	0	0	0	0	0	0	0	0	0	0	0	
417.932633	4	0	3	0	4	19	5	4208	52	23	25077	3	1	99	0	0	0	0	0	0	0	0	0	0	0	0	0	0	
418.528800	4	0	3	0	4	19	5	4197	0	23	25113	3	1	99	0	0	0	0	0	0	0	0	0	0	0	0	0	0	
419.525283	4	0	3	0	4	19	5	4195	0	23	25173	3	1	99	0	0	0	0	0	0	0	0	0	0	0	0	0	0	
420.521767	4	0	3	0	4	19	5	4194	0	23	25232	3	1	99	0	0	0	0	0	0	0	0	0	0	0	0	0	0	
421.516800	4	0	3	0	4	19	5	4193	0	23	25292	3	1	99	0	0	0	0	0	0	0	0	0	0	0	0	0	0	
422.530567	4	0	3	0	4	19	5	4192	0	23	25353	3	1	99	0	0	0	0	0	0	0	0	0	0	0	0	0	0	
423.527033	4	0	3	0	4	19	5	4191	0	23	25413	3	1	99	0	0	0	0	0	0	0	0	0	0	0	0	0	0	
424.522083	4	0	3	0	4	19	5	4190	0	23	25472	3	1	99	0	0	0	0	0	0	0	0	0	0	0	0	0	0	
425.518567	4	0	3	0	4	19	5	4190	0	23	25532	3	1	99	0	0	0	0	0	0	0	0	0	0	0	0	0	0	
426.513600	4	0	3	0	4	19	5	4189	0	23	25592	3	1	99	0	0	0	0	0	0	0	0	0	0	0	0	0	0	
427.528800	4	0	3	0	4	19	5	4189	0	23	25653	3	1	99	0	0	0	0	0	0	0	0	0	0	0	0	0	0	
428.523833	4	0	3	0	4	19	5	4189	0	23	25713	3	1	99	0	0	0	0	0	0	0	0	0	0	0	0	0	0	
429.520317	4	0	3	0	4	19	5	4188	0	23	25772	3	1	99	0	0	0	0	0	0	0	0	0	0	0	0	0	0	
430.525433	4	0	3	0	4	19	5	4188	0	23	25833	3	1	99	0	0	0	0	0	0	0	0	0	0	0	0	0	0	
431.530567	4	0	3	0	4	19	5	4188	0	23	25893	3	1	99	0	0	0	0	0	0	0	0	0	0	0	0	0	0	
432.516967	4	0	3	0	4	19	5	4187	0	23	25952	3	1	99	0	0	0	0	0	0	0	0	0	0	0	0	0	0	
433.522083	4	0	3	0	4	19	5	4187	0	23	26012	3	1	99	0	0	0	0	0	0	0	0	0	0	0	0	0	0	
434.527200	4	0	3	0	4	19	5	4186	0	23	26073	3	1	99	0	0	0	0	0	0	0	0	0	0	0	0	0	0	
435.515033	4	0	3	0	4	19	5	4186	0	23	26132	3	1	99	0	0	0	0	0	0	0	0	0	0	0	0	0	0	
436.518717	4	0	3	0	4	19	5	4186	0	23	26192	3	1	99	0	0	0	0	0	0	0	0	0	0	0	0	0	0	
437.525283	4	0	3	0	4	19	5	4186	0	23	26253	3	1	99	0	0	0	0	0	0	0	0	0	0	0	0	0	0	
438.530400	4	0	3	0	4	19	5	4186	0	23	26313	3	1	99	0	0	0	0	0	0	0	0	0	0	0	0	0	0	
439.516800	4	0	3	0	4	19	5	4185	0	23	26372	3	1	99	0	0	0	0	0	0	0	0	0	0	0	0	0	0	
440.521917	4	0	3	0	4	19	5	4185	0	23	26432	3	1	99	0	0	0	0	0	0	0	0	0	0	0	0	0	0	
441.527033	4	0	3	0	4	19	5	4185	0	23	26493	3	1	99	0	0	0	0	0	0	0	0	0	0	0	0	0	0	
442.513433	4	0	3	0	4	19	5	4185	0	23	26552	3	1	99	0	0	0	0	0	0	0	0	0	0	0	0	0	0	
443.520000	4	0	3	0	4	19	5	4185	0	23	26612	3	1	99	0	0	0	0	0	0	0	0	0	0	0	0	0	0	
444.523683	4	0	3	0	4	19	5	4185	0	23	26672	3	1	99	0	0	0	0	0	0	0	0	0	0	0	0	0	0	
445.530233	4	0	3	0	4	19	5	4185	0	23	26733	3	1	99	0	0	0	0	0	0	0	0	0	0	0	0	0	0	
446.515200	4	0	3	0	4	19	5	4184	0	23	26792	3	1	99	0	0	0	0	0	0	0	0	0	0	0	0	0	0	
447.521767	4	0	3	0	4	19	5	4184	0	23	26852	3	1	99	0	0	0	0	0	0	0	0	0	0	0	0	0	0	
447.975367	8	6	3	0	5	7	1	4148	-270	23	26880	3	2	0	0	0	0	0	0	0	0	0	0	0	0	0	0	0	
448.529767	8	6	3	0	5	7	1	4137	-270	23	26913	3	2	0	0	0	0	0	0	0	0	0	0	0	0	0	0	0	
449.514717	8	6	3	0	5	7	1	4129	-271	23	26972	3	2	0	0	0	0	0	0	0	0	0	0	0	0	0	0	0	
450.521283	8	6	3	0	5	7	1	4124	-271	23	27032	3	2	0	0	0	0	0	0	0	0	0	0	0	0	0	0	0	
451.526400	8	6	3	0	5	7	1	4119	-270	23	27093	3	2	1	0	0	0	0	0	0	0	0	0	0	0	0	0	0	
452.530083	8	6	3	0	5	7	1	4115	-267	23	27153	3	2	1	0	0	0	0	0	0	0	0	0	0	0	0	0	0	
453.517917	8	6	3	0	5	7	1	4111	-268	23	27212	3	2	1	0	0	0	0	0	0	0	0	0	0	0	0	0	0	
454.524483	8	6	3	0	5	7	1	4108	-270	23	27272	3	2	2	0	0	0	0	0	0	0	0	0	0	0	0	0	0	
455.528167	8	6	3	0	5	7	1	4104	-271	23	27333	3	2	2	0	0	0	0	0	0	0	0	0	0	0	0	0	0	
456.516000	8	6	3	0	5	7	1	4101	-269	23	27392	3	2	2	0	0	0	0	0	0	0	0	0	0	0	0	0	0	
457.519683	8	6	3	0	5	7	1	4097	-269	23	27452	3	2	3	0	0	0	0	0	0	0	0	0	0	0	0	0	0	
458.526233	8	6	3	0	5	7	1	4094	-268	23	27512	3	2	3	0	0	0	0	0	0	0	0	0	0	0	0	0	0	
459.531367	8	6	3	0	5	7	1	4091	-270	23	27573	3	2	3	0	0	0	0	0	0	0	0	0	0	0	0	0	0	
460.517767	8	6	3	0	5	7	1	4088	-270	23	27632	3	2	4	0	0	0	0	0	0	0	0	0	0	0	0	0	0	
461.522883	8	6	3	0	5	7	1	4084	-268	23	27692	3	2	4	0	0	0	0	0	0	0	0	0	0	0	0	0	0	
462.528000	8	6	3	0	5	7	1	4081	-268	23	27753	3	2	4	0	0	0	0	0	0	0	0	0	0	0	0	0	0	
463.533117	8	6	3	0	5	7	1	4078	-270	23	27813	3	2	5	0	0	0	0	0	0	0	0	0	0	0	0	0	0	
464.520967	8	6	3	0	5	7	1	4074	-270	23	27872	3	2	5	0	0	0	0	0	0	0	0	0	0	0	0	0	0	
465.524633	8	6	3	0	5	7	1	4071	-269	23	27932	3	2	5	0	0	0	0	0	0	0	0	0	0	0	0	0	0	
466.531200	8	6	3	0	5	7	1	4068	-268	23	27993	3	2	6	0	0	0	0	0	0	0	0	0	0	0	0	0	0	
467.516167	8	6	3	0	5	7	1	4065	-270	23	28052	3	2	6	0	0	0	0	0	0	0	0	0	0	0	0	0	0	
468.522717	8	6	3	0	5	7	1	4062	-268	23	28112	3	2	6	0	0	0	0	0	0	0	0	0	0	0	0	0	0	
469.527833	8	6	3	0	5	7	1	4059	-271	23	28173	3	2	6	0	0	0	0	0	0	0	0	0	0	0	0	0	0	
470.532967	8	6	3	0	5	7	1	4056	-270	23	28233	3	2	7	0	0	0	0	0	0	0	0	0	0	0	0	0	0	
471.519367	8	6	3	0	5	7	1	4053	-270	23	28292	3	2	7	0	0	0	0	0	0	0	0	0	0	0	0	0	0	
472.524483	8	6	3	0	5	7	1	4050	-271	23	28352	3	2	7	0	0	0	0	0	0	0	0	0	0	0	0	0	0	
473.529600	8	6	3	0	5	7	1	4047	-270	23	28413	3	2	8	0	0	0	0	0	0	0	0	0	0	0	0	0	0	
474.517433	8	6	3	0	5	7	1	4044	-270	23	28472	3	2	8	0	0	0	0	0	0	0	0	0	0	0	0	0	0	
475.521117	8	6	3	0	5	7	1	4041	-269	23	28532	3	2	8	0	0	0	0	0	0	0	0	0	0	0	0	0	0	
476.530567	8	6	3	0	5	7	1	4038	-267	23	28593	3	2	9	0	0	0	0	0	0	0	0	0	0	0	0	0	0	
477.518400	8	6	3	0	5	7	1	4035	-270	23	28652	3	2	9	0	0	0	0	0	0	0	0	0	0	0	0	0	0	
478.523517	8	6	3	0	5	7	1	4032	-269	23	28712	3	2	9	0	0	0	0	0	0	0	0	0	0	0	0	0	0	
479.530083	8	6	3	0	5	7	1	4029	-269	23	28773	3	2	10	0	0	0	0	0	0	0	0	0	0	0	0	0	0	
480.533767	8	6	3	0	5	7	1	4026	-270	23	28833	3	2	10	0	0	0	0	0	0	0	0	0	0	0	0	0	0	
481.521600	8	6	3	0	5	7	1	4023	-269	23	28892	3	2	10	0	0	0	0	0	0	0	0	0	0	0	0	0	0	
482.526717	8	6	3	0	5	7	1	4020	-270	23	28952	3	2	11	0	0	0	0	0	0	0	0	0	0	0	0	0	0	
483.531833	8	6	3	0	5	7	1	4017	-270	23	29013	3	2	11	0	0	0	0	0	0	0	0	0	0	0	0	0	0	
484.518233	8	6	3	0	5	7	1	4014	-270	23	29072	3	2	11	0	0	0	0	0	0	0	0	0	0	0	0	0	0	
485.523367	8	6	3	0	5	7	1	4011	-270	23	29132	3	2	12	0	0	0	0	0	0	0	0	0	0	0	0	0	0	
486.528483	8	6	3	0	5	7	1	4009	-270	23	29193	3	2	12	0	0	0	0	0	0	0	0	0	0	0	0	0	0	
487.535033	8	6	3	0	5	7	1	4006	-271	23	29253	3	2	12	0	0	0	0	0	0	0	0	0	0	0	0	0	0	
488.520000	8	6	3	0	5	7	1	4002	-271	23	29312	3	2	13	0	0	0	0	0	0	0	0	0	0	0	0	0	0	
489.526567	8	6	3	0	5	7	1	4000	-268	23	29372	3	2	13	0	0	0	0	0	0	0	0	0	0	0	0	0	0	
490.530233	8	6	3	0	5	7	1	3997	-269	23	29433	3	2	13	0	0	0	0	0	0	0	0	0	0	0	0	0	0	
491.536800	8	6	3	0	5	7	1	3994	-269	23	29493	3	2	14	0	0	0	0	0	0	0	0	0	0	0	0	0	0	
492.523200	8	6	3	0	5	7	1	3991	-270	23	29552	3	2	14	0	0	0	0	0	0	0	0	0	0	0	0	0	0	
493.528317	8	6	3	0	5	7	1	3988	-271	23	29612	3	2	14	0	0	0	0	0	0	0	0	0	0	0	0	0	0	
494.533433	8	6	3	0	5	7	1	3986	-270	23	29673	3	2	15	0	0	0	0	0	0	0	0	0	0	0	0	0	0	
495.519833	8	6	3	0	5	7	1	3983	-268	23	29732	3	2	15	0	0	0	0	0	0	0	0	0	0	0	0	0	0	
496.524967	8	6	3	0	5	7	1	3980	-270	23	29792	3	2	15	0	0	0	0	0	0	0	0	0	0	0	0	0	0	
497.531517	8	6	3	0	5	7	1	3977	-271	23	29853	3	2	16	0	0	0	0	0	0	0	0	0	0	0	0	0	0	
498.535200	8	6	3	0	5	7	1	3975	-272	23	29913	3	2	16	0	0	0	0	0	0	0	0	0	0	0	0	0	0	
499.523033	8	6	3	0	5	7	1	3971	-272	23	29972	3	2	16	0	0	0	0	0	0	0	0	0	0	0	0	0	0	
500.532483	8	6	3	0	5	7	1	3969	-269	23	30033	3	2	17	0	0	0	0	0	0	0	0	0	0	0	0	0	0	
501.527517	8	6	3	0	5	7	1	3966	-269	23	30092	3	2	17	0	0	0	0	0	0	0	0	0	0	0	0	0	0	
502.524000	8	6	3	0	5	7	1	3963	-269	23	30152	3	2	17	0	0	0	0	0	0	0	0	0	0	0	0	0	0	
503.519033	8	6	3	0	5	7	1	3961	-270	23	30212	3	2	18	0	0	0	0	0	0	0	0	0	0	0	0	0	0	
504.534233	8	6	3	0	5	7	1	3958	-270	23	30273	3	2	18	0	0	0	0	0	0	0	0	0	0	0	0	0	0	
505.529283	8	6	3	0	5	7	1	3955	-265	23	30333	3	2	18	0	0	0	0	0	0	0	0	0	0	0	0	0	0	
506.525767	8	6	3	0	5	7	1	3952	-269	23	30392	3	2	19	0	0	0	0	0	0	0	0	0	0	0	0	0	0	
507.520800	8	6	3	0	5	7	1	3950	-270	23	30452	3	2	19	0	0	0	0	0	0	0	0	0	0	0	0	0	0	
508.537433	8	6	3	0	5	7	1	3947	-270	23	30513	3	2	19	0	0	0	0	0	0	0	0	0	0	0	0	0	0	
509.532483	8	6	3	0	5	7	1	3945	-270	23	30573	3	2	20	0	0	0	0	0	0	0	0	0	0	0	0	0	0	
510.527517	8	6	3	0	5	7	1	3942	-270	22	30632	3	2	20	0	0	0	0	0	0	0	0	0	0	0	0	0	0	
511.522567	8	6	3	0	5	7	1	3939	-270	23	30692	3	2	20	0	0	0	0	0	0	0	0	0	0	0	0	0	0	
512.539200	8	6	3	0	5	7	1	3936	-274	23	30753	3	2	20	0	0	0	0	0	0	0	0	0	0	0	0	0	0	
513.529917	8	6	3	0	5	7	1	3934	-272	22	30812	3	2	21	0	0	0	0	0	0	0	0	0	0	0	0	0	0	
514.535033	8	6	3	0	5	7	1	3931	-270	23	30873	3	2	21	0	0	0	0	0	0	0	0	0	0	0	0	0	0	
515.521433	8	6	3	0	5	7	1	3929	-269	23	30932	3	2	21	0	0	0	0	0	0	0	0	0	0	0	0	0	0	
516.526567	8	6	3	0	5	7	1	3926	-265	23	30992	3	2	22	0	0	0	0	0	0	0	0	0	0	0	0	0	0	
517.533117	8	6	3	0	5	7	1	3924	-270	23	31053	3	2	22	0	0	0	0	0	0	0	0	0	0	0	0	0	0	
518.536800	8	6	3	0	5	7	1	3921	-270	23	31113	3	2	22	0	0	0	0	0	0	0	0	0	0	0	0	0	0	
519.524633	8	6	3	0	5	7	1	3919	-271	23	31172	3	2	23	0	0	0	0	0	0	0	0	0	0	0	0	0	0	
520.528317	8	6	3	0	5	7	1	3915	-270	23	31232	3	2	23	0	0	0	0	0	0	0	0	0	0	0	0	0	0	
521.534883	8	6	3	0	5	7	1	3913	-267	23	31293	3	2	23	0	0	0	0	0	0	0	0	0	0	0	0	0	0	
522.519833	8	6	3	0	5	7	1	3911	-269	22	31352	3	2	24	0	0	0	0	0	0	0	0	0	0	0	0	0	0	
523.530717	8	6	3	0	5	7	1	3909	-272	23	31412	3	2	24	0	0	0	0	0	0	0	0	0	0	0	0	0	0	
524.537283	8	6	3	0	5	7	1	3906	-270	23	31473	3	2	24	0	0	0	0	0	0	0	0	0	0	0	0	0	0	
525.522233	8	6	3	0	5	7	1	3903	-270	23	31532	3	2	25	0	0	0	0	0	0	0	0	0	0	0	0	0	0	
526.528800	8	6	3	0	5	7	1	3901	-270	23	31592	3	2	25	0	0	0	0	0	0	0	0	0	0	0	0	0	0	
527.533917	8	6	3	0	5	7	1	3898	-271	23	31653	3	2	25	0	0	0	0	0	0	0	0	0	0	0	0	0	0	
528.539033	8	6	3	0	5	7	1	3895	-269	23	31713	3	2	26	0	0	0	0	0	0	0	0	0	0	0	0	0	0	
529.525433	8	6	3	0	5	7	1	3893	-269	23	31772	3	2	26	0	0	0	0	0	0	0	0	0	0	0	0	0	0	
530.530567	8	6	3	0	5	7	1	3890	-269	23	31832	3	2	26	0	0	0	0	0	0	0	0	0	0	0	0	0	0	
531.535683	8	6	3	0	5	7	1	3887	-270	23	31893	3	2	27	0	0	0	0	0	0	0	0	0	0	0	0	0	0	
532.522083	8	6	3	0	5	7	1	3885	-268	23	31952	3	2	27	0	0	0	0	0	0	0	0	0	0	0	0	0	0	
533.527200	8	6	3	0	5	7	1	3883	-270	22	32012	3	2	27	0	0	0	0	0	0	0	0	0	0	0	0	0	0	
534.533767	8	6	3	0	5	7	1	3880	-271	22	32073	3	2	28	0	0	0	0	0	0	0	0	0	0	0	0	0	0	
535.537433	8	6	3	0	5	7	1	3877	-271	23	32133	3	2	28	0	0	0	0	0	0	0	0	0	0	0	0	0	0	
536.525283	8	6	3	0	5	7	1	3875	-270	23	32192	3	2	28	0	0	0	0	0	0	0	0	0	0	0	0	0	0	
537.530400	8	6	3	0	5	7	1	3872	-272	23	32252	3	2	29	0	0	0	0	0	0	0	0	0	0	0	0	0	0	
538.535517	8	6	3	0	5	7	1	3869	-269	23	32313	3	2	29	0	0	0	0	0	0	0	0	0	0	0	0	0	0	
539.521917	8	6	3	0	5	7	1	3867	-269	23	32372	3	2	29	0	0	0	0	0	0	0	0	0	0	0	0	0	0	
540.527033	8	6	3	0	5	7	1	3864	-270	22	32432	3	2	30	0	0	0	0	0	0	0	0	0	0	0	0	0	0	
541.532167	8	6	3	0	5	7	1	3862	-270	22	32493	3	2	30	0	0	0	0	0	0	0	0	0	0	0	0	0	0	
542.538717	8	6	3	0	5	7	1	3860	-272	22	32553	3	2	30	0	0	0	0	0	0	0	0	0	0	0	0	0	0	
543.523683	8	6	3	0	5	7	1	3857	-270	23	32612	3	2	31	0	0	0	0	0	0	0	0	0	0	0	0	0	0	
544.530233	8	6	3	0	5	7	1	3855	-271	23	32672	3	2	31	0	0	0	0	0	0	0	0	0	0	0	0	0	0	
545.535367	8	6	3	0	5	7	1	3852	-271	22	32733	3	2	31	0	0	0	0	0	0	0	0	0	0	0	0	0	0	
546.540483	8	6	3	0	5	7	1	3850	-268	22	32793	3	2	32	0	0	0	0	0	0	0	0	0	0	0	0	0	0	
547.526883	8	6	3	0	5	7	1	3847	-269	23	32852	3	2	32	0	0	0	0	0	0	0	0	0	0	0	0	0	0	
548.532000	8	6	3	0	5	7	1	3845	-268	22	32912	3	2	32	0	0	0	0	0	0	0	0	0	0	0	0	0	0	
549.537117	8	6	3	0	5	7	1	3843	-268	23	32973	3	2	32	0	0	0	0	0	0	0	0	0	0	0	0	0	0	
550.523517	8	6	3	0	5	7	1	3841	-269	22	33032	3	2	33	0	0	0	0	0	0	0	0	0	0	0	0	0	0	
551.528633	8	6	3	0	5	7	1	3838	-270	23	33092	3	2	33	0	0	0	0	0	0	0	0	0	0	0	0	0	0	
552.535200	8	6	3	0	5	7	1	3836	-267	23	33153	3	2	33	0	0	0	0	0	0	0	0	0	0	0	0	0	0	
553.538883	8	6	3	0	5	7	1	3833	-268	23	33213	3	2	34	0	0	0	0	0	0	0	0	0	0	0	0	0	0	
554.526717	8	6	3	0	5	7	1	3832	-267	22	33272	3	2	34	0	0	0	0	0	0	0	0	0	0	0	0	0	0	
555.531833	8	6	3	0	5	7	1	3830	-270	22	33332	3	2	34	0	0	0	0	0	0	0	0	0	0	0	0	0	0	
556.536967	8	6	3	0	5	7	1	3828	-270	23	33393	3	2	35	0	0	0	0	0	0	0	0	0	0	0	0	0	0	
557.523367	8	6	3	0	5	7	1	3826	-270	22	33452	3	2	35	0	0	0	0	0	0	0	0	0	0	0	0	0	0	
558.528483	8	6	3	0	5	7	1	3824	-270	22	33512	3	2	35	0	0	0	0	0	0	0	0	0	0	0	0	0	0	
559.533600	8	6	3	0	5	7	1	3822	-269	22	33572	3	2	36	0	0	0	0	0	0	0	0	0	0	0	0	0	0	
560.540167	8	6	3	0	5	7	1	3820	-269	22	33633	3	2	36	0	0	0	0	0	0	0	0	0	0	0	0	0	0	
561.525117	8	6	3	0	5	7	1	3818	-269	23	33692	3	2	36	0	0	0	0	0	0	0	0	0	0	0	0	0	0	
562.531683	8	6	3	0	5	7	1	3816	-270	23	33752	3	2	37	0	0	0	0	0	0	0	0	0	0	0	0	0	0	
563.536800	8	6	3	0	5	7	1	3814	-269	23	33813	3	2	37	0	0	0	0	0	0	0	0	0	0	0	0	0	0	
564.541917	8	6	3	0	5	7	1	3813	-273	23	33873	3	2	37	0	0	0	0	0	0	0	0	0	0	0	0	0	0	
565.528317	8	6	3	0	5	7	1	3811	-269	23	33932	3	2	38	0	0	0	0	0	0	0	0	0	0	0	0	0	0	
566.533433	8	6	3	0	5	7	1	3809	-269	23	33992	3	2	38	0	0	0	0	0	0	0	0	0	0	0	0	0	0	
567.538567	8	6	3	0	5	7	1	3807	-270	23	34053	3	2	38	0	0	0	0	0	0	0	0	0	0	0	0	0	0	
568.524967	8	6	3	0	5	7	1	3806	-270	23	34112	3	2	39	0	0	0	0	0	0	0	0	0	0	0	0	0	0	
569.534400	8	6	3	0	5	7	1	3803	-267	23	34172	3	2	39	0	0	0	0	0	0	0	0	0	0	0	0	0	0	
570.535200	8	6	3	0	5	7	1	3802	-270	23	34233	3	2	39	0	0	0	0	0	0	0	0	0	0	0	0	0	0	
571.530233	8	6	3	0	5	7	1	3800	-269	23	34292	3	2	40	0	0	0	0	0	0	0	0	0	0	0	0	0	0	
572.526717	8	6	3	0	5	7	1	3799	-270	23	34352	3	2	40	0	0	0	0	0	0	0	0	0	0	0	0	0	0	
573.540483	8	6	3	0	5	7	1	3797	-269	23	34413	3	2	40	0	0	0	0	0	0	0	0	0	0	0	0	0	0	
574.536967	8	6	3	0	5	7	1	3796	-269	23	34473	3	2	41	0	0	0	0	0	0	0	0	0	0	0	0	0	0	
575.532000	8	6	3	0	5	7	1	3794	-269	23	34532	3	2	41	0	0	0	0	0	0	0	0	0	0	0	0	0	0	
576.528483	8	6	3	0	5	7	1	3793	-269	23	34592	3	2	41	0	0	0	0	0	0	0	0	0	0	0	0	0	0	
577.523517	8	6	3	0	5	7	1	3791	-268	24	34652	3	2	42	0	0	0	0	0	0	0	0	0	0	0	0	0	0	
578.540167	8	6	3	0	5	7	1	3789	-270	24	34713	3	2	42	0	0	0	0	0	0	0	0	0	0	0	0	0	0	
579.539517	8	6	3	0	5	7	1	3788	-268	24	34773	3	2	42	0	0	0	0	0	0	0	0	0	0	0	0	0	0	
580.533117	8	6	3	0	5	7	1	3787	-270	24	34832	3	2	43	0	0	0	0	0	0	0	0	0	0	0	0	0	0	
581.531033	8	6	3	0	5	7	1	3785	-270	24	34892	3	2	43	0	0	0	0	0	0	0	0	0	0	0	0	0	0	
582.524633	8	6	3	0	5	7	1	3783	-270	24	34952	3	2	43	0	0	0	0	0	0	0	0	0	0	0	0	0	0	
583.541283	8	6	3	0	5	7	1	3782	-268	24	35013	3	2	44	0	0	0	0	0	0	0	0	0	0	0	0	0	0	
584.536317	8	6	3	0	5	7	1	3780	-271	24	35072	3	2	44	0	0	0	0	0	0	0	0	0	0	0	0	0	0	
585.532800	8	6	3	0	5	7	1	3779	-269	24	35132	3	2	44	0	0	0	0	0	0	0	0	0	0	0	0	0	0	
586.527833	8	6	3	0	5	7	1	3777	-270	24	35192	3	2	45	0	0	0	0	0	0	0	0	0	0	0	0	0	0	
587.541600	8	6	3	0	5	7	1	3776	-268	24	35253	3	2	45	0	0	0	0	0	0	0	0	0	0	0	0	0	0	
588.538083	8	6	3	0	5	7	1	3775	-269	24	35313	3	2	45	0	0	0	0	0	0	0	0	0	0	0	0	0	0	
589.533117	8	6	3	0	5	7	1	3773	-268	24	35372	3	2	45	0	0	0	0	0	0	0	0	0	0	0	0	0	0	
590.529600	8	6	3	0	5	7	1	3772	-268	24	35432	3	2	46	0	0	0	0	0	0	0	0	0	0	0	0	0	0	
591.539033	8	6	3	0	5	7	1	3771	-270	24	35493	3	2	46	0	0	0	0	0	0	0	0	0	0	0	0	0	0	
592.544167	8	6	3	0	5	7	1	3769	-270	24	35553	3	2	46	0	0	0	0	0	0	0	0	0	0	0	0	0	0	
593.530567	8	6	3	0	5	7	1	3767	-270	24	35612	3	2	47	0	0	0	0	0	0	0	0	0	0	0	0	0	0	
594.537117	8	6	3	0	5	7	1	3766	-270	24	35672	3	2	47	0	0	0	0	0	0	0	0	0	0	0	0	0	0	
595.540800	8	6	3	0	5	7	1	3765	-269	24	35733	3	2	47	0	0	0	0	0	0	0	0	0	0	0	0	0	0	
596.527200	8	6	3	0	5	7	1	3764	-269	24	35792	3	2	48	0	0	0	0	0	0	0	0	0	0	0	0	0	0	
597.533767	8	6	3	0	5	7	1	3762	-270	24	35852	3	2	48	0	0	0	0	0	0	0	0	0	0	0	0	0	0	
598.537433	8	6	3	0	5	7	1	3761	-269	24	35913	3	2	48	0	0	0	0	0	0	0	0	0	0	0	0	0	0	
599.544000	8	6	3	0	5	7	1	3760	-270	24	35973	3	2	49	0	0	0	0	0	0	0	0	0	0	0	0	0	0	
600.528967	8	6	3	0	5	7	1	3758	-269	24	36032	3	2	49	0	0	0	0	0	0	0	0	0	0	0	0	0	0	
601.535517	8	6	3	0	5	7	1	3757	-270	24	36092	3	2	49	0	0	0	0	0	0	0	0	0	0	0	0	0	0	
602.542083	8	6	3	0	5	7	1	3756	-269	24	36153	3	2	50	0	0	0	0	0	0	0	0	0	0	0	0	0	0	
603.527033	8	6	3	0	5	7	1	3755	-269	24	36212	3	2	50	0	0	0	0	0	0	0	0	0	0	0	0	0	0	
604.532167	8	6	3	0	5	7	1	3754	-271	24	36272	3	2	50	0	0	0	0	0	0	0	0	0	0	0	0	0	0	
605.538717	8	6	3	0	5	7	1	3752	-270	24	36333	3	2	51	0	0	0	0	0	0	0	0	0	0	0	0	0	0	
606.542400	8	6	3	0	5	7	1	3751	-269	24	36393	3	2	51	0	0	0	0	0	0	0	0	0	0	0	0	0	0	
607.530233	8	6	3	0	5	7	1	3750	-270	24	36452	3	2	51	0	0	0	0	0	0	0	0	0	0	0	0	0	0	
608.533917	8	6	3	0	5	7	1	3749	-270	24	36512	3	2	52	0	0	0	0	0	0	0	0	0	0	0	0	0	0	
609.540483	8	6	3	0	5	7	1	3747	-270	24	36573	3	2	52	0	0	0	0	0	0	0	0	0	0	0	0	0	0	
610.528317	8	6	3	0	5	7	1	3746	-271	24	36632	3	2	52	0	0	0	0	0	0	0	0	0	0	0	0	0	0	
611.532000	8	6	3	0	5	7	1	3745	-270	24	36692	3	2	53	0	0	0	0	0	0	0	0	0	0	0	0	0	0	
612.537117	8	6	3	0	5	7	1	3743	-269	24	36752	3	2	53	0	0	0	0	0	0	0	0	0	0	0	0	0	0	
613.543683	8	6	3	0	5	7	1	3742	-268	24	36813	3	2	53	0	0	0	0	0	0	0	0	0	0	0	0	0	0	
614.530083	8	6	3	0	5	7	1	3741	-270	25	36872	3	2	54	0	0	0	0	0	0	0	0	0	0	0	0	0	0	
615.535200	8	6	3	0	5	7	1	3740	-269	25	36932	3	2	54	0	0	0	0	0	0	0	0	0	0	0	0	0	0	
616.541767	8	6	3	0	5	7	1	3739	-271	25	36993	3	2	54	0	0	0	0	0	0	0	0	0	0	0	0	0	0	
617.528167	8	6	3	0	5	7	1	3738	-269	25	37052	3	2	55	0	0	0	0	0	0	0	0	0	0	0	0	0	0	
618.534717	8	6	3	0	5	7	1	3737	-270	25	37112	3	2	55	0	0	0	0	0	0	0	0	0	0	0	0	0	0	
619.538400	8	6	3	0	5	7	1	3736	-269	25	37173	3	2	55	0	0	0	0	0	0	0	0	0	0	0	0	0	0	
620.544967	8	6	3	0	5	7	1	3735	-270	25	37233	3	2	56	0	0	0	0	0	0	0	0	0	0	0	0	0	0	
621.529917	8	6	3	0	5	7	1	3733	-269	25	37292	3	2	56	0	0	0	0	0	0	0	0	0	0	0	0	0	0	
622.536483	8	6	3	0	5	7	1	3733	-268	25	37352	3	2	56	0	0	0	0	0	0	0	0	0	0	0	0	0	0	
623.541600	8	6	3	0	5	7	1	3732	-268	25	37413	3	2	57	0	0	0	0	0	0	0	0	0	0	0	0	0	0	
624.528000	8	6	3	0	5	7	1	3731	-271	25	37472	3	2	57	0	0	0	0	0	0	0	0	0	0	0	0	0	0	
625.533117	8	6	3	0	5	7	1	3729	-269	25	37532	3	2	57	0	0	0	0	0	0	0	0	0	0	0	0	0	0	
626.539683	8	6	3	0	5	7	1	3728	-270	25	37592	3	2	58	0	0	0	0	0	0	0	0	0	0	0	0	0	0	
627.543367	8	6	3	0	5	7	1	3727	-269	25	37653	3	2	58	0	0	0	0	0	0	0	0	0	0	0	0	0	0	
628.531200	8	6	3	0	5	7	1	3726	-268	25	37712	3	2	58	0	0	0	0	0	0	0	0	0	0	0	0	0	0	
629.536317	8	6	3	0	5	7	1	3725	-269	25	37772	3	2	59	0	0	0	0	0	0	0	0	0	0	0	0	0	0	
630.541433	8	6	3	0	5	7	1	3724	-271	25	37833	3	2	59	0	0	0	0	0	0	0	0	0	0	0	0	0	0	
631.546567	8	6	3	0	5	7	1	3723	-270	25	37893	3	2	59	0	0	0	0	0	0	0	0	0	0	0	0	0	0	
632.532967	8	6	3	0	5	7	1	3722	-271	25	37952	3	2	59	0	0	0	0	0	0	0	0	0	0	0	0	0	0	
633.538083	8	6	3	0	5	7	1	3721	-270	25	38012	3	2	60	0	0	0	0	0	0	0	0	0	0	0	0	0	0	
634.544633	8	6	3	0	5	7	1	3720	-270	25	38073	3	2	60	0	0	0	0	0	0	0	0	0	0	0	0	0	0	
635.529600	8	6	3	0	5	7	1	3719	-270	25	38132	3	2	60	0	0	0	0	0	0	0	0	0	0	0	0	0	0	
636.539033	8	6	3	0	5	7	1	3718	-268	25	38192	3	2	61	0	0	0	0	0	0	0	0	0	0	0	0	0	0	
637.539833	8	6	3	0	5	7	1	3717	-270	25	38252	3	2	61	0	0	0	0	0	0	0	0	0	0	0	0	0	0	
638.536317	8	6	3	0	5	7	1	3716	-268	25	38312	3	2	61	0	0	0	0	0	0	0	0	0	0	0	0	0	0	
639.531367	8	6	3	0	5	7	1	3715	-269	25	38372	3	2	62	0	0	0	0	0	0	0	0	0	0	0	0	0	0	
640.546567	8	6	3	0	5	7	1	3714	-270	25	38433	3	2	62	0	0	0	0	0	0	0	0	0	0	0	0	0	0	
641.541600	8	6	3	0	5	7	1	3713	-270	25	38493	3	2	62	0	0	0	0	0	0	0	0	0	0	0	0	0	0	
642.538083	8	6	3	0	5	7	1	3712	-269	25	38552	3	2	63	0	0	0	0	0	0	0	0	0	0	0	0	0	0	
643.533117	8	6	3	0	5	7	1	3711	-270	25	38612	3	2	63	0	0	0	0	0	0	0	0	0	0	0	0	0	0	
644.548317	8	6	3	0	5	7	1	3710	-269	25	38673	3	2	63	0	0	0	0	0	0	0	0	0	0	0	0	0	0	
645.543367	8	6	3	0	5	7	1	3709	-269	25	38733	3	2	64	0	0	0	0	0	0	0	0	0	0	0	0	0	0	
646.539833	8	6	3	0	5	7	1	3708	-270	25	38792	3	2	64	0	0	0	0	0	0	0	0	0	0	0	0	0	0	
647.534883	8	6	3	0	5	7	1	3706	-269	25	38852	3	2	64	0	0	0	0	0	0	0	0	0	0	0	0	0	0	
648.531367	8	6	3	0	5	7	1	3705	-269	25	38912	3	2	65	0	0	0	0	0	0	0	0	0	0	0	0	0	0	
649.536483	8	6	3	0	5	7	1	3704	-270	25	38972	3	2	65	0	0	0	0	0	0	0	0	0	0	0	0	0	0	
650.543033	8	6	3	0	5	7	1	3703	-270	25	39033	3	2	65	0	0	0	0	0	0	0	0	0	0	0	0	0	0	
651.546717	8	6	3	0	5	7	1	3702	-270	25	39093	3	2	66	0	0	0	0	0	0	0	0	0	0	0	0	0	0	
652.534567	8	6	3	0	5	7	1	3701	-269	25	39152	3	2	66	0	0	0	0	0	0	0	0	0	0	0	0	0	0	
653.538233	8	6	3	0	5	7	1	3700	-269	25	39212	3	2	66	0	0	0	0	0	0	0	0	0	0	0	0	0	0	
654.544800	8	6	3	0	5	7	1	3698	-270	25	39273	3	2	67	0	0	0	0	0	0	0	0	0	0	0	0	0	0	
655.531200	8	6	3	0	5	7	1	3697	-269	25	39332	3	2	67	0	0	0	0	0	0	0	0	0	0	0	0	0	0	
656.536317	8	6	3	0	5	7	1	3696	-269	25	39392	3	2	67	0	0	0	0	0	0	0	0	0	0	0	0	0	0	
657.541433	8	6	3	0	5	7	1	3695	-268	25	39452	3	2	68	0	0	0	0	0	0	0	0	0	0	0	0	0	0	
658.548000	8	6	3	0	5	7	1	3694	-269	25	39513	3	2	68	0	0	0	0	0	0	0	0	0	0	0	0	0	0	
659.532967	8	6	3	0	5	7	1	3693	-270	25	39572	3	2	68	0	0	0	0	0	0	0	0	0	0	0	0	0	0	
660.539517	8	6	3	0	5	7	1	3691	-268	25	39632	3	2	69	0	0	0	0	0	0	0	0	0	0	0	0	0	0	
661.544633	8	6	3	0	5	7	1	3690	-269	25	39693	3	2	69	0	0	0	0	0	0	0	0	0	0	0	0	0	0	
662.549767	8	6	3	0	5	7	1	3689	-269	25	39753	3	2	69	0	0	0	0	0	0	0	0	0	0	0	0	0	0	
663.537600	8	6	3	0	5	7	1	3688	-269	25	39812	3	2	70	0	0	0	0	0	0	0	0	0	0	0	0	0	0	
664.542717	8	6	3	0	5	7	1	3686	-270	25	39873	3	2	70	0	0	0	0	0	0	0	0	0	0	0	0	0	0	
665.547833	8	6	3	0	5	7	1	3685	-269	25	39933	3	2	70	0	0	0	0	0	0	0	0	0	0	0	0	0	0	
666.535683	8	6	3	0	5	7	1	3684	-269	25	39992	3	2	71	0	0	0	0	0	0	0	0	0	0	0	0	0	0	
667.539367	8	6	3	0	5	7	1	3682	-270	25	40052	3	2	71	0	0	0	0	0	0	0	0	0	0	0	0	0	0	
668.545917	8	6	3	0	5	7	1	3681	-271	25	40113	3	2	71	0	0	0	0	0	0	0	0	0	0	0	0	0	0	
669.530883	8	6	3	0	5	7	1	3680	-270	25	40172	3	2	71	0	0	0	0	0	0	0	0	0	0	0	0	0	0	
670.537433	8	6	3	0	5	7	1	3678	-271	25	40232	3	2	72	0	0	0	0	0	0	0	0	0	0	0	0	0	0	
671.542567	8	6	3	0	5	7	1	3677	-269	25	40293	3	2	72	0	0	0	0	0	0	0	0	0	0	0	0	0	0	
672.549117	8	6	3	0	5	7	1	3676	-270	25	40353	3	2	72	0	0	0	0	0	0	0	0	0	0	0	0	0	0	
673.535517	8	6	3	0	5	7	1	3674	-270	25	40412	3	2	73	0	0	0	0	0	0	0	0	0	0	0	0	0	0	
674.540633	8	6	3	0	5	7	1	3673	-269	25	40472	3	2	73	0	0	0	0	0	0	0	0	0	0	0	0	0	0	
675.544317	8	6	3	0	5	7	1	3671	-270	25	40533	3	2	73	0	0	0	0	0	0	0	0	0	0	0	0	0	0	
676.532167	8	6	3	0	5	7	1	3670	-269	25	40592	3	2	74	0	0	0	0	0	0	0	0	0	0	0	0	0	0	
677.538717	8	6	3	0	5	7	1	3668	-270	25	40652	3	2	74	0	0	0	0	0	0	0	0	0	0	0	0	0	0	
678.542400	8	6	3	0	5	7	1	3667	-269	25	40712	3	2	74	0	0	0	0	0	0	0	0	0	0	0	0	0	0	
679.547517	8	6	3	0	5	7	1	3665	-270	25	40773	3	2	75	0	0	0	0	0	0	0	0	0	0	0	0	0	0	
680.533917	8	6	3	0	5	7	1	3664	-270	25	40832	3	2	75	0	0	0	0	0	0	0	0	0	0	0	0	0	0	
681.540483	8	6	3	0	5	7	1	3662	-269	25	40892	3	2	75	0	0	0	0	0	0	0	0	0	0	0	0	0	0	
682.545600	8	6	3	0	5	7	1	3661	-270	25	40953	3	2	76	0	0	0	0	0	0	0	0	0	0	0	0	0	0	
683.549283	8	6	3	0	5	7	1	3659	-270	25	41013	3	2	76	0	0	0	0	0	0	0	0	0	0	0	0	0	0	
684.537117	8	6	3	0	5	7	1	3658	-270	25	41072	3	2	76	0	0	0	0	0	0	0	0	0	0	0	0	0	0	
685.543683	8	6	3	0	5	7	1	3656	-269	25	41132	3	2	77	0	0	0	0	0	0	0	0	0	0	0	0	0	0	
686.547367	8	6	3	0	5	7	1	3654	-269	25	41193	3	2	77	0	0	0	0	0	0	0	0	0	0	0	0	0	0	
687.535200	8	6	3	0	5	7	1	3653	-269	25	41252	3	2	77	0	0	0	0	0	0	0	0	0	0	0	0	0	0	
688.538883	8	6	3	0	5	7	1	3651	-270	26	41312	3	2	78	0	0	0	0	0	0	0	0	0	0	0	0	0	0	
689.545433	8	6	3	0	5	7	1	3650	-270	25	41373	3	2	78	0	0	0	0	0	0	0	0	0	0	0	0	0	0	
690.550567	8	6	3	0	5	7	1	3648	-270	26	41433	3	2	78	0	0	0	0	0	0	0	0	0	0	0	0	0	0	
691.536967	8	6	3	0	5	7	1	3647	-270	26	41492	3	2	79	0	0	0	0	0	0	0	0	0	0	0	0	0	0	
692.542083	8	6	3	0	5	7	1	3645	-269	26	41552	3	2	79	0	0	0	0	0	0	0	0	0	0	0	0	0	0	
693.548633	8	6	3	0	5	7	1	3644	-269	26	41613	3	2	79	0	0	0	0	0	0	0	0	0	0	0	0	0	0	
694.533600	8	6	3	0	5	7	1	3643	-268	26	41672	3	2	80	0	0	0	0	0	0	0	0	0	0	0	0	0	0	
695.540167	8	6	3	0	5	7	1	3642	-269	26	41732	3	2	80	0	0	0	0	0	0	0	0	0	0	0	0	0	0	
696.543833	8	6	3	0	5	7	1	3641	-270	26	41792	3	2	80	0	0	0	0	0	0	0	0	0	0	0	0	0	0	
697.550400	8	6	3	0	5	7	1	3640	-269	26	41853	3	2	81	0	0	0	0	0	0	0	0	0	0	0	0	0	0	
698.535367	8	6	3	0	5	7	1	3639	-270	26	41912	3	2	81	0	0	0	0	0	0	0	0	0	0	0	0	0	0	
699.541917	8	6	3	0	5	7	1	3638	-269	26	41972	3	2	81	0	0	0	0	0	0	0	0	0	0	0	0	0	0	
700.547033	8	6	3	0	5	7	1	3637	-270	26	42033	3	2	82	0	0	0	0	0	0	0	0	0	0	0	0	0	0	
701.553600	8	6	3	0	5	7	1	3636	-271	26	42093	3	2	82	0	0	0	0	0	0	0	0	0	0	0	0	0	0	
702.538567	8	6	3	0	5	7	1	3635	-270	26	42152	3	2	82	0	0	0	0	0	0	0	0	0	0	0	0	0	0	
703.545117	8	6	3	0	5	7	1	3634	-268	26	42212	3	2	83	0	0	0	0	0	0	0	0	0	0	0	0	0	0	
704.548800	8	6	3	0	5	7	1	3633	-270	26	42273	3	2	83	0	0	0	0	0	0	0	0	0	0	0	0	0	0	
705.536633	8	6	3	0	5	7	1	3632	-270	26	42332	3	2	83	0	0	0	0	0	0	0	0	0	0	0	0	0	0	
706.540317	8	6	3	0	5	7	1	3632	-270	26	42392	3	2	84	0	0	0	0	0	0	0	0	0	0	0	0	0	0	
707.546883	8	6	3	0	5	7	1	3630	-270	26	42453	3	2	84	0	0	0	0	0	0	0	0	0	0	0	0	0	0	
708.552000	8	6	3	0	5	7	1	3630	-269	26	42513	3	2	84	0	0	0	0	0	0	0	0	0	0	0	0	0	0	
709.538400	8	6	3	0	5	7	1	3628	-269	26	42572	3	2	84	0	0	0	0	0	0	0	0	0	0	0	0	0	0	
710.543517	8	6	3	0	5	7	1	3627	-271	26	42632	3	2	85	0	0	0	0	0	0	0	0	0	0	0	0	0	0	
711.550083	8	6	3	0	5	7	1	3626	-270	26	42693	3	2	85	0	0	0	0	0	0	0	0	0	0	0	0	0	0	
712.535033	8	6	3	0	5	7	1	3625	-270	26	42752	3	2	85	0	0	0	0	0	0	0	0	0	0	0	0	0	0	
713.541600	8	6	3	0	5	7	1	3624	-269	26	42812	3	2	86	0	0	0	0	0	0	0	0	0	0	0	0	0	0	
714.546717	8	6	3	0	5	7	1	3622	-269	26	42873	3	2	86	0	0	0	0	0	0	0	0	0	0	0	0	0	0	
715.551833	8	6	3	0	5	7	1	3621	-269	26	42933	3	2	86	0	0	0	0	0	0	0	0	0	0	0	0	0	0	
716.538233	8	6	3	0	5	7	1	3619	-270	26	42992	3	2	87	0	0	0	0	0	0	0	0	0	0	0	0	0	0	
717.547683	8	6	3	0	5	7	1	3617	-268	26	43053	3	2	87	0	0	0	0	0	0	0	0	0	0	0	0	0	0	
718.545600	8	6	3	0	5	7	1	3615	-270	26	43112	3	2	87	0	0	0	0	0	0	0	0	0	0	0	0	0	0	
719.540633	8	6	3	0	5	7	1	3613	-270	26	43172	3	2	88	0	0	0	0	0	0	0	0	0	0	0	0	0	0	
720.537117	8	6	3	0	5	7	1	3609	-272	26	43232	3	2	88	0	0	0	0	0	0	0	0	0	0	0	0	0	0	
721.552317	8	6	3	0	5	7	1	3607	-269	26	43293	3	2	88	0	0	0	0	0	0	0	0	0	0	0	0	0	0	
722.548800	8	6	3	0	5	7	1	3603	-269	26	43353	3	2	89	0	0	0	0	0	0	0	0	0	0	0	0	0	0	
723.543833	8	6	3	0	5	7	1	3599	-270	26	43412	3	2	89	0	0	0	0	0	0	0	0	0	0	0	0	0	0	
724.540317	8	6	3	0	5	7	1	3594	-271	26	43472	3	2	89	0	0	0	0	0	0	0	0	0	0	0	0	0	0	
725.554083	8	6	3	0	5	7	1	3588	-271	26	43533	3	2	90	0	0	0	0	0	0	0	0	0	0	0	0	0	0	
726.550567	8	6	3	0	5	7	1	3582	-271	26	43593	3	2	90	0	0	0	0	0	0	0	0	0	0	0	0	0	0	
727.545600	8	6	3	0	5	7	1	3575	-270	26	43652	3	2	90	0	0	0	0	0	0	0	0	0	0	0	0	0	0	
728.542083	8	6	3	0	5	7	1	3567	-270	26	43712	3	2	91	0	0	0	0	0	0	0	0	0	0	0	0	0	0	
729.537117	8	6	3	0	5	7	1	3558	-270	26	43772	3	2	91	0	0	0	0	0	0	0	0	0	0	0	0	0	0	
730.545117	8	6	3	0	5	7	1	3548	-269	26	43832	3	2	91	0	0	0	0	0	0	0	0	0	0	0	0	0	0	
731.551683	8	6	3	0	5	7	1	3537	-270	26	43893	3	2	92	0	0	0	0	0	0	0	0	0	0	0	0	0	0	
732.540967	8	6	3	0	5	7	1	3525	-271	26	43952	3	2	92	0	0	0	0	0	0	0	0	0	0	0	0	0	0	
733.547517	8	6	3	0	5	7	1	3511	-270	26	44013	3	2	92	0	0	0	0	0	0	0	0	0	0	0	0	0	0	
734.554083	8	6	3	0	5	7	1	3494	-271	26	44073	3	2	93	0	0	0	0	0	0	0	0	0	0	0	0	0	0	
735.539033	8	6	3	0	5	7	1	3476	-270	26	44132	3	2	93	0	0	0	0	0	0	0	0	0	0	0	0	0	0	
736.545600	8	6	3	0	5	7	1	3455	-269	26	44192	3	2	93	0	0	0	0	0	0	0	0	0	0	0	0	0	0	
737.550717	8	6	3	0	5	7	1	3430	-270	26	44253	3	2	94	0	0	0	0	0	0	0	0	0	0	0	0	0	0	
738.555833	8	6	3	0	5	7	1	3403	-271	26	44313	3	2	94	0	0	0	0	0	0	0	0	0	0	0	0	0	0	
739.542233	8	6	3	0	5	7	1	3372	-269	26	44372	3	2	94	0	0	0	0	0	0	0	0	0	0	0	0	0	0	
740.547367	8	6	3	0	5	7	1	3336	-269	26	44432	3	2	95	0	0	0	0	0	0	0	0	0	0	0	0	0	0	
741.552483	8	6	3	0	5	7	1	3294	-269	26	44493	3	2	95	0	0	0	0	0	0	0	0	0	0	0	0	0	0	
742.538883	8	6	3	0	5	7	1	3244	-270	26	44552	3	2	95	0	0	0	0	0	0	0	0	0	0	0	0	0	0	
743.544000	8	6	3	0	5	7	1	3179	-270	26	44612	3	2	96	0	0	0	0	0	0	0	0	0	0	0	0	0	0	
744.550567	8	6	3	0	5	7	1	3077	-268	26	44673	3	2	96	0	0	0	0	0	0	0	0	0	0	0	0	0	0	
745.554233	8	6	3	0	5	7	1	2843	-270	26	44733	3	2	96	0	0	0	0	0	0	0	0	0	0	0	0	0	0	
746.102883	8	15	3	0	6	31	2	2748	65	26	44766	4	2	96	0	0	0	0	0	0	0	0	0	0	0	0	0	0	
746.123033	8	4	3	0	6	3	2	2761	68	26	44767	4	2	96	0	0	0	0	0	0	0	0	0	0	0	0	0	0	
746.544967	8	4	3	0	6	3	2	2879	66	26	44792	4	2	96	0	0	0	0	0	0	0	0	0	0	0	0	0	0	
747.351367	8	3	3	0	6	2	2	3083	587	26	44841	5	2	96	0	0	0	0	0	0	0	0	0	0	0	0	0	0	
747.548633	8	3	3	0	6	2	2	3255	675	26	44853	5	2	96	0	0	0	0	0	0	0	0	0	0	0	0	0	0	
748.545117	8	3	3	0	6	2	2	3480	675	26	44912	5	2	96	0	0	0	0	0	0	0	0	0	0	0	0	0	0	
749.540167	8	3	3	0	6	2	2	3586	674	26	44972	5	2	96	0	0	0	0	0	0	0	0	0	0	0	0	0	0	
750.539517	8	3	3	0	6	2	2	3657	674	26	45032	5	2	96	0	0	0	0	0	0	0	0	0	0	0	0	0	0	
751.548967	8	3	3	0	6	2	2	3711	675	26	45093	5	2	96	0	0	0	0	0	0	0	0	0	0	0	0	0	0	
752.549767	8	3	3	0	6	2	2	3753	674	26	45153	5	2	96	0	0	0	0	0	0	0	0	0	0	0	0	0	0	
753.553433	8	3	3	0	6	2	2	3783	675	26	45213	5	2	96	0	0	0	0	0	0	0	0	0	0	0	0	0	0	
754.545600	8	3	3	0	6	2	2	3797	674	26	45272	5	2	96	0	0	0	0	0	0	0	0	0	0	0	0	0	0	
755.543517	8	3	3	0	6	2	2	3803	674	26	45332	5	2	96	0	0	0	0	0	0	0	0	0	0	0	0	0	0	
756.542883	8	3	3	0	6	2	2	3808	674	26	45392	5	2	96	0	0	0	0	0	0	0	0	0	0	0	0	0	0	
757.550883	8	3	3	0	6	2	2	3813	674	26	45453	5	2	96	0	0	0	0	0	0	0	0	0	0	0	0	0	0	
758.551683	8	3	3	0	6	2	2	3818	674	26	45513	5	2	96	0	0	0	0	0	0	0	0	0	0	0	0	0	0	
759.549600	8	3	3	0	6	2	2	3823	674	26	45573	5	2	96	0	0	0	0	0	0	0	0	0	0	0	0	0	0	
760.554717	8	3	3	0	6	2	2	3829	675	26	45633	5	2	96	0	0	0	0	0	0	0	0	0	0	0	0	0	0	
761.541117	8	3	3	0	6	2	2	3834	675	26	45692	5	2	96	0	0	0	0	0	0	0	0	0	0	0	0	0	0	
762.552000	8	3	3	0	6	2	2	3840	675	26	45753	5	2	96	0	0	0	0	0	0	0	0	0	0	0	0	0	0	
763.554233	8	3	3	0	6	2	2	3846	675	26	45813	5	2	96	0	0	0	0	0	0	0	0	0	0	0	0	0	0	
764.549283	8	3	3	0	6	2	2	3851	674	26	45872	5	2	96	0	0	0	0	0	0	0	0	0	0	0	0	0	0	
765.545767	8	3	3	0	6	2	2	3857	675	26	45932	5	2	96	0	0	0	0	0	0	0	0	0	0	0	0	0	0	
766.545117	8	3	3	0	6	2	2	3863	675	26	45992	5	2	96	0	0	0	0	0	0	0	0	0	0	0	0	0	0	
767.544483	8	3	3	0	6	2	2	3868	674	26	46052	5	2	96	0	0	0	0	0	0	0	0	0	0	0	0	0	0	
768.539517	8	3	3	0	6	2	2	3873	674	26	46112	5	2	96	0	0	0	0	0	0	0	0	0	0	0	0	0	0	
769.557600	8	3	3	0	6	2	2	3878	675	26	46173	5	2	96	0	0	0	0	0	0	0	0	0	0	0	0	0	0	
770.539683	8	3	3	0	6	2	2	3882	674	26	46232	5	2	96	0	0	0	0	0	0	0	0	0	0	0	0	0	0	
771.556317	8	3	3	0	6	2	2	3886	675	26	46293	5	2	96	0	0	0	0	0	0	0	0	0	0	0	0	0	0	
772.551367	8	3	3	0	6	2	2	3890	675	26	46353	5	2	96	0	0	0	0	0	0	0	0	0	0	0	0	0	0	
773.553600	8	3	3	0	6	2	2	3893	674	26	46413	5	2	96	0	0	0	0	0	0	0	0	0	0	0	0	0	0	
774.548633	8	3	3	0	6	2	2	3896	674	26	46472	5	2	96	0	0	0	0	0	0	0	0	0	0	0	0	0	0	
775.540800	8	3	3	0	6	2	2	3898	674	26	46532	5	2	96	0	0	0	0	0	0	0	0	0	0	0	0	0	0	
776.543033	8	3	3	0	6	2	2	3900	675	26	46592	5	2	96	0	0	0	0	0	0	0	0	0	0	0	0	0	0	
777.559683	8	3	3	0	6	2	2	3902	675	26	46653	5	2	96	0	0	0	0	0	0	0	0	0	0	0	0	0	0	
778.554717	8	3	3	0	6	2	2	3904	675	26	46713	5	2	96	0	0	0	0	0	0	0	0	0	0	0	0	0	0	
779.551200	8	3	3	0	6	2	2	3906	674	26	46772	5	2	96	0	0	0	0	0	0	0	0	0	0	0	0	0	0	
780.544800	8	3	3	0	6	2	2	3908	674	26	46832	5	2	96	0	0	0	0	0	0	0	0	0	0	0	0	0	0	
781.548483	8	3	3	0	6	2	2	3911	675	26	46892	5	2	96	0	0	0	0	0	0	0	0	0	0	0	0	0	0	
782.544967	8	3	3	0	6	2	2	3912	675	26	46952	5	2	96	0	0	0	0	0	0	0	0	0	0	0	0	0	0	
783.545767	8	3	3	0	6	2	2	3915	676	26	47012	5	2	96	0	0	0	0	0	0	0	0	0	0	0	0	0	0	
784.540800	8	3	3	0	6	2	2	3917	675	26	47072	5	2	96	0	0	0	0	0	0	0	0	0	0	0	0	0	0	
785.556000	8	3	3	0	6	2	2	3919	675	26	47133	5	2	96	0	0	0	0	0	0	0	0	0	0	0	0	0	0	
786.552483	8	3	3	0	6	2	2	3921	675	26	47193	5	2	96	0	0	0	0	0	0	0	0	0	0	0	0	0	0	
787.557600	8	3	3	0	6	2	2	3923	674	26	47253	5	2	96	0	0	0	0	0	0	0	0	0	0	0	0	0	0	
788.542567	8	3	3	0	6	2	2	3926	675	26	47312	5	2	96	0	0	0	0	0	0	0	0	0	0	0	0	0	0	
789.546233	8	3	3	0	6	2	2	3929	676	26	47372	5	2	96	0	0	0	0	0	0	0	0	0	0	0	0	0	0	
790.541283	8	3	3	0	6	2	2	3931	674	26	47432	5	2	96	0	0	0	0	0	0	0	0	0	0	0	0	0	0	
791.555033	8	3	3	0	6	2	2	3933	674	26	47493	5	2	96	0	0	0	0	0	0	0	0	0	0	0	0	0	0	
792.551517	8	3	3	0	6	2	2	3936	674	26	47552	5	2	96	0	0	0	0	0	0	0	0	0	0	0	0	0	0	
793.546567	8	3	3	0	6	2	2	3938	675	26	47612	5	2	96	0	0	0	0	0	0	0	0	0	0	0	0	0	0	
794.554567	8	3	3	0	6	2	2	3941	674	26	47673	5	2	96	0	0	0	0	0	0	0	0	0	0	0	0	0	0	
795.551033	8	3	3	0	6	2	2	3944	675	26	47732	5	2	96	0	0	0	0	0	0	0	0	0	0	0	0	0	0	
796.554717	8	3	3	0	6	2	2	3946	675	26	47793	5	2	96	0	0	0	0	0	0	0	0	0	0	0	0	0	0	
797.554083	8	3	3	0	6	2	2	3949	675	26	47853	5	2	96	0	0	0	0	0	0	0	0	0	0	0	0	0	0	
798.553433	8	3	3	0	6	2	2	3952	675	26	47913	5	2	96	0	0	0	0	0	0	0	0	0	0	0	0	0	0	
799.548483	8	3	3	0	6	2	2	3954	674	26	47972	5	2	96	0	0	0	0	0	0	0	0	0	0	0	0	0	0	
800.552167	8	3	3	0	6	2	2	3957	675	26	48033	5	2	96	0	0	0	0	0	0	0	0	0	0	0	0	0	0	
801.558717	8	3	3	0	6	2	2	3960	675	26	48093	5	2	96	0	0	0	0	0	0	0	0	0	0	0	0	0	0	
802.542233	8	3	3	0	6	2	2	3963	674	26	48152	5	2	96	0	0	0	0	0	0	0	0	0	0	0	0	0	0	
803.558883	8	3	3	0	6	2	2	3966	675	26	48213	5	2	96	0	0	0	0	0	0	0	0	0	0	0	0	0	0	
804.548167	8	3	3	0	6	2	2	3969	674	26	48272	5	2	96	0	0	0	0	0	0	0	0	0	0	0	0	0	0	
805.541767	8	3	3	0	6	2	2	3972	674	26	48332	5	2	96	0	0	0	0	0	0	0	0	0	0	0	0	0	0	
806.558400	8	3	3	0	6	2	2	3975	674	26	48393	5	2	96	0	0	0	0	0	0	0	0	0	0	0	0	0	0	
807.552000	8	3	3	0	6	2	2	3978	674	26	48452	5	2	96	0	0	0	0	0	0	0	0	0	0	0	0	0	0	
808.542717	8	3	3	0	6	2	2	3982	674	26	48512	5	2	96	0	0	0	0	0	0	0	0	0	0	0	0	0	0	
809.559367	8	3	3	0	6	2	2	3985	675	26	48573	5	2	96	0	0	0	0	0	0	0	0	0	0	0	0	0	0	
810.555833	8	3	3	0	6	2	2	3989	675	26	48633	5	2	96	0	0	0	0	0	0	0	0	0	0	0	0	0	0	
811.550883	8	3	3	0	6	2	2	3993	674	26	48692	5	2	96	0	0	0	0	0	0	0	0	0	0	0	0	0	0	
812.545917	8	3	3	0	6	2	2	3996	674	26	48752	5	2	96	0	0	0	0	0	0	0	0	0	0	0	0	0	0	
813.545283	8	3	3	0	6	2	2	4000	674	26	48812	5	2	96	0	0	0	0	0	0	0	0	0	0	0	0	0	0	
814.551833	8	3	3	0	6	2	2	4004	675	26	48872	5	2	96	0	0	0	0	0	0	0	0	0	0	0	0	0	0	
815.556967	8	3	3	0	6	2	2	4008	673	26	48933	5	2	96	0	0	0	0	0	0	0	0	0	0	0	0	0	0	
816.560633	8	3	3	0	6	2	2	4012	674	26	48993	5	2	96	0	0	0	0	0	0	0	0	0	0	0	0	0	0	
817.548483	8	3	3	0	6	2	2	4017	675	26	49052	5	2	96	0	0	0	0	0	0	0	0	0	0	0	0	0	0	
818.550717	8	3	3	0	6	2	2	4021	675	26	49112	5	2	96	0	0	0	0	0	0	0	0	0	0	0	0	0	0	
819.560167	8	3	3	0	6	2	2	4025	675	26	49173	5	2	96	0	0	0	0	0	0	0	0	0	0	0	0	0	0	
820.556633	8	3	3	0	6	2	2	4030	675	26	49233	5	2	96	0	0	0	0	0	0	0	0	0	0	0	0	0	0	
821.557433	8	3	3	0	6	2	2	4034	675	26	49293	5	2	96	0	0	0	0	0	0	0	0	0	0	0	0	0	0	
822.549600	8	3	3	0	6	2	2	4038	675	26	49352	5	2	96	0	0	0	0	0	0	0	0	0	0	0	0	0	0	
823.553283	8	3	3	0	6	2	2	4043	674	26	49412	5	2	96	0	0	0	0	0	0	0	0	0	0	0	0	0	0	
824.551200	8	3	3	0	6	2	2	4048	674	26	49472	5	2	96	0	0	0	0	0	0	0	0	0	0	0	0	0	0	
825.544800	8	3	3	0	6	2	2	4052	675	26	49532	5	2	96	0	0	0	0	0	0	0	0	0	0	0	0	0	0	
826.547033	8	3	3	0	6	2	2	4057	678	26	49592	5	2	96	0	0	0	0	0	0	0	0	0	0	0	0	0	0	
827.549283	8	3	3	0	6	2	2	4062	675	26	49652	5	2	96	0	0	0	0	0	0	0	0	0	0	0	0	0	0	
828.555833	8	3	3	0	6	2	2	4067	673	26	49713	5	2	96	0	0	0	0	0	0	0	0	0	0	0	0	0	0	
829.552317	8	3	3	0	6	2	2	4072	674	26	49772	5	2	96	0	0	0	0	0	0	0	0	0	0	0	0	0	0	
830.551683	8	3	3	0	6	2	2	4077	675	26	49832	5	2	96	0	0	0	0	0	0	0	0	0	0	0	0	0	0	
831.549600	8	3	3	0	6	2	2	4082	674	26	49892	5	2	96	0	0	0	0	0	0	0	0	0	0	0	0	0	0	
832.559033	8	3	3	0	6	2	2	4088	675	26	49953	5	2	96	0	0	0	0	0	0	0	0	0	0	0	0	0	0	
833.545433	8	3	3	0	6	2	2	4093	675	26	50012	5	2	96	0	0	0	0	0	0	0	0	0	0	0	0	0	0	
834.547683	8	3	3	0	6	2	2	4098	675	26	50072	5	2	96	0	0	0	0	0	0	0	0	0	0	0	0	0	0	
835.549917	8	3	3	0	6	2	2	4104	675	26	50132	5	2	96	0	0	0	0	0	0	0	0	0	0	0	0	0	0	
836.550717	8	3	3	0	6	2	2	4110	674	26	50192	5	2	96	0	0	0	0	0	0	0	0	0	0	0	0	0	0	
837.547200	8	3	3	0	6	2	2	4116	675	26	50252	5	2	96	0	0	0	0	0	0	0	0	0	0	0	0	0	0	
838.553767	8	3	3	0	6	2	2	4120	667	26	50312	5	2	96	0	0	0	0	0	0	0	0	0	0	0	0	0	0	
839.547367	8	3	3	0	6	2	2	4126	666	26	50372	5	2	96	0	0	0	0	0	0	0	0	0	0	0	0	0	0	
840.552483	8	3	3	0	6	2	2	4132	666	26	50432	5	2	96	0	0	0	0	0	0	0	0	0	0	0	0	0	0	
841.553283	8	3	3	0	6	2	2	4137	664	26	50492	5	2	96	0	0	0	0	0	0	0	0	0	0	0	0	0	0	
842.545433	8	3	3	0	6	2	2	4144	663	26	50552	5	2	96	0	0	0	0	0	0	0	0	0	0	0	0	0	0	
843.546233	8	3	3	0	6	2	2	4150	663	26	50612	5	2	96	0	0	0	0	0	0	0	0	0	0	0	0	0	0	
844.561433	8	3	3	0	6	2	2	4156	662	26	50673	5	2	96	0	0	0	0	0	0	0	0	0	0	0	0	0	0	
845.560800	8	3	3	0	6	2	2	4162	661	26	50733	5	2	96	0	0	0	0	0	0	0	0	0	0	0	0	0	0	
846.557283	8	3	3	0	6	2	2	4169	660	26	50793	5	2	96	0	0	0	0	0	0	0	0	0	0	0	0	0	0	
847.553767	8	3	3	0	6	2	2	4175	659	26	50852	5	2	96	0	0	0	0	0	0	0	0	0	0	0	0	0	0	
848.547367	8	3	3	0	6	2	2	4182	657	26	50912	5	2	96	0	0	0	0	0	0	0	0	0	0	0	0	0	0	
849.559683	8	3	3	0	6	2	2	4189	657	27	50973	5	2	96	0	0	0	0	0	0	0	0	0	0	0	0	0	0	
850.556167	8	3	3	0	6	2	2	4195	656	26	51032	5	2	96	0	0	0	0	0	0	0	0	0	0	0	0	0	0	
851.551200	8	3	3	0	6	2	2	4203	655	26	51092	5	2	96	0	0	0	0	0	0	0	0	0	0	0	0	0	0	
852.547683	8	3	3	0	6	2	2	4210	654	27	51152	5	2	96	0	0	0	0	0	0	0	0	0	0	0	0	0	0	
853.561433	8	3	3	0	6	2	2	4210	612	26	51213	5	2	96	0	0	0	0	0	0	0	0	0	0	0	0	0	0	
854.550717	8	3	3	0	6	2	2	4210	579	26	51272	5	2	96	0	0	0	0	0	0	0	0	0	0	0	0	0	0	
855.551517	8	3	3	0	6	2	2	4210	549	26	51332	5	2	96	0	0	0	0	0	0	0	0	0	0	0	0	0	0	
856.549433	8	3	3	0	6	2	2	4210	522	26	51392	5	2	96	0	0	0	0	0	0	0	0	0	0	0	0	0	0	
857.550233	8	3	3	0	6	2	2	4210	494	27	51452	5	2	96	0	0	0	0	0	0	0	0	0	0	0	0	0	0	
858.555367	8	3	3	0	6	2	2	4210	470	26	51512	5	2	96	0	0	0	0	0	0	0	0	0	0	0	0	0	0	
859.561917	8	3	3	0	6	2	2	4210	446	27	51573	5	2	96	0	0	0	0	0	0	0	0	0	0	0	0	0	0	
860.558400	8	3	3	0	6	2	2	4210	424	27	51633	5	2	96	0	0	0	0	0	0	0	0	0	0	0	0	0	0	
861.557767	8	3	3	0	6	2	2	4210	402	27	51693	5	2	96	0	0	0	0	0	0	0	0	0	0	0	0	0	0	
862.554233	8	3	3	0	6	2	2	4210	382	27	51752	5	2	96	0	0	0	0	0	0	0	0	0	0	0	0	0	0	
863.557917	8	3	3	0	6	2	2	4210	363	27	51813	5	2	96	0	0	0	0	0	0	0	0	0	0	0	0	0	0	
864.554400	8	3	3	0	6	2	2	4210	344	27	51872	5	2	96	0	0	0	0	0	0	0	0	0	0	0	0	0	0	
865.549433	8	3	3	0	6	2	2	4210	326	26	51932	5	2	96	0	0	0	0	0	0	0	0	0	0	0	0	0	0	
866.564633	8	3	3	0	6	2	2	4210	310	27	51993	5	2	96	0	0	0	0	0	0	0	0	0	0	0	0	0	0	
867.549600	8	3	3	0	6	2	2	4210	295	27	52052	5	2	96	0	0	0	0	0	0	0	0	0	0	0	0	0	0	
868.550400	8	3	3	0	6	2	2	4210	280	27	52112	5	2	96	0	0	0	0	0	0	0	0	0	0	0	0	0	0	
869.556967	8	3	3	0	6	2	2	4210	266	26	52172	5	2	96	0	0	0	0	0	0	0	0	0	0	0	0	0	0	
870.550567	8	3	3	0	6	2	2	4210	252	26	52232	5	2	96	0	0	0	0	0	0	0	0	0	0	0	0	0	0	
871.551367	8	3	3	0	6	2	2	4210	240	27	52292	5	2	96	0	0	0	0	0	0	0	0	0	0	0	0	0	0	
872.566567	8	3	3	0	6	2	2	4210	229	27	52353	5	2	96	0	0	0	0	0	0	0	0	0	0	0	0	0	0	
873.561600	8	3	3	0	6	2	2	4210	217	27	52413	5	2	96	0	0	0	0	0	0	0	0	0	0	0	0	0	0	
874.562400	8	3	3	0	6	2	2	4210	207	27	52473	5	2	96	0	0	0	0	0	0	0	0	0	0	0	0	0	0	
875.560317	8	3	3	0	6	2	2	4210	196	27	52533	5	2	96	0	0	0	0	0	0	0	0	0	0	0	0	0	0	
876.556800	8	3	3	0	6	2	2	4210	187	27	52592	5	2	96	0	0	0	0	0	0	0	0	0	0	0	0	0	0	
877.551833	8	3	3	0	6	2	2	4210	179	26	52652	5	2	96	0	0	0	0	0	0	0	0	0	0	0	0	0	0	
878.561283	8	3	3	0	6	2	2	4210	171	27	52713	5	2	96	0	0	0	0	0	0	0	0	0	0	0	0	0	0	
879.563517	8	3	3	0	6	2	2	4210	162	27	52773	5	2	96	0	0	0	0	0	0	0	0	0	0	0	0	0	0	
880.558567	8	3	3	0	6	2	2	4210	156	27	52833	5	2	96	0	0	0	0	0	0	0	0	0	0	0	0	0	0	
881.556483	8	3	3	0	6	2	2	4210	147	27	52892	5	2	96	0	0	0	0	0	0	0	0	0	0	0	0	0	0	
882.560167	8	3	3	0	6	2	2	4210	141	27	52953	5	2	96	0	0	0	0	0	0	0	0	0	0	0	0	0	0	
883.556633	8	3	3	0	6	2	2	4210	134	27	53012	5	2	96	0	0	0	0	0	0	0	0	0	0	0	0	0	0	
884.557433	8	3	3	0	6	2	2	4210	129	27	53072	5	2	96	0	0	0	0	0	0	0	0	0	0	0	0	0	0	
885.561117	8	3	3	0	6	2	2	4210	123	27	53133	5	2	96	0	0	0	0	0	0	0	0	0	0	0	0	0	0	
886.567683	8	3	3	0	6	2	2	4210	118	27	53193	5	2	96	0	0	0	0	0	0	0	0	0	0	0	0	0	0	
887.551200	8	3	3	0	6	2	2	4210	112	27	53252	5	2	96	0	0	0	0	0	0	0	0	0	0	0	0	0	0	
888.557767	8	3	3	0	6	2	2	4210	108	27	53312	5	2	96	0	0	0	0	0	0	0	0	0	0	0	0	0	0	
889.560000	8	3	3	0	6	2	2	4210	104	27	53373	5	2	96	0	0	0	0	0	0	0	0	0	0	0	0	0	0	
890.559367	8	3	3	0	6	2	2	4210	99	27	53433	5	2	96	0	0	0	0	0	0	0	0	0	0	0	0	0	0	
891.554400	8	3	3	0	6	2	2	4210	95	27	53492	5	2	96	0	0	0	0	0	0	0	0	0	0	0	0	0	0	
892.550883	8	3	3	0	6	2	2	4210	91	27	53552	5	2	96	0	0	0	0	0	0	0	0	0	0	0	0	0	0	
893.551683	8	3	3	0	6	2	2	4210	88	27	53612	5	2	96	0	0	0	0	0	0	0	0	0	0	0	0	0	0	
894.558233	8	3	3	0	6	2	2	4210	83	27	53672	5	2	96	0	0	0	0	0	0	0	0	0	0	0	0	0	0	
895.561917	8	3	3	0	6	2	2	4210	79	27	53733	5	2	96	0	0	0	0	0	0	0	0	0	0	0	0	0	0	
896.562717	8	3	3	0	6	2	2	4210	77	27	53793	5	2	96	0	0	0	0	0	0	0	0	0	0	0	0	0	0	
897.556317	8	3	3	0	6	2	2	4210	73	27	53852	5	2	96	0	0	0	0	0	0	0	0	0	0	0	0	0	0	
898.557117	8	3	3	0	6	2	2	4210	71	27	53912	5	2	96	0	0	0	0	0	0	0	0	0	0	0	0	0	0	
899.553600	8	3	3	0	6	2	2	4210	67	27	53972	5	2	96	0	0	0	0	0	0	0	0	0	0	0	0	0	0	
899.745117	4	0	3	0	7	19	5	4205	29	27	53984	5	2	96	0	0	0	0	0	0	0	0	0	0	0	0	0	0	
900.550083	4	0	3	0	7	19	5	4198	0	27	54032	5	2	96	0	0	0	0	0	0	0	0	0	0	0	0	0	0	
901.565283	4	0	3	0	7	19	5	4196	0	27	54093	5	2	96	0	0	0	0	0	0	0	0	0	0	0	0	0	0	
902.560317	4	0	3	0	7	19	5	4195	0	27	54153	5	2	96	0	0	0	0	0	0	0	0	0	0	0	0	0	0	
903.556800	4	0	3	0	7	19	5	4194	0	27	54212	5	2	96	0	0	0	0	0	0	0	0	0	0	0	0	0	0	
904.551833	4	0	3	0	7	19	5	4193	0	27	54272	5	2	96	0	0	0	0	0	0	0	0	0	0	0	0	0	0	
905.567033	4	0	3	0	7	19	5	4193	0	27	54333	5	2	96	0	0	0	0	0	0	0	0	0	0	0	0	0	0	
906.563517	4	0	3	0	7	19	5	4192	0	27	54393	5	2	96	0	0	0	0	0	0	0	0	0	0	0	0	0	0	
907.560000	4	0	3	0	7	19	5	4192	0	27	54452	5	2	96	0	0	0	0	0	0	0	0	0	0	0	0	0	0	
908.555033	4	0	3	0	7	19	5	4191	0	27	54512	5	2	96	0	0	0	0	0	0	0	0	0	0	0	0	0	0	
909.551517	4	0	3	0	7	19	5	4191	0	27	54572	5	2	96	0	0	0	0	0	0	0	0	0	0	0	0	0	0	
910.555200	4	0	3	0	7	19	5	4190	0	27	54632	5	2	96	0	0	0	0	0	0	0	0	0	0	0	0	0	0	
911.561767	4	0	3	0	7	19	5	4190	0	27	54693	5	2	96	0	0	0	0	0	0	0	0	0	0	0	0	0	0	
912.566883	4	0	3	0	7	19	5	4190	0	27	54753	5	2	96	0	0	0	0	0	0	0	0	0	0	0	0	0	0	
913.553283	4	0	3	0	7	19	5	4190	0	27	54812	5	2	96	0	0	0	0	0	0	0	0	0	0	0	0	0	0	
914.559833	4	0	3	0	7	19	5	4189	0	27	54872	5	2	96	0	0	0	0	0	0	0	0	0	0	0	0	0	0	
915.566400	4	0	3	0	7	19	5	4189	0	27	54933	5	2	96	0	0	0	0	0	0	0	0	0	0	0	0	0	0	
916.551367	4	0	3	0	7	19	5	4189	0	27	54992	5	2	96	0	0	0	0	0	0	0	0	0	0	0	0	0	0	
917.557917	4	0	3	0	7	19	5	4189	0	27	55052	5	2	96	0	0	0	0	0	0	0	0	0	0	0	0	0	0	
918.564483	4	0	3	0	7	19	5	4188	0	27	55113	5	2	96	0	0	0	0	0	0	0	0	0	0	0	0	0	0	
919.568167	4	0	3	0	7	19	5	4188	0	27	55173	5	2	96	0	0	0	0	0	0	0	0	0	0	0	0	0	0	
920.556000	4	0	3	0	7	19	5	4188	0	27	55232	5	2	96	0	0	0	0	0	0	0	0	0	0	0	0	0	0	
921.559683	4	0	3	0	7	19	5	4188	0	27	55292	5	2	96	0	0	0	0	0	0	0	0	0	0	0	0	0	0	
922.564800	4	0	3	0	7	19	5	4188	0	27	55353	5	2	96	0	0	0	0	0	0	0	0	0	0	0	0	0	0	
923.552633	4	0	3	0	7	19	5	4188	0	27	55412	5	2	96	0	0	0	0	0	0	0	0	0	0	0	0	0	0	
924.556317	4	0	3	0	7	19	5	4188	0	27	55472	5	2	96	0	0	0	0	0	0	0	0	0	0	0	0	0	0	
925.562883	4	0	3	0	7	19	5	4187	0	27	55533	5	2	96	0	0	0	0	0	0	0	0	0	0	0	0	0	0	
926.569433	4	0	3	0	7	19	5	4187	0	27	55593	5	2	96	0	0	0	0	0	0	0	0	0	0	0	0	0	0	
927.554400	4	0	3	0	7	19	5	4187	0	27	55652	5	2	96	0	0	0	0	0	0	0	0	0	0	0	0	0	0	
928.560967	4	0	3	0	7	19	5	4187	0	27	55712	5	2	96	0	0	0	0	0	0	0	0	0	0	0	0	0	0	
929.564633	4	0	3	0	7	19	5	4187	0	27	55773	5	2	96	0	0	0	0	0	0	0	0	0	0	0	0	0	0	
929.773433	8	6	3	0	8	7	1	4177	-82	27	55785	5	3	0	0	0	0	0	0	0	0	0	0	0	0	0	0	0	
930.553917	8	6	3	0	8	7	1	4163	-135	27	55832	5	3	0	0	0	0	0	0	0	0	0	0	0	0	0	0	0	
931.559033	8	6	3	0	8	7	1	4159	-135	27	55892	5	3	0	0	0	0	0	0	0	0	0	0	0	0	0	0	0	
932.564167	8	6	3	0	8	7	1	4157	-134	27	55953	5	3	0	0	0	0	0	0	0	0	0	0	0	0	0	0	0	
933.569283	8	6	3	0	8	7	1	4154	-135	27	56013	5	3	0	0	0	0	0	0	0	0	0	0	0	0	0	0	0	
934.555683	8	6	3	0	8	7	1	4152	-135	27	56072	5	3	0	0	0	0	0	0	0	0	0	0	0	0	0	0	0	
935.560800	8	6	3	0	8	7	1	4150	-135	27	56132	5	3	0	0	0	0	0	0	0	0	0	0	0	0	0	0	0	
936.567367	8	6	3	0	8	7	1	4148	-134	27	56193	5	3	1	0	0	0	0	0	0	0	0	0	0	0	0	0	0	
937.552317	8	6	3	0	8	7	1	4146	-134	27	56252	5	3	1	0	0	0	0	0	0	0	0	0	0	0	0	0	0	
938.558883	8	6	3	0	8	7	1	4144	-135	27	56312	5	3	1	0	0	0	0	0	0	0	0	0	0	0	0	0	0	
939.564000	8	6	3	0	8	7	1	4142	-135	27	56373	5	3	1	0	0	0	0	0	0	0	0	0	0	0	0	0	0	
940.569117	8	6	3	0	8	7	1	4140	-136	27	56433	5	3	1	0	0	0	0	0	0	0	0	0	0	0	0	0	0	
941.555517	8	6	3	0	8	7	1	4139	-135	27	56492	5	3	1	0	0	0	0	0	0	0	0	0	0	0	0	0	0	
942.560633	8	6	3	0	8	7	1	4137	-134	27	56552	5	3	2	0	0	0	0	0	0	0	0	0	0	0	0	0	0	
943.565767	8	6	3	0	8	7	1	4135	-136	27	56613	5	3	2	0	0	0	0	0	0	0	0	0	0	0	0	0	0	
944.556483	8	6	3	0	8	7	1	4133	-134	27	56672	5	3	2	0	0	0	0	0	0	0	0	0	0	0	0	0	0	
945.554400	8	6	3	0	8	7	1	4132	-134	27	56732	5	3	2	0	0	0	0	0	0	0	0	0	0	0	0	0	0	
946.568167	8	6	3	0	8	7	1	4130	-134	27	56793	5	3	2	0	0	0	0	0	0	0	0	0	0	0	0	0	0	
947.564633	8	6	3	0	8	7	1	4128	-134	27	56853	5	3	2	0	0	0	0	0	0	0	0	0	0	0	0	0	0	
948.559683	8	6	3	0	8	7	1	4127	-135	27	56912	5	3	2	0	0	0	0	0	0	0	0	0	0	0	0	0	0	
949.556167	8	6	3	0	8	7	1	4125	-134	27	56972	5	3	3	0	0	0	0	0	0	0	0	0	0	0	0	0	0	
950.571367	8	6	3	0	8	7	1	4123	-135	27	57033	5	3	3	0	0	0	0	0	0	0	0	0	0	0	0	0	0	
951.567833	8	6	3	0	8	7	1	4122	-132	27	57093	5	3	3	0	0	0	0	0	0	0	0	0	0	0	0	0	0	
952.562883	8	6	3	0	8	7	1	4120	-136	27	57152	5	3	3	0	0	0	0	0	0	0	0	0	0	0	0	0	0	
953.559367	8	6	3	0	8	7	1	4118	-134	27	57212	5	3	3	0	0	0	0	0	0	0	0	0	0	0	0	0	0	
954.555833	8	6	3	0	8	7	1	4117	-134	27	57272	5	3	3	0	0	0	0	0	0	0	0	0	0	0	0	0	0	
955.569600	8	6	3	0	8	7	1	4115	-134	27	57333	5	3	4	0	0	0	0	0	0	0	0	0	0	0	0	0	0	
956.564633	8	6	3	0	8	7	1	4114	-135	27	57393	5	3	4	0	0	0	0	0	0	0	0	0	0	0	0	0	0	
957.555367	8	6	3	0	8	7	1	4112	-134	27	57452	5	3	4	0	0	0	0	0	0	0	0	0	0	0	0	0	0	
958.560483	8	6	3	0	8	7	1	4111	-134	27	57512	5	3	4	0	0	0	0	0	0	0	0	0	0	0	0	0	0	
959.565600	8	6	3	0	8	7	1	4109	-135	27	57573	5	3	4	0	0	0	0	0	0	0	0	0	0	0	0	0	0	
960.572167	8	6	3	0	8	7	1	4107	-134	27	57633	5	3	4	0	0	0	0	0	0	0	0	0	0	0	0	0	0	
961.557117	8	6	3	0	8	7	1	4106	-136	27	57692	5	3	5	0	0	0	0	0	0	0	0	0	0	0	0	0	0	
962.563683	8	6	3	0	8	7	1	4104	-134	27	57752	5	3	5	0	0	0	0	0	0	0	0	0	0	0	0	0	0	
963.567367	8	6	3	0	8	7	1	4103	-134	27	57813	5	3	5	0	0	0	0	0	0	0	0	0	0	0	0	0	0	
964.555200	8	6	3	0	8	7	1	4101	-134	27	57872	5	3	5	0	0	0	0	0	0	0	0	0	0	0	0	0	0	
965.560317	8	6	3	0	8	7	1	4100	-134	27	57932	5	3	5	0	0	0	0	0	0	0	0	0	0	0	0	0	0	
966.565433	8	6	3	0	8	7	1	4098	-134	27	57992	5	3	5	0	0	0	0	0	0	0	0	0	0	0	0	0	0	
967.570567	8	6	3	0	8	7	1	4097	-135	27	58053	5	3	5	0	0	0	0	0	0	0	0	0	0	0	0	0	0	
968.556967	8	6	3	0	8	7	1	4095	-134	27	58112	5	3	6	0	0	0	0	0	0	0	0	0	0	0	0	0	0	
969.562083	8	6	3	0	8	7	1	4094	-133	27	58172	5	3	6	0	0	0	0	0	0	0	0	0	0	0	0	0	0	
970.568633	8	6	3	0	8	7	1	4092	-134	27	58233	5	3	6	0	0	0	0	0	0	0	0	0	0	0	0	0	0	
971.572317	8	6	3	0	8	7	1	4091	-133	27	58293	5	3	6	0	0	0	0	0	0	0	0	0	0	0	0	0	0	
972.560167	8	6	3	0	8	7	1	4089	-135	27	58352	5	3	6	0	0	0	0	0	0	0	0	0	0	0	0	0	0	
973.563833	8	6	3	0	8	7	1	4088	-134	27	58412	5	3	6	0	0	0	0	0	0	0	0	0	0	0	0	0	0	
974.570400	8	6	3	0	8	7	1	4086	-134	27	58473	5	3	7	0	0	0	0	0	0	0	0	0	0	0	0	0	0	
975.558233	8	6	3	0	8	7	1	4085	-134	27	58532	5	3	7	0	0	0	0	0	0	0	0	0	0	0	0	0	0	
976.561917	8	6	3	0	8	7	1	4083	-134	27	58592	5	3	7	0	0	0	0	0	0	0	0	0	0	0	0	0	0	
977.567033	8	6	3	0	8	7	1	4082	-135	27	58653	5	3	7	0	0	0	0	0	0	0	0	0	0	0	0	0	0	
978.573600	8	6	3	0	8	7	1	4080	-134	27	58713	5	3	7	0	0	0	0	0	0	0	0	0	0	0	0	0	0	
979.558567	8	6	3	0	8	7	1	4079	-135	27	58772	5	3	7	0	0	0	0	0	0	0	0	0	0	0	0	0	0	
980.565117	8	6	3	0	8	7	1	4077	-134	27	58832	5	3	8	0	0	0	0	0	0	0	0	0	0	0	0	0	0	
981.568800	8	6	3	0	8	7	1	4076	-133	27	58893	5	3	8	0	0	0	0	0	0	0	0	0	0	0	0	0	0	
982.556633	8	6	3	0	8	7	1	4074	-135	27	58952	5	3	8	0	0	0	0	0	0	0	0	0	0	0	0	0	0	
983.560317	8	6	3	0	8	7	1	4072	-135	27	59012	5	3	8	0	0	0	0	0	0	0	0	0	0	0	0	0	0	
984.566883	8	6	3	0	8	7	1	4071	-134	27	59072	5	3	8	0	0	0	0	0	0	0	0	0	0	0	0	0	0	
985.572000	8	6	3	0	8	7	1	4070	-135	27	59133	5	3	8	0	0	0	0	0	0	0	0	0	0	0	0	0	0	
986.558400	8	6	3	0	8	7	1	4068	-134	27	59192	5	3	8	0	0	0	0	0	0	0	0	0	0	0	0	0	0	
987.563517	8	6	3	0	8	7	1	4067	-135	27	59252	5	3	9	0	0	0	0	0	0	0	0	0	0	0	0	0	0	
988.574400	8	6	3	0	8	7	1	4066	-135	27	59313	5	3	9	0	0	0	0	0	0	0	0	0	0	0	0	0	0	
989.560800	8	6	3	0	8	7	1	4064	-134	27	59372	5	3	9	0	0	0	0	0	0	0	0	0	0	0	0	0	0	
990.565917	8	6	3	0	8	7	1	4063	-135	27	59432	5	3	9	0	0	0	0	0	0	0	0	0	0	0	0	0	0	
991.571033	8	6	3	0	8	7	1	4061	-134	27	59493	5	3	9	0	0	0	0	0	0	0	0	0	0	0	0	0	0	
992.557433	8	6	3	0	8	7	1	4059	-134	27	59552	5	3	9	0	0	0	0	0	0	0	0	0	0	0	0	0	0	
993.564000	8	6	3	0	8	7	1	4058	-134	27	59612	5	3	10	0	0	0	0	0	0	0	0	0	0	0	0	0	0	
994.567683	8	6	3	0	8	7	1	4057	-134	27	59673	5	3	10	0	0	0	0	0	0	0	0	0	0	0	0	0	0	
995.574233	8	6	3	0	8	7	1	4055	-134	27	59733	5	3	10	0	0	0	0	0	0	0	0	0	0	0	0	0	0	
996.559200	8	6	3	0	8	7	1	4054	-134	27	59792	5	3	10	0	0	0	0	0	0	0	0	0	0	0	0	0	0	
997.565767	8	6	3	0	8	7	1	4052	-135	27	59852	5	3	10	0	0	0	0	0	0	0	0	0	0	0	0	0	0	
998.570883	8	6	3	0	8	7	1	4051	-136	27	59913	5	3	10	0	0	0	0	0	0	0	0	0	0	0	0	0	0	
999.557283	8	6	3	0	8	7	1	4049	-134	27	59972	5	3	11	0	0	0	0	0	0	0	0	0	0	0	0	0	0	
1000.562400	8	6	3	0	8	7	1	4048	-134	27	60032	5	3	11	0	0	0	0	0	0	0	0	0	0	0	0	0	0	
1001.568967	8	6	3	0	8	7	1	4047	-134	27	60093	5	3	11	0	0	0	0	0	0	0	0	0	0	0	0	0	0	
1002.572633	8	6	3	0	8	7	1	4045	-134	27	60153	5	3	11	0	0	0	0	0	0	0	0	0	0	0	0	0	0	
1003.560483	8	6	3	0	8	7	1	4044	-132	27	60212	5	3	11	0	0	0	0	0	0	0	0	0	0	0	0	0	0	
1004.564167	8	6	3	0	8	7	1	4042	-135	27	60272	5	3	11	0	0	0	0	0	0	0	0	0	0	0	0	0	0	
1005.570717	8	6	3	0	8	7	1	4041	-133	27	60333	5	3	11	0	0	0	0	0	0	0	0	0	0	0	0	0	0	
1006.575833	8	6	3	0	8	7	1	4039	-135	27	60393	5	3	12	0	0	0	0	0	0	0	0	0	0	0	0	0	0	
1007.562233	8	6	3	0	8	7	1	4038	-135	27	60452	5	3	12	0	0	0	0	0	0	0	0	0	0	0	0	0	0	
1008.567367	8	6	3	0	8	7	1	4036	-132	27	60512	5	3	12	0	0	0	0	0	0	0	0	0	0	0	0	0	0	
1009.573917	8	6	3	0	8	7	1	4036	-135	27	60573	5	3	12	0	0	0	0	0	0	0	0	0	0	0	0	0	0	
1010.560317	8	6	3	0	8	7	1	4034	-134	27	60632	5	3	12	0	0	0	0	0	0	0	0	0	0	0	0	0	0	
1011.565433	8	6	3	0	8	7	1	4032	-135	27	60692	5	3	12	0	0	0	0	0	0	0	0	0	0	0	0	0	0	
1012.569117	8	6	3	0	8	7	1	4031	-136	27	60753	5	3	13	0	0	0	0	0	0	0	0	0	0	0	0	0	0	
1013.575683	8	6	3	0	8	7	1	4030	-133	27	60813	5	3	13	0	0	0	0	0	0	0	0	0	0	0	0	0	0	
1014.560633	8	6	3	0	8	7	1	4028	-134	27	60872	5	3	13	0	0	0	0	0	0	0	0	0	0	0	0	0	0	
1015.567200	8	6	3	0	8	7	1	4027	-135	27	60932	5	3	13	0	0	0	0	0	0	0	0	0	0	0	0	0	0	
1016.572317	8	6	3	0	8	7	1	4026	-134	27	60993	5	3	13	0	0	0	0	0	0	0	0	0	0	0	0	0	0	
1017.558717	8	6	3	0	8	7	1	4024	-134	27	61052	5	3	13	0	0	0	0	0	0	0	0	0	0	0	0	0	0	
1018.565283	8	6	3	0	8	7	1	4023	-133	27	61112	5	3	14	0	0	0	0	0	0	0	0	0	0	0	0	0	0	
1019.570400	8	6	3	0	8	7	1	4021	-136	27	61173	5	3	14	0	0	0	0	0	0	0	0	0	0	0	0	0	0	
1020.574083	8	6	3	0	8	7	1	4020	-133	27	61233	5	3	14	0	0	0	0	0	0	0	0	0	0	0	0	0	0	
1021.561917	8	6	3	0	8	7	1	4019	-134	27	61292	5	3	14	0	0	0	0	0	0	0	0	0	0	0	0	0	0	
1022.565600	8	6	3	0	8	7	1	4017	-137	27	61352	5	3	14	0	0	0	0	0	0	0	0	0	0	0	0	0	0	
1023.572167	8	6	3	0	8	7	1	4016	-133	27	61413	5	3	14	0	0	0	0	0	0	0	0	0	0	0	0	0	0	
1024.560000	8	6	3	0	8	7	1	4015	-135	27	61472	5	3	14	0	0	0	0	0	0	0	0	0	0	0	0	0	0	
1025.569433	8	6	3	0	8	7	1	4013	-135	27	61532	5	3	15	0	0	0	0	0	0	0	0	0	0	0	0	0	0	
1026.574567	8	6	3	0	8	7	1	4012	-135	27	61593	5	3	15	0	0	0	0	0	0	0	0	0	0	0	0	0	0	
1027.560967	8	6	3	0	8	7	1	4011	-136	27	61652	5	3	15	0	0	0	0	0	0	0	0	0	0	0	0	0	0	
1028.566083	8	6	3	0	8	7	1	4009	-134	27	61712	5	3	15	0	0	0	0	0	0	0	0	0	0	0	0	0	0	
1029.572633	8	6	3	0	8	7	1	4008	-133	27	61773	5	3	15	0	0	0	0	0	0	0	0	0	0	0	0	0	0	
1030.576317	8	6	3	0	8	7	1	4007	-135	27	61833	5	3	15	0	0	0	0	0	0	0	0	0	0	0	0	0	0	
1031.564167	8	6	3	0	8	7	1	4005	-136	27	61892	5	3	16	0	0	0	0	0	0	0	0	0	0	0	0	0	0	
1032.567833	8	6	3	0	8	7	1	4004	-135	27	61952	5	3	16	0	0	0	0	0	0	0	0	0	0	0	0	0	0	
1033.572967	8	6	3	0	8	7	1	4003	-133	27	62013	5	3	16	0	0	0	0	0	0	0	0	0	0	0	0	0	0	
1034.559367	8	6	3	0	8	7	1	4001	-135	27	62072	5	3	16	0	0	0	0	0	0	0	0	0	0	0	0	0	0	
1035.565917	8	6	3	0	8	7	1	4000	-135	27	62132	5	3	16	0	0	0	0	0	0	0	0	0	0	0	0	0	0	
1036.571033	8	6	3	0	8	7	1	3999	-135	27	62192	5	3	16	0	0	0	0	0	0	0	0	0	0	0	0	0	0	
1037.574717	8	6	3	0	8	7	1	3997	-135	27	62253	5	3	17	0	0	0	0	0	0	0	0	0	0	0	0	0	0	
1038.562567	8	6	3	0	8	7	1	3996	-134	27	62312	5	3	17	0	0	0	0	0	0	0	0	0	0	0	0	0	0	
1039.566233	8	6	3	0	8	7	1	3995	-135	27	62372	5	3	17	0	0	0	0	0	0	0	0	0	0	0	0	0	0	
1040.572800	8	6	3	0	8	7	1	3993	-134	27	62433	5	3	17	0	0	0	0	0	0	0	0	0	0	0	0	0	0	
1041.577917	8	6	3	0	8	7	1	3992	-133	27	62493	5	3	17	0	0	0	0	0	0	0	0	0	0	0	0	0	0	
1042.564317	8	6	3	0	8	7	1	3991	-134	27	62552	5	3	17	0	0	0	0	0	0	0	0	0	0	0	0	0	0	
1043.570883	8	6	3	0	8	7	1	3990	-135	27	62612	5	3	17	0	0	0	0	0	0	0	0	0	0	0	0	0	0	
1044.576000	8	6	3	0	8	7	1	3988	-135	27	62673	5	3	18	0	0	0	0	0	0	0	0	0	0	0	0	0	0	
1045.562400	8	6	3	0	8	7	1	3987	-134	27	62732	5	3	18	0	0	0	0	0	0	0	0	0	0	0	0	0	0	
1046.567517	8	6	3	0	8	7	1	3985	-135	27	62792	5	3	18	0	0	0	0	0	0	0	0	0	0	0	0	0	0	
1047.571200	8	6	3	0	8	7	1	3984	-134	27	62853	5	3	18	0	0	0	0	0	0	0	0	0	0	0	0	0	0	
1048.577767	8	6	3	0	8	7	1	3982	-135	27	62913	5	3	18	0	0	0	0	0	0	0	0	0	0	0	0	0	0	
1049.565600	8	6	3	0	8	7	1	3981	-135	27	62972	5	3	18	0	0	0	0	0	0	0	0	0	0	0	0	0	0	
1050.569283	8	6	3	0	8	7	1	3980	-134	27	63032	5	3	19	0	0	0	0	0	0	0	0	0	0	0	0	0	0	
1051.575833	8	6	3	0	8	7	1	3979	-135	27	63093	5	3	19	0	0	0	0	0	0	0	0	0	0	0	0	0	0	
1052.560800	8	6	3	0	8	7	1	3978	-134	27	63152	5	3	19	0	0	0	0	0	0	0	0	0	0	0	0	0	0	
1053.567367	8	6	3	0	8	7	1	3976	-134	27	63212	5	3	19	0	0	0	0	0	0	0	0	0	0	0	0	0	0	
1054.572483	8	6	3	0	8	7	1	3975	-135	27	63272	5	3	19	0	0	0	0	0	0	0	0	0	0	0	0	0	0	
1055.576167	8	6	3	0	8	7	1	3974	-134	27	63333	5	3	19	0	0	0	0	0	0	0	0	0	0	0	0	0	0	
1056.564000	8	6	3	0	8	7	1	3973	-135	27	63392	5	3	20	0	0	0	0	0	0	0	0	0	0	0	0	0	0	
1057.569117	8	6	3	0	8	7	1	3971	-134	27	63452	5	3	20	0	0	0	0	0	0	0	0	0	0	0	0	0	0	
1058.574233	8	6	3	0	8	7	1	3970	-135	27	63513	5	3	20	0	0	0	0	0	0	0	0	0	0	0	0	0	0	
1059.580800	8	6	3	0	8	7	1	3969	-135	27	63573	5	3	20	0	0	0	0	0	0	0	0	0	0	0	0	0	0	
1060.565767	8	6	3	0	8	7	1	3967	-134	27	63632	5	3	20	0	0	0	0	0	0	0	0	0	0	0	0	0	0	
1061.572317	8	6	3	0	8	7	1	3966	-135	27	63692	5	3	20	0	0	0	0	0	0	0	0	0	0	0	0	0	0	
1062.577433	8	6	3	0	8	7	1	3965	-135	27	63753	5	3	20	0	0	0	0	0	0	0	0	0	0	0	0	0	0	
1063.563833	8	6	3	0	8	7	1	3964	-133	27	63812	5	3	21	0	0	0	0	0	0	0	0	0	0	0	0	0	0	
1064.568967	8	6	3	0	8	7	1	3963	-134	27	63872	5	3	21	0	0	0	0	0	0	0	0	0	0	0	0	0	0	
1065.574083	8	6	3	0	8	7	1	3961	-136	27	63933	5	3	21	0	0	0	0	0	0	0	0	0	0	0	0	0	0	
1066.579200	8	6	3	0	8	7	1	3960	-134	27	63993	5	3	21	0	0	0	0	0	0	0	0	0	0	0	0	0	0	
1067.567033	8	6	3	0	8	7	1	3959	-135	27	64052	5	3	21	0	0	0	0	0	0	0	0	0	0	0	0	0	0	
1068.570717	8	6	3	0	8	7	1	3958	-135	27	64112	5	3	21	0	0	0	0	0	0	0	0	0	0	0	0	0	0	
1069.577283	8	6	3	0	8	7	1	3957	-135	27	64173	5	3	22	0	0	0	0	0	0	0	0	0	0	0	0	0	0	
1070.562233	8	6	3	0	8	7	1	3955	-135	27	64232	5	3	22	0	0	0	0	0	0	0	0	0	0	0	0	0	0	
1071.568800	8	6	3	0	8	7	1	3954	-133	27	64292	5	3	22	0	0	0	0	0	0	0	0	0	0	0	0	0	0	
1072.573917	8	6	3	0	8	7	1	3953	-134	27	64352	5	3	22	0	0	0	0	0	0	0	0	0	0	0	0	0	0	
1073.579033	8	6	3	0	8	7	1	3952	-135	27	64413	5	3	22	0	0	0	0	0	0	0	0	0	0	0	0	0	0	
1074.565433	8	6	3	0	8	7	1	3950	-135	27	64472	5	3	22	0	0	0	0	0	0	0	0	0	0	0	0	0	0	
1075.570567	8	6	3	0	8	7	1	3949	-133	27	64532	5	3	23	0	0	0	0	0	0	0	0	0	0	0	0	0	0	
1076.575683	8	6	3	0	8	7	1	3948	-131	27	64593	5	3	23	0	0	0	0	0	0	0	0	0	0	0	0	0	0	
1077.582233	8	6	3	0	8	7	1	3947	-135	27	64653	5	3	23	0	0	0	0	0	0	0	0	0	0	0	0	0	0	
1078.567200	8	6	3	0	8	7	1	3946	-134	27	64712	5	3	23	0	0	0	0	0	0	0	0	0	0	0	0	0	0	
1079.573767	8	6	3	0	8	7	1	3944	-134	27	64772	5	3	23	0	0	0	0	0	0	0	0	0	0	0	0	0	0	
1080.577433	8	6	3	0	8	7	1	3943	-135	27	64833	5	3	23	0	0	0	0	0	0	0	0	0	0	0	0	0	0	
1081.565283	8	6	3	0	8	7	1	3942	-135	27	64892	5	3	24	0	0	0	0	0	0	0	0	0	0	0	0	0	0	
1082.568967	8	6	3	0	8	7	1	3940	-135	27	64952	5	3	24	0	0	0	0	0	0	0	0	0	0	0	0	0	0	
1083.575517	8	6	3	0	8	7	1	3939	-136	27	65013	5	3	24	0	0	0	0	0	0	0	0	0	0	0	0	0	0	
1084.580633	8	6	3	0	8	7	1	3938	-136	27	65073	5	3	24	0	0	0	0	0	0	0	0	0	0	0	0	0	0	
1085.567033	8	6	3	0	8	7	1	3937	-136	27	65132	5	3	24	0	0	0	0	0	0	0	0	0	0	0	0	0	0	
1086.572167	8	6	3	0	8	7	1	3936	-135	27	65192	5	3	24	0	0	0	0	0	0	0	0	0	0	0	0	0	0	
1087.578717	8	6	3	0	8	7	1	3935	-133	27	65253	5	3	24	0	0	0	0	0	0	0	0	0	0	0	0	0	0	
1088.563683	8	6	3	0	8	7	1	3934	-134	27	65312	5	3	25	0	0	0	0	0	0	0	0	0	0	0	0	0	0	
1089.570233	8	6	3	0	8	7	1	3932	-135	27	65372	5	3	25	0	0	0	0	0	0	0	0	0	0	0	0	0	0	
1090.573917	8	6	3	0	8	7	1	3931	-135	27	65432	5	3	25	0	0	0	0	0	0	0	0	0	0	0	0	0	0	
1091.580483	8	6	3	0	8	7	1	3930	-134	27	65493	5	3	25	0	0	0	0	0	0	0	0	0	0	0	0	0	0	
1092.565433	8	6	3	0	8	7	1	3929	-134	27	65552	5	3	25	0	0	0	0	0	0	0	0	0	0	0	0	0	0	
1093.572000	8	6	3	0	8	7	1	3928	-136	27	65612	5	3	25	0	0	0	0	0	0	0	0	0	0	0	0	0	0	
1094.577117	8	6	3	0	8	7	1	3926	-135	27	65673	5	3	26	0	0	0	0	0	0	0	0	0	0	0	0	0	0	
1095.583683	8	6	3	0	8	7	1	3925	-133	27	65733	5	3	26	0	0	0	0	0	0	0	0	0	0	0	0	0	0	
1096.568633	8	6	3	0	8	7	1	3924	-134	27	65792	5	3	26	0	0	0	0	0	0	0	0	0	0	0	0	0	0	
1097.575200	8	6	3	0	8	7	1	3923	-134	27	65852	5	3	26	0	0	0	0	0	0	0	0	0	0	0	0	0	0	
1098.578883	8	6	3	0	8	7	1	3922	-135	27	65913	5	3	26	0	0	0	0	0	0	0	0	0	0	0	0	0	0	
1099.566717	8	6	3	0	8	7	1	3920	-135	27	65972	5	3	26	0	0	0	0	0	0	0	0	0	0	0	0	0	0	
1100.571833	8	6	3	0	8	7	1	3919	-136	27	66032	5	3	27	0	0	0	0	0	0	0	0	0	0	0	0	0	0	
1101.576967	8	6	3	0	8	7	1	3918	-135	27	66093	5	3	27	0	0	0	0	0	0	0	0	0	0	0	0	0	0	
1102.582083	8	6	3	0	8	7	1	3917	-135	27	66153	5	3	27	0	0	0	0	0	0	0	0	0	0	0	0	0	0	
1103.568483	8	6	3	0	8	7	1	3915	-134	27	66212	5	3	27	0	0	0	0	0	0	0	0	0	0	0	0	0	0	
1104.573600	8	6	3	0	8	7	1	3914	-136	27	66272	5	3	27	0	0	0	0	0	0	0	0	0	0	0	0	0	0	
1105.580167	8	6	3	0	8	7	1	3913	-134	27	66333	5	3	27	0	0	0	0	0	0	0	0	0	0	0	0	0	0	
1106.565117	8	6	3	0	8	7	1	3912	-135	27	66392	5	3	27	0	0	0	0	0	0	0	0	0	0	0	0	0	0	
1107.571683	8	6	3	0	8	7	1	3910	-134	27	66452	5	3	28	0	0	0	0	0	0	0	0	0	0	0	0	0	0	
1108.575367	8	6	3	0	8	7	1	3909	-137	27	66512	5	3	28	0	0	0	0	0	0	0	0	0	0	0	0	0	0	
1109.581917	8	6	3	0	8	7	1	3908	-134	27	66573	5	3	28	0	0	0	0	0	0	0	0	0	0	0	0	0	0	
1110.566883	8	6	3	0	8	7	1	3907	-135	27	66632	5	3	28	0	0	0	0	0	0	0	0	0	0	0	0	0	0	
1111.573433	8	6	3	0	8	7	1	3905	-136	27	66692	5	3	28	0	0	0	0	0	0	0	0	0	0	0	0	0	0	
1112.578567	8	6	3	0	8	7	1	3904	-134	27	66753	5	3	28	0	0	0	0	0	0	0	0	0	0	0	0	0	0	
1113.583683	8	6	3	0	8	7	1	3903	-135	27	66813	5	3	29	0	0	0	0	0	0	0	0	0	0	0	0	0	0	
1114.570083	8	6	3	0	8	7	1	3902	-134	27	66872	5	3	29	0	0	0	0	0	0	0	0	0	0	0	0	0	0	
1115.576633	8	6	3	0	8	7	1	3901	-135	27	66932	5	3	29	0	0	0	0	0	0	0	0	0	0	0	0	0	0	
1116.580317	8	6	3	0	8	7	1	3899	-136	27	66993	5	3	29	0	0	0	0	0	0	0	0	0	0	0	0	0	0	
1117.568167	8	6	3	0	8	7	1	3898	-135	27	67052	5	3	29	0	0	0	0	0	0	0	0	0	0	0	0	0	0	
1118.571833	8	6	3	0	8	7	1	3896	-134	27	67112	5	3	29	0	0	0	0	0	0	0	0	0	0	0	0	0	0	
1119.578400	8	6	3	0	8	7	1	3895	-134	27	67173	5	3	30	0	0	0	0	0	0	0	0	0	0	0	0	0	0	
1120.583517	8	6	3	0	8	7	1	3894	-135	27	67233	5	3	30	0	0	0	0	0	0	0	0	0	0	0	0	0	0	
1121.569917	8	6	3	0	8	7	1	3892	-135	27	67292	5	3	30	0	0	0	0	0	0	0	0	0	0	0	0	0	0	
1122.575033	8	6	3	0	8	7	1	3891	-136	27	67352	5	3	30	0	0	0	0	0	0	0	0	0	0	0	0	0	0	
1123.581600	8	6	3	0	8	7	1	3890	-135	27	67413	5	3	30	0	0	0	0	0	0	0	0	0	0	0	0	0	0	
1124.566567	8	6	3	0	8	7	1	3888	-137	27	67472	5	3	30	0	0	0	0	0	0	0	0	0	0	0	0	0	0	
1125.573117	8	6	3	0	8	7	1	3887	-132	27	67532	5	3	31	0	0	0	0	0	0	0	0	0	0	0	0	0	0	
1126.581117	8	6	3	0	8	7	1	3885	-134	27	67593	5	3	31	0	0	0	0	0	0	0	0	0	0	0	0	0	0	
1127.583367	8	6	3	0	8	7	1	3884	-133	27	67653	5	3	31	0	0	0	0	0	0	0	0	0	0	0	0	0	0	
1128.578400	8	6	3	0	8	7	1	3883	-134	27	67713	5	3	31	0	0	0	0	0	0	0	0	0	0	0	0	0	0	
1129.574883	8	6	3	0	8	7	1	3881	-135	27	67772	5	3	31	0	0	0	0	0	0	0	0	0	0	0	0	0	0	
1130.569917	8	6	3	0	8	7	1	3880	-134	27	67832	5	3	31	0	0	0	0	0	0	0	0	0	0	0	0	0	0	
1131.585117	8	6	3	0	8	7	1	3878	-133	27	67893	5	3	31	0	0	0	0	0	0	0	0	0	0	0	0	0	0	
1132.580167	8	6	3	0	8	7	1	3877	-135	27	67953	5	3	32	0	0	0	0	0	0	0	0	0	0	0	0	0	0	
1133.576633	8	6	3	0	8	7	1	3875	-135	27	68012	5	3	32	0	0	0	0	0	0	0	0	0	0	0	0	0	0	
1134.571683	8	6	3	0	8	7	1	3874	-134	27	68072	5	3	32	0	0	0	0	0	0	0	0	0	0	0	0	0	0	
1135.568167	8	6	3	0	8	7	1	3873	-135	27	68132	5	3	32	0	0	0	0	0	0	0	0	0	0	0	0	0	0	
1136.581917	8	6	3	0	8	7	1	3871	-136	27	68193	5	3	32	0	0	0	0	0	0	0	0	0	0	0	0	0	0	
1137.578400	8	6	3	0	8	7	1	3869	-135	27	68252	5	3	32	0	0	0	0	0	0	0	0	0	0	0	0	0	0	
1138.573433	8	6	3	0	8	7	1	3868	-136	27	68312	5	3	33	0	0	0	0	0	0	0	0	0	0	0	0	0	0	
1139.582883	8	6	3	0	8	7	1	3867	-135	27	68373	5	3	33	0	0	0	0	0	0	0	0	0	0	0	0	0	0	
1140.569283	8	6	3	0	8	7	1	3865	-134	27	68432	5	3	33	0	0	0	0	0	0	0	0	0	0	0	0	0	0	
1141.574400	8	6	3	0	8	7	1	3864	-135	27	68492	5	3	33	0	0	0	0	0	0	0	0	0	0	0	0	0	0	
1142.580967	8	6	3	0	8	7	1	3862	-134	27	68553	5	3	33	0	0	0	0	0	0	0	0	0	0	0	0	0	0	
1143.584633	8	6	3	0	8	7	1	3861	-134	27	68613	5	3	33	0	0	0	0	0	0	0	0	0	0	0	0	0	0	
1144.572483	8	6	3	0	8	7	1	3860	-135	27	68672	5	3	34	0	0	0	0	0	0	0	0	0	0	0	0	0	0	
1145.576167	8	6	3	0	8	7	1	3859	-135	27	68732	5	3	34	0	0	0	0	0	0	0	0	0	0	0	0	0	0	
1146.582717	8	6	3	0	8	7	1	3857	-133	27	68793	5	3	34	0	0	0	0	0	0	0	0	0	0	0	0	0	0	
1147.567683	8	6	3	0	8	7	1	3856	-134	27	68852	5	3	34	0	0	0	0	0	0	0	0	0	0	0	0	0	0	
1148.574233	8	6	3	0	8	7	1	3855	-135	27	68912	5	3	34	0	0	0	0	0	0	0	0	0	0	0	0	0	0	
1149.579367	8	6	3	0	8	7	1	3854	-136	27	68972	5	3	34	0	0	0	0	0	0	0	0	0	0	0	0	0	0	
1150.585917	8	6	3	0	8	7	1	3852	-133	27	69033	5	3	34	0	0	0	0	0	0	0	0	0	0	0	0	0	0	
1151.570883	8	6	3	0	8	7	1	3851	-135	27	69092	5	3	35	0	0	0	0	0	0	0	0	0	0	0	0	0	0	
1152.577433	8	6	3	0	8	7	1	3850	-136	27	69152	5	3	35	0	0	0	0	0	0	0	0	0	0	0	0	0	0	
1153.581117	8	6	3	0	8	7	1	3849	-134	27	69213	5	3	35	0	0	0	0	0	0	0	0	0	0	0	0	0	0	
1154.586233	8	6	3	0	8	7	1	3848	-134	27	69273	5	3	35	0	0	0	0	0	0	0	0	0	0	0	0	0	0	
1155.572633	8	6	3	0	8	7	1	3847	-135	27	69332	5	3	35	0	0	0	0	0	0	0	0	0	0	0	0	0	0	
1156.579200	8	6	3	0	8	7	1	3845	-136	27	69392	5	3	35	0	0	0	0	0	0	0	0	0	0	0	0	0	0	
1157.584317	8	6	3	0	8	7	1	3845	-135	27	69453	5	3	36	0	0	0	0	0	0	0	0	0	0	0	0	0	0	
1158.570717	8	6	3	0	8	7	1	3843	-133	27	69512	5	3	36	0	0	0	0	0	0	0	0	0	0	0	0	0	0	
1159.575833	8	6	3	0	8	7	1	3842	-134	27	69572	5	3	36	0	0	0	0	0	0	0	0	0	0	0	0	0	0	
1160.582400	8	6	3	0	8	7	1	3841	-132	27	69633	5	3	36	0	0	0	0	0	0	0	0	0	0	0	0	0	0	
1161.587517	8	6	3	0	8	7	1	3840	-133	27	69693	5	3	36	0	0	0	0	0	0	0	0	0	0	0	0	0	0	
1162.573917	8	6	3	0	8	7	1	3839	-134	27	69752	5	3	36	0	0	0	0	0	0	0	0	0	0	0	0	0	0	
1163.579033	8	6	3	0	8	7	1	3839	-134	27	69812	5	3	37	0	0	0	0	0	0	0	0	0	0	0	0	0	0	
1164.585600	8	6	3	0	8	7	1	3837	-135	27	69873	5	3	37	0	0	0	0	0	0	0	0	0	0	0	0	0	0	
1165.572000	8	6	3	0	8	7	1	3836	-134	27	69932	5	3	37	0	0	0	0	0	0	0	0	0	0	0	0	0	0	
1166.577117	8	6	3	0	8	7	1	3836	-134	27	69992	5	3	37	0	0	0	0	0	0	0	0	0	0	0	0	0	0	
1167.582233	8	6	3	0	8	7	1	3835	-135	27	70053	5	3	37	0	0	0	0	0	0	0	0	0	0	0	0	0	0	
1168.588800	8	6	3	0	8	7	1	3834	-134	27	70113	5	3	37	0	0	0	0	0	0	0	0	0	0	0	0	0	0	
1169.573767	8	6	3	0	8	7	1	3833	-133	27	70172	5	3	37	0	0	0	0	0	0	0	0	0	0	0	0	0	0	
1170.580317	8	6	3	0	8	7	1	3832	-137	27	70232	5	3	38	0	0	0	0	0	0	0	0	0	0	0	0	0	0	
1171.585433	8	6	3	0	8	7	1	3831	-134	27	70293	5	3	38	0	0	0	0	0	0	0	0	0	0	0	0	0	0	
1172.571833	8	6	3	0	8	7	1	3830	-134	27	70352	5	3	38	0	0	0	0	0	0	0	0	0	0	0	0	0	0	
1173.576967	8	6	3	0	8	7	1	3830	-135	27	70412	5	3	38	0	0	0	0	0	0	0	0	0	0	0	0	0	0	
1174.582083	8	6	3	0	8	7	1	3829	-134	27	70473	5	3	38	0	0	0	0	0	0	0	0	0	0	0	0	0	0	
1175.587200	8	6	3	0	8	7	1	3828	-135	27	70533	5	3	38	0	0	0	0	0	0	0	0	0	0	0	0	0	0	
1176.575033	8	6	3	0	8	7	1	3827	-136	27	70592	5	3	39	0	0	0	0	0	0	0	0	0	0	0	0	0	0	
1177.578717	8	6	3	0	8	7	1	3826	-135	27	70652	5	3	39	0	0	0	0	0	0	0	0	0	0	0	0	0	0	
1178.585283	8	6	3	0	8	7	1	3825	-135	27	70713	5	3	39	0	0	0	0	0	0	0	0	0	0	0	0	0	0	
1179.570233	8	6	3	0	8	7	1	3825	-134	27	70772	5	3	39	0	0	0	0	0	0	0	0	0	0	0	0	0	0	
1180.576800	8	6	3	0	8	7	1	3824	-135	27	70832	5	3	39	0	0	0	0	0	0	0	0	0	0	0	0	0	0	
1181.581917	8	6	3	0	8	7	1	3823	-135	27	70892	5	3	39	0	0	0	0	0	0	0	0	0	0	0	0	0	0	
1182.587033	8	6	3	0	8	7	1	3822	-135	27	70953	5	3	40	0	0	0	0	0	0	0	0	0	0	0	0	0	0	
1183.574883	8	6	3	0	8	7	1	3821	-135	27	71012	5	3	40	0	0	0	0	0	0	0	0	0	0	0	0	0	0	
1184.578567	8	6	3	0	8	7	1	3821	-134	27	71072	5	3	40	0	0	0	0	0	0	0	0	0	0	0	0	0	0	
1185.583683	8	6	3	0	8	7	1	3820	-133	27	71133	5	3	40	0	0	0	0	0	0	0	0	0	0	0	0	0	0	
1186.590233	8	6	3	0	8	7	1	3819	-133	27	71193	5	3	40	0	0	0	0	0	0	0	0	0	0	0	0	0	0	
1187.575200	8	6	3	0	8	7	1	3818	-137	27	71252	5	3	40	0	0	0	0	0	0	0	0	0	0	0	0	0	0	
1188.581767	8	6	3	0	8	7	1	3818	-135	27	71312	5	3	40	0	0	0	0	0	0	0	0	0	0	0	0	0	0	
1189.585433	8	6	3	0	8	7	1	3817	-134	27	71373	5	3	41	0	0	0	0	0	0	0	0	0	0	0	0	0	0	
1190.573283	8	6	3	0	8	7	1	3816	-135	27	71432	5	3	41	0	0	0	0	0	0	0	0	0	0	0	0	0	0	
1191.579833	8	6	3	0	8	7	1	3815	-135	27	71492	5	3	41	0	0	0	0	0	0	0	0	0	0	0	0	0	0	
1192.583517	8	6	3	0	8	7	1	3815	-134	27	71553	5	3	41	0	0	0	0	0	0	0	0	0	0	0	0	0	0	
1193.588633	8	6	3	0	8	7	1	3814	-135	27	71613	5	3	41	0	0	0	0	0	0	0	0	0	0	0	0	0	0	
1194.576483	8	6	3	0	8	7	1	3813	-133	27	71672	5	3	41	0	0	0	0	0	0	0	0	0	0	0	0	0	0	
1195.580167	8	6	3	0	8	7	1	3812	-134	27	71732	5	3	42	0	0	0	0	0	0	0	0	0	0	0	0	0	0	
1196.586717	8	6	3	0	8	7	1	3812	-136	27	71793	5	3	42	0	0	0	0	0	0	0	0	0	0	0	0	0	0	
1197.571683	8	6	3	0	8	7	1	3811	-134	27	71852	5	3	42	0	0	0	0	0	0	0	0	0	0	0	0	0	0	
1198.578233	8	6	3	0	8	7	1	3811	-134	27	71912	5	3	42	0	0	0	0	0	0	0	0	0	0	0	0	0	0	
1199.584800	8	6	3	0	8	7	1	3810	-136	27	71973	5	3	42	0	0	0	0	0	0	0	0	0	0	0	0	0	0	
1200.588483	8	6	3	0	8	7	1	3809	-135	27	72033	5	3	42	0	0	0	0	0	0	0	0	0	0	0	0	0	0	
1201.576317	8	6	3	0	8	7	1	3808	-135	27	72092	5	3	43	0	0	0	0	0	0	0	0	0	0	0	0	0	0	
1202.581433	8	6	3	0	8	7	1	3808	-134	27	72152	5	3	43	0	0	0	0	0	0	0	0	0	0	0	0	0	0	
1203.585117	8	6	3	0	8	7	1	3807	-135	27	72213	5	3	43	0	0	0	0	0	0	0	0	0	0	0	0	0	0	
1204.572967	8	6	3	0	8	7	1	3806	-136	27	72272	5	3	43	0	0	0	0	0	0	0	0	0	0	0	0	0	0	
1205.576633	8	6	3	0	8	7	1	3806	-135	27	72332	5	3	43	0	0	0	0	0	0	0	0	0	0	0	0	0	0	
1206.583200	8	6	3	0	8	7	1	3805	-134	27	72392	5	3	43	0	0	0	0	0	0	0	0	0	0	0	0	0	0	
1207.588317	8	6	3	0	8	7	1	3804	-134	27	72453	5	3	43	0	0	0	0	0	0	0	0	0	0	0	0	0	0	
1208.574717	8	6	3	0	8	7	1	3803	-135	27	72512	5	3	44	0	0	0	0	0	0	0	0	0	0	0	0	0	0	
1209.581283	8	6	3	0	8	7	1	3803	-135	27	72572	5	3	44	0	0	0	0	0	0	0	0	0	0	0	0	0	0	
1210.584967	8	6	3	0	8	7	1	3802	-136	27	72633	5	3	44	0	0	0	0	0	0	0	0	0	0	0	0	0	0	
1211.590083	8	6	3	0	8	7	1	3801	-135	27	72693	5	3	44	0	0	0	0	0	0	0	0	0	0	0	0	0	0	
1212.577917	8	6	3	0	8	7	1	3801	-133	27	72752	5	3	44	0	0	0	0	0	0	0	0	0	0	0	0	0	0	
1213.581600	8	6	3	0	8	7	1	3800	-132	27	72812	5	3	44	0	0	0	0	0	0	0	0	0	0	0	0	0	0	
1214.588167	8	6	3	0	8	7	1	3800	-134	27	72873	5	3	45	0	0	0	0	0	0	0	0	0	0	0	0	0	0	
1215.574567	8	6	3	0	8	7	1	3799	-134	27	72932	5	3	45	0	0	0	0	0	0	0	0	0	0	0	0	0	0	
1216.579683	8	6	3	0	8	7	1	3799	-136	27	72992	5	3	45	0	0	0	0	0	0	0	0	0	0	0	0	0	0	
1217.586233	8	6	3	0	8	7	1	3798	-134	27	73053	5	3	45	0	0	0	0	0	0	0	0	0	0	0	0	0	0	
1218.589917	8	6	3	0	8	7	1	3797	-134	28	73113	5	3	45	0	0	0	0	0	0	0	0	0	0	0	0	0	0	
1219.577767	8	6	3	0	8	7	1	3797	-134	27	73172	5	3	45	0	0	0	0	0	0	0	0	0	0	0	0	0	0	
1220.582883	8	6	3	0	8	7	1	3796	-135	27	73232	5	3	46	0	0	0	0	0	0	0	0	0	0	0	0	0	0	
1221.586567	8	6	3	0	8	7	1	3795	-136	27	73293	5	3	46	0	0	0	0	0	0	0	0	0	0	0	0	0	0	
1222.574400	8	6	3	0	8	7	1	3795	-136	27	73352	5	3	46	0	0	0	0	0	0	0	0	0	0	0	0	0	0	
1223.580967	8	6	3	0	8	7	1	3794	-135	28	73412	5	3	46	0	0	0	0	0	0	0	0	0	0	0	0	0	0	
1224.584633	8	6	3	0	8	7	1	3793	-136	27	73472	5	3	46	0	0	0	0	0	0	0	0	0	0	0	0	0	0	
1225.591200	8	6	3	0	8	7	1	3793	-133	27	73533	5	3	46	0	0	0	0	0	0	0	0	0	0	0	0	0	0	
1226.576167	8	6	3	0	8	7	1	3792	-133	27	73592	5	3	47	0	0	0	0	0	0	0	0	0	0	0	0	0	0	
1227.582717	8	6	3	0	8	7	1	3791	-134	28	73652	5	3	47	0	0	0	0	0	0	0	0	0	0	0	0	0	0	
1228.587833	8	6	3	0	8	7	1	3791	-135	27	73713	5	3	47	0	0	0	0	0	0	0	0	0	0	0	0	0	0	
1229.591517	8	6	3	0	8	7	1	3790	-135	27	73773	5	3	47	0	0	0	0	0	0	0	0	0	0	0	0	0	0	
1230.579367	8	6	3	0	8	7	1	3790	-135	27	73832	5	3	47	0	0	0	0	0	0	0	0	0	0	0	0	0	0	
1231.585917	8	6	3	0	8	7	1	3789	-135	27	73892	5	3	47	0	0	0	0	0	0	0	0	0	0	0	0	0	0	
1232.575200	8	6	3	0	8	7	1	3788	-133	27	73952	5	3	47	0	0	0	0	0	0	0	0	0	0	0	0	0	0	
1233.577433	8	6	3	0	8	7	1	3788	-135	28	74012	5	3	48	0	0	0	0	0	0	0	0	0	0	0	0	0	0	
1234.591200	8	6	3	0	8	7	1	3787	-134	28	74073	5	3	48	0	0	0	0	0	0	0	0	0	0	0	0	0	0	
1235.587683	8	6	3	0	8	7	1	3787	-134	28	74133	5	3	48	0	0	0	0	0	0	0	0	0	0	0	0	0	0	
1236.582717	8	6	3	0	8	7	1	3786	-134	27	74192	5	3	48	0	0	0	0	0	0	0	0	0	0	0	0	0	0	
1237.579200	8	6	3	0	8	7	1	3786	-133	28	74252	5	3	48	0	0	0	0	0	0	0	0	0	0	0	0	0	0	
1238.592967	8	6	3	0	8	7	1	3785	-134	27	74313	5	3	48	0	0	0	0	0	0	0	0	0	0	0	0	0	0	
1239.589433	8	6	3	0	8	7	1	3785	-135	28	74373	5	3	49	0	0	0	0	0	0	0	0	0	0	0	0	0	0	
1240.584483	8	6	3	0	8	7	1	3784	-134	28	74432	5	3	49	0	0	0	0	0	0	0	0	0	0	0	0	0	0	
1241.580967	8	6	3	0	8	7	1	3783	-136	28	74492	5	3	49	0	0	0	0	0	0	0	0	0	0	0	0	0	0	
1242.576000	8	6	3	0	8	7	1	3782	-135	27	74552	5	3	49	0	0	0	0	0	0	0	0	0	0	0	0	0	0	
1243.578233	8	6	3	0	8	7	1	3782	-134	28	74612	5	3	49	0	0	0	0	0	0	0	0	0	0	0	0	0	0	
1244.593433	8	6	3	0	8	7	1	3781	-134	27	74673	5	3	49	0	0	0	0	0	0	0	0	0	0	0	0	0	0	
1245.578400	8	6	3	0	8	7	1	3781	-134	28	74732	5	3	50	0	0	0	0	0	0	0	0	0	0	0	0	0	0	
1246.584967	8	6	3	0	8	7	1	3780	-135	28	74792	5	3	50	0	0	0	0	0	0	0	0	0	0	0	0	0	0	
1247.588633	8	6	3	0	8	7	1	3780	-134	27	74853	5	3	50	0	0	0	0	0	0	0	0	0	0	0	0	0	0	
1248.576483	8	6	3	0	8	7	1	3779	-135	27	74912	5	3	50	0	0	0	0	0	0	0	0	0	0	0	0	0	0	
1249.580167	8	6	3	0	8	7	1	3778	-134	27	74972	5	3	50	0	0	0	0	0	0	0	0	0	0	0	0	0	0	
1250.586717	8	6	3	0	8	7	1	3778	-134	27	75032	5	3	50	0	0	0	0	0	0	0	0	0	0	0	0	0	0	
1251.591833	8	6	3	0	8	7	1	3777	-135	28	75093	5	3	50	0	0	0	0	0	0	0	0	0	0	0	0	0	0	
1252.578233	8	6	3	0	8	7	1	3777	-136	27	75152	5	3	51	0	0	0	0	0	0	0	0	0	0	0	0	0	0	
1253.583367	8	6	3	0	8	7	1	3776	-133	27	75212	5	3	51	0	0	0	0	0	0	0	0	0	0	0	0	0	0	
1254.589917	8	6	3	0	8	7	1	3776	-134	27	75273	5	3	51	0	0	0	0	0	0	0	0	0	0	0	0	0	0	
1255.593600	8	6	3	0	8	7	1	3776	-134	28	75333	5	3	51	0	0	0	0	0	0	0	0	0	0	0	0	0	0	
1256.581433	8	6	3	0	8	7	1	3775	-134	27	75392	5	3	51	0	0	0	0	0	0	0	0	0	0	0	0	0	0	
1257.586567	8	6	3	0	8	7	1	3774	-135	28	75452	5	3	51	0	0	0	0	0	0	0	0	0	0	0	0	0	0	
1258.591683	8	6	3	0	8	7	1	3774	-135	27	75513	5	3	52	0	0	0	0	0	0	0	0	0	0	0	0	0	0	
1259.578083	8	6	3	0	8	7	1	3773	-134	27	75572	5	3	52	0	0	0	0	0	0	0	0	0	0	0	0	0	0	
1260.584633	8	6	3	0	8	7	1	3773	-134	28	75632	5	3	52	0	0	0	0	0	0	0	0	0	0	0	0	0	0	
1261.588317	8	6	3	0	8	7	1	3772	-135	28	75693	5	3	52	0	0	0	0	0	0	0	0	0	0	0	0	0	0	
1262.594883	8	6	3	0	8	7	1	3772	-136	27	75753	5	3	52	0	0	0	0	0	0	0	0	0	0	0	0	0	0	
1263.579833	8	6	3	0	8	7	1	3771	-134	28	75812	5	3	52	0	0	0	0	0	0	0	0	0	0	0	0	0	0	
1264.586400	8	6	3	0	8	7	1	3771	-135	28	75872	5	3	53	0	0	0	0	0	0	0	0	0	0	0	0	0	0	
1265.591517	8	6	3	0	8	7	1	3770	-134	28	75933	5	3	53	0	0	0	0	0	0	0	0	0	0	0	0	0	0	
1266.577917	8	6	3	0	8	7	1	3769	-133	28	75992	5	3	53	0	0	0	0	0	0	0	0	0	0	0	0	0	0	
1267.583033	8	6	3	0	8	7	1	3769	-134	28	76052	5	3	53	0	0	0	0	0	0	0	0	0	0	0	0	0	0	
1268.589600	8	6	3	0	8	7	1	3768	-133	28	76112	5	3	53	0	0	0	0	0	0	0	0	0	0	0	0	0	0	
1269.593283	8	6	3	0	8	7	1	3768	-135	28	76173	5	3	53	0	0	0	0	0	0	0	0	0	0	0	0	0	0	
1270.581117	8	6	3	0	8	7	1	3768	-136	27	76232	5	3	53	0	0	0	0	0	0	0	0	0	0	0	0	0	0	
1271.584800	8	6	3	0	8	7	1	3767	-135	28	76292	5	3	54	0	0	0	0	0	0	0	0	0	0	0	0	0	0	
1272.591367	8	6	3	0	8	7	1	3766	-135	27	76353	5	3	54	0	0	0	0	0	0	0	0	0	0	0	0	0	0	
1273.577767	8	6	3	0	8	7	1	3766	-136	28	76412	5	3	54	0	0	0	0	0	0	0	0	0	0	0	0	0	0	
1274.582883	8	6	3	0	8	7	1	3765	-134	27	76472	5	3	54	0	0	0	0	0	0	0	0	0	0	0	0	0	0	
1275.592317	8	6	3	0	8	7	1	3765	-136	28	76533	5	3	54	0	0	0	0	0	0	0	0	0	0	0	0	0	0	
1276.578717	8	6	3	0	8	7	1	3765	-133	27	76592	5	3	54	0	0	0	0	0	0	0	0	0	0	0	0	0	0	
1277.585283	8	6	3	0	8	7	1	3764	-136	28	76652	5	3	55	0	0	0	0	0	0	0	0	0	0	0	0	0	0	
1278.590400	8	6	3	0	8	7	1	3764	-135	28	76713	5	3	55	0	0	0	0	0	0	0	0	0	0	0	0	0	0	
1279.595517	8	6	3	0	8	7	1	3763	-133	27	76773	5	3	55	0	0	0	0	0	0	0	0	0	0	0	0	0	0	
1280.581917	8	6	3	0	8	7	1	3762	-135	27	76832	5	3	55	0	0	0	0	0	0	0	0	0	0	0	0	0	0	
1281.588483	8	6	3	0	8	7	1	3762	-134	28	76892	5	3	55	0	0	0	0	0	0	0	0	0	0	0	0	0	0	
1282.592167	8	6	3	0	8	7	1	3761	-135	28	76953	5	3	55	0	0	0	0	0	0	0	0	0	0	0	0	0	0	
1283.580000	8	6	3	0	8	7	1	3761	-134	28	77012	5	3	56	0	0	0	0	0	0	0	0	0	0	0	0	0	0	
1284.583683	8	6	3	0	8	7	1	3761	-135	27	77072	5	3	56	0	0	0	0	0	0	0	0	0	0	0	0	0	0	
1285.590233	8	6	3	0	8	7	1	3760	-135	28	77133	5	3	56	0	0	0	0	0	0	0	0	0	0	0	0	0	0	
1286.595367	8	6	3	0	8	7	1	3759	-134	27	77193	5	3	56	0	0	0	0	0	0	0	0	0	0	0	0	0	0	
1287.581767	8	6	3	0	8	7	1	3759	-134	28	77252	5	3	56	0	0	0	0	0	0	0	0	0	0	0	0	0	0	
1288.586883	8	6	3	0	8	7	1	3759	-135	28	77312	5	3	56	0	0	0	0	0	0	0	0	0	0	0	0	0	0	
1289.592000	8	6	3	0	8	7	1	3758	-133	28	77373	5	3	56	0	0	0	0	0	0	0	0	0	0	0	0	0	0	
1290.579833	8	6	3	0	8	7	1	3758	-135	28	77432	5	3	57	0	0	0	0	0	0	0	0	0	0	0	0	0	0	
1291.584967	8	6	3	0	8	7	1	3757	-136	28	77492	5	3	57	0	0	0	0	0	0	0	0	0	0	0	0	0	0	
1292.588633	8	6	3	0	8	7	1	3757	-134	27	77552	5	3	57	0	0	0	0	0	0	0	0	0	0	0	0	0	0	
1293.595200	8	6	3	0	8	7	1	3756	-135	27	77613	5	3	57	0	0	0	0	0	0	0	0	0	0	0	0	0	0	
1294.580167	8	6	3	0	8	7	1	3756	-135	27	77672	5	3	57	0	0	0	0	0	0	0	0	0	0	0	0	0	0	
1295.586717	8	6	3	0	8	7	1	3755	-133	28	77732	5	3	57	0	0	0	0	0	0	0	0	0	0	0	0	0	0	
1296.591833	8	6	3	0	8	7	1	3755	-135	28	77793	5	3	58	0	0	0	0	0	0	0	0	0	0	0	0	0	0	
1297.596967	8	6	3	0	8	7	1	3755	-138	28	77853	5	3	58	0	0	0	0	0	0	0	0	0	0	0	0	0	0	
1298.584800	8	6	3	0	8	7	1	3754	-134	28	77912	5	3	58	0	0	0	0	0	0	0	0	0	0	0	0	0	0	
1299.589917	8	6	3	0	8	7	1	3754	-135	28	77972	5	3	58	0	0	0	0	0	0	0	0	0	0	0	0	0	0	
1300.593600	8	6	3	0	8	7	1	3753	-136	28	78033	5	3	58	0	0	0	0	0	0	0	0	0	0	0	0	0	0	
1301.581433	8	6	3	0	8	7	1	3752	-134	28	78092	5	3	58	0	0	0	0	0	0	0	0	0	0	0	0	0	0	
1302.588000	8	6	3	0	8	7	1	3752	-134	28	78152	5	3	59	0	0	0	0	0	0	0	0	0	0	0	0	0	0	
1303.591683	8	6	3	0	8	7	1	3751	-135	28	78213	5	3	59	0	0	0	0	0	0	0	0	0	0	0	0	0	0	
1304.596800	8	6	3	0	8	7	1	3751	-133	28	78273	5	3	59	0	0	0	0	0	0	0	0	0	0	0	0	0	0	
1305.583200	8	6	3	0	8	7	1	3751	-134	28	78332	5	3	59	0	0	0	0	0	0	0	0	0	0	0	0	0	0	
1306.588317	8	6	3	0	8	7	1	3750	-134	28	78392	5	3	59	0	0	0	0	0	0	0	0	0	0	0	0	0	0	
1307.594883	8	6	3	0	8	7	1	3750	-136	27	78453	5	3	59	0	0	0	0	0	0	0	0	0	0	0	0	0	0	
1308.581283	8	6	3	0	8	7	1	3750	-135	28	78512	5	3	60	0	0	0	0	0	0	0	0	0	0	0	0	0	0	
1309.586400	8	6	3	0	8	7	1	3749	-136	28	78572	5	3	60	0	0	0	0	0	0	0	0	0	0	0	0	0	0	
1310.592967	8	6	3	0	8	7	1	3749	-138	28	78632	5	3	60	0	0	0	0	0	0	0	0	0	0	0	0	0	0	
1311.596633	8	6	3	0	8	7	1	3748	-136	28	78693	5	3	60	0	0	0	0	0	0	0	0	0	0	0	0	0	0	
1312.584483	8	6	3	0	8	7	1	3748	-135	28	78752	5	3	60	0	0	0	0	0	0	0	0	0	0	0	0	0	0	
1313.588167	8	6	3	0	8	7	1	3747	-134	28	78812	5	3	60	0	0	0	0	0	0	0	0	0	0	0	0	0	0	
1314.593283	8	6	3	0	8	7	1	3747	-134	28	78873	5	3	60	0	0	0	0	0	0	0	0	0	0	0	0	0	0	
1315.599833	8	6	3	0	8	7	1	3746	-134	28	78933	5	3	61	0	0	0	0	0	0	0	0	0	0	0	0	0	0	
1316.586233	8	6	3	0	8	7	1	3746	-134	28	78992	5	3	61	0	0	0	0	0	0	0	0	0	0	0	0	0	0	
1317.591367	8	6	3	0	8	7	1	3745	-134	28	79052	5	3	61	0	0	0	0	0	0	0	0	0	0	0	0	0	0	
1318.596483	8	6	3	0	8	7	1	3745	-135	28	79113	5	3	61	0	0	0	0	0	0	0	0	0	0	0	0	0	0	
1319.582883	8	6	3	0	8	7	1	3744	-134	28	79172	5	3	61	0	0	0	0	0	0	0	0	0	0	0	0	0	0	
1320.589433	8	6	3	0	8	7	1	3744	-135	27	79232	5	3	61	0	0	0	0	0	0	0	0	0	0	0	0	0	0	
1321.593117	8	6	3	0	8	7	1	3743	-135	28	79293	5	3	62	0	0	0	0	0	0	0	0	0	0	0	0	0	0	
1322.598233	8	6	3	0	8	7	1	3743	-135	28	79353	5	3	62	0	0	0	0	0	0	0	0	0	0	0	0	0	0	
1323.584633	8	6	3	0	8	7	1	3743	-135	28	79412	5	3	62	0	0	0	0	0	0	0	0	0	0	0	0	0	0	
1324.591200	8	6	3	0	8	7	1	3742	-136	28	79472	5	3	62	0	0	0	0	0	0	0	0	0	0	0	0	0	0	
1325.596317	8	6	3	0	8	7	1	3742	-135	28	79533	5	3	62	0	0	0	0	0	0	0	0	0	0	0	0	0	0	
1326.582717	8	6	3	0	8	7	1	3741	-134	28	79592	5	3	62	0	0	0	0	0	0	0	0	0	0	0	0	0	0	
1327.587833	8	6	3	0	8	7	1	3741	-134	28	79652	5	3	63	0	0	0	0	0	0	0	0	0	0	0	0	0	0	
1328.594400	8	6	3	0	8	7	1	3740	-135	27	79713	5	3	63	0	0	0	0	0	0	0	0	0	0	0	0	0	0	
1329.598083	8	6	3	0	8	7	1	3740	-134	28	79773	5	3	63	0	0	0	0	0	0	0	0	0	0	0	0	0	0	
1330.585917	8	6	3	0	8	7	1	3739	-134	28	79832	5	3	63	0	0	0	0	0	0	0	0	0	0	0	0	0	0	
1331.591033	8	6	3	0	8	7	1	3739	-134	27	79892	5	3	63	0	0	0	0	0	0	0	0	0	0	0	0	0	0	
1332.596167	8	6	3	0	8	7	1	3738	-134	28	79953	5	3	63	0	0	0	0	0	0	0	0	0	0	0	0	0	0	
1333.601283	8	6	3	0	8	7	1	3738	-134	28	80013	5	3	63	0	0	0	0	0	0	0	0	0	0	0	0	0	0	
1334.587683	8	6	3	0	8	7	1	3737	-135	28	80072	5	3	64	0	0	0	0	0	0	0	0	0	0	0	0	0	0	
1335.592800	8	6	3	0	8	7	1	3737	-133	28	80132	5	3	64	0	0	0	0	0	0	0	0	0	0	0	0	0	0	
1336.599367	8	6	3	0	8	7	1	3737	-136	28	80193	5	3	64	0	0	0	0	0	0	0	0	0	0	0	0	0	0	
1337.584317	8	6	3	0	8	7	1	3736	-134	28	80252	5	3	64	0	0	0	0	0	0	0	0	0	0	0	0	0	0	
1338.590883	8	6	3	0	8	7	1	3735	-135	28	80312	5	3	64	0	0	0	0	0	0	0	0	0	0	0	0	0	0	
1339.594567	8	6	3	0	8	7	1	3735	-134	28	80373	5	3	64	0	0	0	0	0	0	0	0	0	0	0	0	0	0	
1340.601117	8	6	3	0	8	7	1	3734	-134	28	80433	5	3	65	0	0	0	0	0	0	0	0	0	0	0	0	0	0	
1341.586083	8	6	3	0	8	7	1	3733	-134	28	80492	5	3	65	0	0	0	0	0	0	0	0	0	0	0	0	0	0	
1342.592633	8	6	3	0	8	7	1	3733	-136	28	80552	5	3	65	0	0	0	0	0	0	0	0	0	0	0	0	0	0	
1343.597767	8	6	3	0	8	7	1	3733	-135	28	80613	5	3	65	0	0	0	0	0	0	0	0	0	0	0	0	0	0	
1344.584167	8	6	3	0	8	7	1	3732	-134	28	80672	5	3	65	0	0	0	0	0	0	0	0	0	0	0	0	0	0	
1345.589283	8	6	3	0	8	7	1	3732	-135	28	80732	5	3	65	0	0	0	0	0	0	0	0	0	0	0	0	0	0	
1346.595833	8	6	3	0	8	7	1	3731	-136	28	80793	5	3	66	0	0	0	0	0	0	0	0	0	0	0	0	0	0	
1347.599517	8	6	3	0	8	7	1	3730	-134	28	80853	5	3	66	0	0	0	0	0	0	0	0	0	0	0	0	0	0	
1348.587367	8	6	3	0	8	7	1	3730	-133	28	80912	5	3	66	0	0	0	0	0	0	0	0	0	0	0	0	0	0	
1349.591033	8	6	3	0	8	7	1	3729	-134	28	80972	5	3	66	0	0	0	0	0	0	0	0	0	0	0	0	0	0	
1350.597600	8	6	3	0	8	7	1	3729	-134	28	81033	5	3	66	0	0	0	0	0	0	0	0	0	0	0	0	0	0	
1351.584000	8	6	3	0	8	7	1	3728	-135	28	81092	5	3	66	0	0	0	0	0	0	0	0	0	0	0	0	0	0	
1352.589117	8	6	3	0	8	7	1	3727	-135	28	81152	5	3	66	0	0	0	0	0	0	0	0	0	0	0	0	0	0	
1353.594233	8	6	3	0	8	7	1	3727	-135	28	81212	5	3	67	0	0	0	0	0	0	0	0	0	0	0	0	0	0	
1354.600800	8	6	3	0	8	7	1	3726	-134	28	81273	5	3	67	0	0	0	0	0	0	0	0	0	0	0	0	0	0	
1355.585767	8	6	3	0	8	7	1	3726	-134	28	81332	5	3	67	0	0	0	0	0	0	0	0	0	0	0	0	0	0	
1356.592317	8	6	3	0	8	7	1	3725	-135	28	81392	5	3	67	0	0	0	0	0	0	0	0	0	0	0	0	0	0	
1357.596000	8	6	3	0	8	7	1	3725	-134	28	81453	5	3	67	0	0	0	0	0	0	0	0	0	0	0	0	0	0	
1358.602567	8	6	3	0	8	7	1	3724	-134	28	81513	5	3	67	0	0	0	0	0	0	0	0	0	0	0	0	0	0	
1359.588967	8	6	3	0	8	7	1	3723	-133	28	81572	5	3	68	0	0	0	0	0	0	0	0	0	0	0	0	0	0	
1360.594083	8	6	3	0	8	7	1	3723	-135	28	81632	5	3	68	0	0	0	0	0	0	0	0	0	0	0	0	0	0	
1361.599200	8	6	3	0	8	7	1	3722	-134	28	81693	5	3	68	0	0	0	0	0	0	0	0	0	0	0	0	0	0	
1362.585600	8	6	3	0	8	7	1	3721	-134	28	81752	5	3	68	0	0	0	0	0	0	0	0	0	0	0	0	0	0	
1363.590717	8	6	3	0	8	7	1	3721	-134	28	81812	5	3	68	0	0	0	0	0	0	0	0	0	0	0	0	0	0	
1364.597283	8	6	3	0	8	7	1	3721	-134	28	81873	5	3	68	0	0	0	0	0	0	0	0	0	0	0	0	0	0	
1365.600967	8	6	3	0	8	7	1	3720	-136	28	81933	5	3	69	0	0	0	0	0	0	0	0	0	0	0	0	0	0	
1366.588800	8	6	3	0	8	7	1	3719	-133	28	81992	5	3	69	0	0	0	0	0	0	0	0	0	0	0	0	0	0	
1367.593917	8	6	3	0	8	7	1	3719	-136	28	82052	5	3	69	0	0	0	0	0	0	0	0	0	0	0	0	0	0	
1368.599033	8	6	3	0	8	7	1	3718	-134	28	82113	5	3	69	0	0	0	0	0	0	0	0	0	0	0	0	0	0	
1369.586883	8	6	3	0	8	7	1	3718	-134	28	82172	5	3	69	0	0	0	0	0	0	0	0	0	0	0	0	0	0	
1370.590567	8	6	3	0	8	7	1	3717	-134	28	82232	5	3	69	0	0	0	0	0	0	0	0	0	0	0	0	0	0	
1371.595683	8	6	3	0	8	7	1	3716	-135	28	82292	5	3	70	0	0	0	0	0	0	0	0	0	0	0	0	0	0	
1372.602233	8	6	3	0	8	7	1	3716	-134	28	82353	5	3	70	0	0	0	0	0	0	0	0	0	0	0	0	0	0	
1373.587200	8	6	3	0	8	7	1	3715	-135	28	82412	5	3	70	0	0	0	0	0	0	0	0	0	0	0	0	0	0	
1374.593767	8	6	3	0	8	7	1	3715	-134	28	82472	5	3	70	0	0	0	0	0	0	0	0	0	0	0	0	0	0	
1375.598883	8	6	3	0	8	7	1	3714	-134	28	82533	5	3	70	0	0	0	0	0	0	0	0	0	0	0	0	0	0	
1376.604000	8	6	3	0	8	7	1	3714	-135	28	82593	5	3	70	0	0	0	0	0	0	0	0	0	0	0	0	0	0	
1377.590400	8	6	3	0	8	7	1	3713	-134	28	82652	5	3	70	0	0	0	0	0	0	0	0	0	0	0	0	0	0	
1378.596967	8	6	3	0	8	7	1	3713	-133	28	82712	5	3	71	0	0	0	0	0	0	0	0	0	0	0	0	0	0	
1379.600633	8	6	3	0	8	7	1	3712	-135	28	82773	5	3	71	0	0	0	0	0	0	0	0	0	0	0	0	0	0	
1380.588483	8	6	3	0	8	7	1	3711	-134	28	82832	5	3	71	0	0	0	0	0	0	0	0	0	0	0	0	0	0	
1381.592167	8	6	3	0	8	7	1	3710	-135	28	82892	5	3	71	0	0	0	0	0	0	0	0	0	0	0	0	0	0	
1382.600167	8	6	3	0	8	7	1	3710	-134	28	82953	5	3	71	0	0	0	0	0	0	0	0	0	0	0	0	0	0	
1383.588000	8	6	3	0	8	7	1	3709	-134	28	83012	5	3	71	0	0	0	0	0	0	0	0	0	0	0	0	0	0	
1384.591683	8	6	3	0	8	7	1	3708	-136	28	83072	5	3	72	0	0	0	0	0	0	0	0	0	0	0	0	0	0	
1385.598233	8	6	3	0	8	7	1	3708	-134	28	83133	5	3	72	0	0	0	0	0	0	0	0	0	0	0	0	0	0	
1386.603367	8	6	3	0	8	7	1	3707	-134	28	83193	5	3	72	0	0	0	0	0	0	0	0	0	0	0	0	0	0	
1387.589767	8	6	3	0	8	7	1	3706	-135	28	83252	5	3	72	0	0	0	0	0	0	0	0	0	0	0	0	0	0	
1388.594883	8	6	3	0	8	7	1	3706	-135	28	83312	5	3	72	0	0	0	0	0	0	0	0	0	0	0	0	0	0	
1389.601433	8	6	3	0	8	7	1	3705	-134	28	83373	5	3	72	0	0	0	0	0	0	0	0	0	0	0	0	0	0	
1390.586400	8	6	3	0	8	7	1	3704	-134	28	83432	5	3	73	0	0	0	0	0	0	0	0	0	0	0	0	0	0	
1391.592967	8	6	3	0	8	7	1	3703	-134	28	83492	5	3	73	0	0	0	0	0	0	0	0	0	0	0	0	0	0	
1392.596633	8	6	3	0	8	7	1	3702	-135	28	83552	5	3	73	0	0	0	0	0	0	0	0	0	0	0	0	0	0	
1393.603200	8	6	3	0	8	7	1	3702	-133	28	83613	5	3	73	0	0	0	0	0	0	0	0	0	0	0	0	0	0	
1394.588167	8	6	3	0	8	7	1	3701	-135	28	83672	5	3	73	0	0	0	0	0	0	0	0	0	0	0	0	0	0	
1395.594717	8	6	3	0	8	7	1	3700	-133	28	83732	5	3	73	0	0	0	0	0	0	0	0	0	0	0	0	0	0	
1396.599833	8	6	3	0	8	7	1	3699	-134	28	83793	5	3	73	0	0	0	0	0	0	0	0	0	0	0	0	0	0	
1397.606400	8	6	3	0	8	7	1	3698	-136	28	83853	5	3	74	0	0	0	0	0	0	0	0	0	0	0	0	0	0	
1398.591367	8	6	3	0	8	7	1	3697	-134	28	83912	5	3	74	0	0	0	0	0	0	0	0	0	0	0	0	0	0	
1399.597917	8	6	3	0	8	7	1	3696	-137	28	83972	5	3	74	0	0	0	0	0	0	0	0	0	0	0	0	0	0	
1400.601600	8	6	3	0	8	7	1	3695	-135	28	84033	5	3	74	0	0	0	0	0	0	0	0	0	0	0	0	0	0	
1401.589433	8	6	3	0	8	7	1	3694	-134	28	84092	5	3	74	0	0	0	0	0	0	0	0	0	0	0	0	0	0	
1402.593117	8	6	3	0	8	7	1	3694	-134	28	84152	5	3	74	0	0	0	0	0	0	0	0	0	0	0	0	0	0	
1403.599683	8	6	3	0	8	7	1	3692	-136	28	84213	5	3	75	0	0	0	0	0	0	0	0	0	0	0	0	0	0	
1404.604800	8	6	3	0	8	7	1	3692	-134	28	84273	5	3	75	0	0	0	0	0	0	0	0	0	0	0	0	0	0	
1405.591200	8	6	3	0	8	7	1	3691	-134	28	84332	5	3	75	0	0	0	0	0	0	0	0	0	0	0	0	0	0	
1406.596317	8	6	3	0	8	7	1	3689	-135	28	84392	5	3	75	0	0	0	0	0	0	0	0	0	0	0	0	0	0	
1407.602883	8	6	3	0	8	7	1	3688	-135	28	84453	5	3	75	0	0	0	0	0	0	0	0	0	0	0	0	0	0	
1408.587833	8	6	3	0	8	7	1	3688	-136	28	84512	5	3	75	0	0	0	0	0	0	0	0	0	0	0	0	0	0	
1409.594400	8	6	3	0	8	7	1	3687	-135	28	84572	5	3	76	0	0	0	0	0	0	0	0	0	0	0	0	0	0	
1410.599517	8	6	3	0	8	7	1	3686	-136	28	84632	5	3	76	0	0	0	0	0	0	0	0	0	0	0	0	0	0	
1411.604633	8	6	3	0	8	7	1	3685	-134	28	84693	5	3	76	0	0	0	0	0	0	0	0	0	0	0	0	0	0	
1412.591033	8	6	3	0	8	7	1	3684	-133	28	84752	5	3	76	0	0	0	0	0	0	0	0	0	0	0	0	0	0	
1413.597600	8	6	3	0	8	7	1	3682	-135	28	84812	5	3	76	0	0	0	0	0	0	0	0	0	0	0	0	0	0	
1414.602717	8	6	3	0	8	7	1	3682	-134	28	84873	5	3	76	0	0	0	0	0	0	0	0	0	0	0	0	0	0	
1415.590567	8	6	3	0	8	7	1	3680	-134	28	84932	5	3	76	0	0	0	0	0	0	0	0	0	0	0	0	0	0	
1416.594233	8	6	3	0	8	7	1	3679	-134	28	84992	5	3	77	0	0	0	0	0	0	0	0	0	0	0	0	0	0	
1417.600800	8	6	3	0	8	7	1	3678	-134	28	85053	5	3	77	0	0	0	0	0	0	0	0	0	0	0	0	0	0	
1418.605917	8	6	3	0	8	7	1	3677	-136	28	85113	5	3	77	0	0	0	0	0	0	0	0	0	0	0	0	0	0	
1419.592317	8	6	3	0	8	7	1	3676	-135	28	85172	5	3	77	0	0	0	0	0	0	0	0	0	0	0	0	0	0	
1420.597433	8	6	3	0	8	7	1	3674	-135	28	85232	5	3	77	0	0	0	0	0	0	0	0	0	0	0	0	0	0	
1421.604000	8	6	3	0	8	7	1	3673	-136	28	85293	5	3	77	0	0	0	0	0	0	0	0	0	0	0	0	0	0	
1422.590400	8	6	3	0	8	7	1	3672	-135	28	85352	5	3	78	0	0	0	0	0	0	0	0	0	0	0	0	0	0	
1423.595517	8	6	3	0	8	7	1	3671	-135	28	85412	5	3	78	0	0	0	0	0	0	0	0	0	0	0	0	0	0	
1424.600633	8	6	3	0	8	7	1	3669	-135	28	85472	5	3	78	0	0	0	0	0	0	0	0	0	0	0	0	0	0	
1425.605767	8	6	3	0	8	7	1	3668	-135	28	85533	5	3	78	0	0	0	0	0	0	0	0	0	0	0	0	0	0	
1426.593600	8	6	3	0	8	7	1	3667	-134	28	85592	5	3	78	0	0	0	0	0	0	0	0	0	0	0	0	0	0	
1427.597283	8	6	3	0	8	7	1	3666	-135	28	85652	5	3	78	0	0	0	0	0	0	0	0	0	0	0	0	0	0	
1428.602400	8	6	3	0	8	7	1	3665	-133	28	85713	5	3	79	0	0	0	0	0	0	0	0	0	0	0	0	0	0	
1429.607517	8	6	3	0	8	7	1	3665	-136	28	85773	5	3	79	0	0	0	0	0	0	0	0	0	0	0	0	0	0	
1430.595367	8	6	3	0	8	7	1	3664	-134	28	85832	5	3	79	0	0	0	0	0	0	0	0	0	0	0	0	0	0	
1431.600483	8	6	3	0	8	7	1	3663	-134	28	85892	5	3	79	0	0	0	0	0	0	0	0	0	0	0	0	0	0	
1432.605600	8	6	3	0	8	7	1	3663	-134	28	85953	5	3	79	0	0	0	0	0	0	0	0	0	0	0	0	0	0	
1433.592000	8	6	3	0	8	7	1	3662	-135	28	86012	5	3	79	0	0	0	0	0	0	0	0	0	0	0	0	0	0	
1434.598567	8	6	3	0	8	7	1	3662	-134	28	86072	5	3	79	0	0	0	0	0	0	0	0	0	0	0	0	0	0	
1435.602233	8	6	3	0	8	7	1	3661	-132	28	86133	5	3	80	0	0	0	0	0	0	0	0	0	0	0	0	0	0	
1436.607367	8	6	3	0	8	7	1	3661	-135	28	86193	5	3	80	0	0	0	0	0	0	0	0	0	0	0	0	0	0	
1437.595200	8	6	3	0	8	7	1	3660	-135	28	86252	5	3	80	0	0	0	0	0	0	0	0	0	0	0	0	0	0	
1438.600317	8	6	3	0	8	7	1	3660	-134	28	86312	5	3	80	0	0	0	0	0	0	0	0	0	0	0	0	0	0	
1439.605433	8	6	3	0	8	7	1	3660	-133	28	86373	5	3	80	0	0	0	0	0	0	0	0	0	0	0	0	0	0	
1440.591833	8	6	3	0	8	7	1	3660	-134	28	86432	5	3	80	0	0	0	0	0	0	0	0	0	0	0	0	0	0	
1441.596967	8	6	3	0	8	7	1	3660	-134	28	86492	5	3	81	0	0	0	0	0	0	0	0	0	0	0	0	0	0	
1442.603517	8	6	3	0	8	7	1	3659	-134	28	86553	5	3	81	0	0	0	0	0	0	0	0	0	0	0	0	0	0	
1443.607200	8	6	3	0	8	7	1	3659	-136	28	86613	5	3	81	0	0	0	0	0	0	0	0	0	0	0	0	0	0	
1444.595033	8	6	3	0	8	7	1	3658	-133	28	86672	5	3	81	0	0	0	0	0	0	0	0	0	0	0	0	0	0	
1445.600167	8	6	3	0	8	7	1	3658	-134	28	86732	5	3	81	0	0	0	0	0	0	0	0	0	0	0	0	0	0	
1446.605283	8	6	3	0	8	7	1	3658	-134	28	86793	5	3	81	0	0	0	0	0	0	0	0	0	0	0	0	0	0	
1447.591683	8	6	3	0	8	7	1	3657	-134	28	86852	5	3	82	0	0	0	0	0	0	0	0	0	0	0	0	0	0	
1448.596800	8	6	3	0	8	7	1	3657	-134	28	86912	5	3	82	0	0	0	0	0	0	0	0	0	0	0	0	0	0	
1449.601917	8	6	3	0	8	7	1	3657	-134	28	86972	5	3	82	0	0	0	0	0	0	0	0	0	0	0	0	0	0	
1450.608483	8	6	3	0	8	7	1	3657	-135	28	87033	5	3	82	0	0	0	0	0	0	0	0	0	0	0	0	0	0	
1451.593433	8	6	3	0	8	7	1	3656	-136	28	87092	5	3	82	0	0	0	0	0	0	0	0	0	0	0	0	0	0	
1452.600000	8	6	3	0	8	7	1	3656	-135	28	87152	5	3	82	0	0	0	0	0	0	0	0	0	0	0	0	0	0	
1453.603683	8	6	3	0	8	7	1	3655	-135	28	87213	5	3	83	0	0	0	0	0	0	0	0	0	0	0	0	0	0	
1454.610233	8	6	3	0	8	7	1	3655	-134	28	87273	5	3	83	0	0	0	0	0	0	0	0	0	0	0	0	0	0	
1455.595200	8	6	3	0	8	7	1	3655	-135	28	87332	5	3	83	0	0	0	0	0	0	0	0	0	0	0	0	0	0	
1456.601767	8	6	3	0	8	7	1	3654	-135	28	87392	5	3	83	0	0	0	0	0	0	0	0	0	0	0	0	0	0	
1457.606883	8	6	3	0	8	7	1	3654	-134	28	87453	5	3	83	0	0	0	0	0	0	0	0	0	0	0	0	0	0	
1458.593283	8	6	3	0	8	7	1	3654	-135	28	87512	5	3	83	0	0	0	0	0	0	0	0	0	0	0	0	0	0	
1459.598400	8	6	3	0	8	7	1	3653	-135	28	87572	5	3	83	0	0	0	0	0	0	0	0	0	0	0	0	0	0	
1460.604967	8	6	3	0	8	7	1	3653	-134	28	87633	5	3	84	0	0	0	0	0	0	0	0	0	0	0	0	0	0	
1461.608633	8	6	3	0	8	7	1	3652	-135	28	87693	5	3	84	0	0	0	0	0	0	0	0	0	0	0	0	0	0	
1462.596483	8	6	3	0	8	7	1	3652	-135	28	87752	5	3	84	0	0	0	0	0	0	0	0	0	0	0	0	0	0	
1463.600167	8	6	3	0	8	7	1	3651	-135	28	87812	5	3	84	0	0	0	0	0	0	0	0	0	0	0	0	0	0	
1464.606717	8	6	3	0	8	7	1	3651	-135	28	87873	5	3	84	0	0	0	0	0	0	0	0	0	0	0	0	0	0	
1465.593117	8	6	3	0	8	7	1	3650	-134	28	87932	5	3	84	0	0	0	0	0	0	0	0	0	0	0	0	0	0	
1466.598233	8	6	3	0	8	7	1	3649	-136	28	87992	5	3	85	0	0	0	0	0	0	0	0	0	0	0	0	0	0	
1467.603367	8	6	3	0	8	7	1	3649	-134	28	88052	5	3	85	0	0	0	0	0	0	0	0	0	0	0	0	0	0	
1468.609917	8	6	3	0	8	7	1	3648	-134	28	88113	5	3	85	0	0	0	0	0	0	0	0	0	0	0	0	0	0	
1469.594883	8	6	3	0	8	7	1	3648	-135	28	88172	5	3	85	0	0	0	0	0	0	0	0	0	0	0	0	0	0	
1470.601433	8	6	3	0	8	7	1	3647	-134	28	88232	5	3	85	0	0	0	0	0	0	0	0	0	0	0	0	0	0	
1471.605117	8	6	3	0	8	7	1	3646	-136	28	88293	5	3	85	0	0	0	0	0	0	0	0	0	0	0	0	0	0	
1472.611683	8	6	3	0	8	7	1	3645	-133	28	88353	5	3	86	0	0	0	0	0	0	0	0	0	0	0	0	0	0	
1473.598083	8	6	3	0	8	7	1	3644	-134	28	88412	5	3	86	0	0	0	0	0	0	0	0	0	0	0	0	0	0	
1474.603200	8	6	3	0	8	7	1	3643	-135	28	88472	5	3	86	0	0	0	0	0	0	0	0	0	0	0	0	0	0	
1475.608317	8	6	3	0	8	7	1	3642	-135	28	88533	5	3	86	0	0	0	0	0	0	0	0	0	0	0	0	0	0	
1476.594717	8	6	3	0	8	7	1	3640	-134	28	88592	5	3	86	0	0	0	0	0	0	0	0	0	0	0	0	0	0	
1477.599833	8	6	3	0	8	7	1	3639	-135	28	88652	5	3	86	0	0	0	0	0	0	0	0	0	0	0	0	0	0	
1478.606400	8	6	3	0	8	7	1	3637	-135	28	88713	5	3	86	0	0	0	0	0	0	0	0	0	0	0	0	0	0	
1479.610083	8	6	3	0	8	7	1	3635	-135	28	88773	5	3	87	0	0	0	0	0	0	0	0	0	0	0	0	0	0	
1480.597917	8	6	3	0	8	7	1	3633	-135	28	88832	5	3	87	0	0	0	0	0	0	0	0	0	0	0	0	0	0	
1481.603033	8	6	3	0	8	7	1	3631	-135	28	88892	5	3	87	0	0	0	0	0	0	0	0	0	0	0	0	0	0	
1482.608167	8	6	3	0	8	7	1	3627	-136	28	88953	5	3	87	0	0	0	0	0	0	0	0	0	0	0	0	0	0	
1483.596000	8	6	3	0	8	7	1	3624	-135	28	89012	5	3	87	0	0	0	0	0	0	0	0	0	0	0	0	0	0	
1484.599683	8	6	3	0	8	7	1	3621	-134	28	89072	5	3	87	0	0	0	0	0	0	0	0	0	0	0	0	0	0	
1485.604800	8	6	3	0	8	7	1	3617	-133	28	89132	5	3	88	0	0	0	0	0	0	0	0	0	0	0	0	0	0	
1486.611367	8	6	3	0	8	7	1	3612	-134	28	89193	5	3	88	0	0	0	0	0	0	0	0	0	0	0	0	0	0	
1487.596317	8	6	3	0	8	7	1	3607	-134	28	89252	5	3	88	0	0	0	0	0	0	0	0	0	0	0	0	0	0	
1488.602883	8	6	3	0	8	7	1	3602	-134	28	89312	5	3	88	0	0	0	0	0	0	0	0	0	0	0	0	0	0	
1489.606567	8	6	3	0	8	7	1	3596	-134	28	89373	5	3	88	0	0	0	0	0	0	0	0	0	0	0	0	0	0	
1490.613117	8	6	3	0	8	7	1	3590	-135	28	89433	5	3	88	0	0	0	0	0	0	0	0	0	0	0	0	0	0	
1491.598083	8	6	3	0	8	7	1	3583	-136	28	89492	5	3	89	0	0	0	0	0	0	0	0	0	0	0	0	0	0	
1492.604633	8	6	3	0	8	7	1	3576	-132	28	89552	5	3	89	0	0	0	0	0	0	0	0	0	0	0	0	0	0	
1493.609767	8	6	3	0	8	7	1	3568	-133	28	89613	5	3	89	0	0	0	0	0	0	0	0	0	0	0	0	0	0	
1494.596167	8	6	3	0	8	7	1	3560	-133	28	89672	5	3	89	0	0	0	0	0	0	0	0	0	0	0	0	0	0	
1495.601283	8	6	3	0	8	7	1	3552	-136	28	89732	5	3	89	0	0	0	0	0	0	0	0	0	0	0	0	0	0	
1496.607833	8	6	3	0	8	7	1	3543	-134	28	89793	5	3	89	0	0	0	0	0	0	0	0	0	0	0	0	0	0	
1497.595683	8	6	3	0	8	7	1	3534	-136	28	89852	5	3	89	0	0	0	0	0	0	0	0	0	0	0	0	0	0	
1498.602233	8	6	3	0	8	7	1	3524	-136	28	89912	5	3	90	0	0	0	0	0	0	0	0	0	0	0	0	0	0	
1499.608800	8	6	3	0	8	7	1	3513	-135	28	89973	5	3	90	0	0	0	0	0	0	0	0	0	0	0	0	0	0	
1500.612483	8	6	3	0	8	7	1	3502	-134	28	90033	5	3	90	0	0	0	0	0	0	0	0	0	0	0	0	0	0	
1501.600317	8	6	3	0	8	7	1	3491	-135	28	90092	5	3	90	0	0	0	0	0	0	0	0	0	0	0	0	0	0	
1502.604000	8	6	3	0	8	7	1	3478	-134	28	90152	5	3	90	0	0	0	0	0	0	0	0	0	0	0	0	0	0	
1503.610567	8	6	3	0	8	7	1	3466	-135	28	90213	5	3	90	0	0	0	0	0	0	0	0	0	0	0	0	0	0	
1504.596967	8	6	3	0	8	7	1	3452	-134	28	90272	5	3	91	0	0	0	0	0	0	0	0	0	0	0	0	0	0	
1505.602083	8	6	3	0	8	7	1	3438	-134	28	90332	5	3	91	0	0	0	0	0	0	0	0	0	0	0	0	0	0	
1506.607200	8	6	3	0	8	7	1	3423	-133	28	90393	5	3	91	0	0	0	0	0	0	0	0	0	0	0	0	0	0	
1507.613767	8	6	3	0	8	7	1	3407	-136	28	90453	5	3	91	0	0	0	0	0	0	0	0	0	0	0	0	0	0	
1508.598717	8	6	3	0	8	7	1	3390	-135	28	90512	5	3	91	0	0	0	0	0	0	0	0	0	0	0	0	0	0	
1509.605283	8	6	3	0	8	7	1	3372	-135	28	90572	5	3	91	0	0	0	0	0	0	0	0	0	0	0	0	0	0	
1510.608967	8	6	3	0	8	7	1	3352	-135	28	90633	5	3	92	0	0	0	0	0	0	0	0	0	0	0	0	0	0	
1511.596800	8	6	3	0	8	7	1	3331	-134	28	90692	5	3	92	0	0	0	0	0	0	0	0	0	0	0	0	0	0	
1512.601917	8	6	3	0	8	7	1	3307	-135	28	90752	5	3	92	0	0	0	0	0	0	0	0	0	0	0	0	0	0	
1513.607033	8	6	3	0	8	7	1	3281	-136	28	90812	5	3	92	0	0	0	0	0	0	0	0	0	0	0	0	0	0	
1514.612167	8	6	3	0	8	7	1	3252	-134	28	90873	5	3	92	0	0	0	0	0	0	0	0	0	0	0	0	0	0	
1515.598567	8	6	3	0	8	7	1	3218	-134	28	90932	5	3	92	0	0	0	0	0	0	0	0	0	0	0	0	0	0	
1516.603683	8	6	3	0	8	7	1	3179	-136	28	90992	5	3	92	0	0	0	0	0	0	0	0	0	0	0	0	0	0	
1517.610233	8	6	3	0	8	7	1	3124	-134	28	91053	5	3	93	0	0	0	0	0	0	0	0	0	0	0	0	0	0	
1518.595200	8	6	3	0	8	7	1	3034	-134	28	91112	5	3	93	0	0	0	0	0	0	0	0	0	0	0	0	0	0	
1519.601767	8	6	3	0	8	7	1	2908	-135	28	91172	5	3	93	0	0	0	0	0	0	0	0	0	0	0	0	0	0	
1520.606883	8	6	3	0	8	7	1	2767	-135	28	91232	5	3	93	0	0	0	0	0	0	0	0	0	0	0	0	0	0	
1521.191517	8	15	3	0	9	31	2	2710	32	28	91268	6	3	93	0	0	0	0	0	0	0	0	0	0	0	0	0	0	
1521.213117	8	4	3	0	9	3	2	2737	66	28	91269	6	3	93	0	0	0	0	0	0	0	0	0	0	0	0	0	0	
1521.596167	8	4	3	0	9	3	2	2838	67	28	91292	6	3	93	0	0	0	0	0	0	0	0	0	0	0	0	0	0	
1522.605600	8	4	3	0	9	3	2	2983	66	28	91352	6	3	93	0	0	0	0	0	0	0	0	0	0	0	0	0	0	
1522.758233	8	3	3	0	9	2	2	3016	136	28	91362	7	3	93	0	0	0	0	0	0	0	0	0	0	0	0	0	0	
1523.609283	8	3	3	0	9	2	2	3426	675	28	91413	7	3	93	0	0	0	0	0	0	0	0	0	0	0	0	0	0	
1524.605767	8	3	3	0	9	2	2	3553	675	28	91472	7	3	93	0	0	0	0	0	0	0	0	0	0	0	0	0	0	
1525.602233	8	3	3	0	9	2	2	3632	673	28	91532	7	3	93	0	0	0	0	0	0	0	0	0	0	0	0	0	0	
1526.598717	8	3	3	0	9	2	2	3691	674	28	91592	7	3	93	0	0	0	0	0	0	0	0	0	0	0	0	0	0	
1527.602400	8	3	3	0	9	2	2	3736	676	28	91652	7	3	93	0	0	0	0	0	0	0	0	0	0	0	0	0	0	
1528.600317	8	3	3	0	9	2	2	3771	674	28	91712	7	3	93	0	0	0	0	0	0	0	0	0	0	0	0	0	0	
1529.615517	8	3	3	0	9	2	2	3792	675	28	91773	7	3	93	0	0	0	0	0	0	0	0	0	0	0	0	0	0	
1530.604800	8	3	3	0	9	2	2	3799	675	28	91832	7	3	93	0	0	0	0	0	0	0	0	0	0	0	0	0	0	
1531.599833	8	3	3	0	9	2	2	3804	675	28	91892	7	3	93	0	0	0	0	0	0	0	0	0	0	0	0	0	0	
1532.613600	8	3	3	0	9	2	2	3809	674	28	91953	7	3	93	0	0	0	0	0	0	0	0	0	0	0	0	0	0	
1533.612967	8	3	3	0	9	2	2	3814	675	28	92013	7	3	93	0	0	0	0	0	0	0	0	0	0	0	0	0	0	
1534.603683	8	3	3	0	9	2	2	3819	675	28	92072	7	3	93	0	0	0	0	0	0	0	0	0	0	0	0	0	0	
1535.611683	8	3	3	0	9	2	2	3824	674	28	92133	7	3	93	0	0	0	0	0	0	0	0	0	0	0	0	0	0	
1536.609600	8	3	3	0	9	2	2	3829	675	28	92193	7	3	93	0	0	0	0	0	0	0	0	0	0	0	0	0	0	
1537.606083	8	3	3	0	9	2	2	3834	674	28	92252	7	3	93	0	0	0	0	0	0	0	0	0	0	0	0	0	0	
1538.598233	8	3	3	0	9	2	2	3840	673	28	92312	7	3	93	0	0	0	0	0	0	0	0	0	0	0	0	0	0	
1539.614883	8	3	3	0	9	2	2	3845	675	28	92373	7	3	93	0	0	0	0	0	0	0	0	0	0	0	0	0	0	
1540.604167	8	3	3	0	9	2	2	3851	674	28	92432	7	3	93	0	0	0	0	0	0	0	0	0	0	0	0	0	0	
1541.616483	8	3	3	0	9	2	2	3857	675	28	92493	7	3	93	0	0	0	0	0	0	0	0	0	0	0	0	0	0	
1542.598567	8	3	3	0	9	2	2	3862	674	28	92552	7	3	93	0	0	0	0	0	0	0	0	0	0	0	0	0	0	
1543.615200	8	3	3	0	9	2	2	3868	674	28	92613	7	3	93	0	0	0	0	0	0	0	0	0	0	0	0	0	0	
1544.610233	8	3	3	0	9	2	2	3872	673	28	92673	7	3	93	0	0	0	0	0	0	0	0	0	0	0	0	0	0	
1545.608167	8	3	3	0	9	2	2	3877	675	28	92732	7	3	93	0	0	0	0	0	0	0	0	0	0	0	0	0	0	
1546.603200	8	3	3	0	9	2	2	3881	675	28	92792	7	3	93	0	0	0	0	0	0	0	0	0	0	0	0	0	0	
1547.599683	8	3	3	0	9	2	2	3885	675	28	92852	7	3	93	0	0	0	0	0	0	0	0	0	0	0	0	0	0	
1548.601917	8	3	3	0	9	2	2	3888	675	28	92912	7	3	93	0	0	0	0	0	0	0	0	0	0	0	0	0	0	
1549.615683	8	3	3	0	9	2	2	3890	673	28	92973	7	3	93	0	0	0	0	0	0	0	0	0	0	0	0	0	0	
1550.600633	8	3	3	0	9	2	2	3893	674	28	93032	7	3	93	0	0	0	0	0	0	0	0	0	0	0	0	0	0	
1551.615833	8	3	3	0	9	2	2	3896	675	28	93093	7	3	93	0	0	0	0	0	0	0	0	0	0	0	0	0	0	
1552.613767	8	3	3	0	9	2	2	3898	674	28	93153	7	3	93	0	0	0	0	0	0	0	0	0	0	0	0	0	0	
1553.611683	8	3	3	0	9	2	2	3900	674	28	93213	7	3	93	0	0	0	0	0	0	0	0	0	0	0	0	0	0	
1554.598083	8	3	3	0	9	2	2	3902	675	28	93272	7	3	93	0	0	0	0	0	0	0	0	0	0	0	0	0	0	
1555.611833	8	3	3	0	9	2	2	3904	675	28	93333	7	3	93	0	0	0	0	0	0	0	0	0	0	0	0	0	0	
1556.612633	8	3	3	0	9	2	2	3906	675	28	93393	7	3	93	0	0	0	0	0	0	0	0	0	0	0	0	0	0	
1557.612000	8	3	3	0	9	2	2	3908	674	28	93453	7	3	93	0	0	0	0	0	0	0	0	0	0	0	0	0	0	
1558.607033	8	3	3	0	9	2	2	3911	674	28	93512	7	3	93	0	0	0	0	0	0	0	0	0	0	0	0	0	0	
1559.604967	8	3	3	0	9	2	2	3913	674	28	93572	7	3	93	0	0	0	0	0	0	0	0	0	0	0	0	0	0	
1560.601433	8	3	3	0	9	2	2	3915	675	28	93632	7	3	93	0	0	0	0	0	0	0	0	0	0	0	0	0	0	
1561.606567	8	3	3	0	9	2	2	3917	674	28	93692	7	3	93	0	0	0	0	0	0	0	0	0	0	0	0	0	0	
1562.611683	8	3	3	0	9	2	2	3919	674	28	93753	7	3	93	0	0	0	0	0	0	0	0	0	0	0	0	0	0	
1563.608167	8	3	3	0	9	2	2	3921	674	28	93812	7	3	93	0	0	0	0	0	0	0	0	0	0	0	0	0	0	
1564.603200	8	3	3	0	9	2	2	3924	674	28	93872	7	3	93	0	0	0	0	0	0	0	0	0	0	0	0	0	0	
1565.599683	8	3	3	0	9	2	2	3926	674	28	93932	7	3	93	0	0	0	0	0	0	0	0	0	0	0	0	0	0	
1566.617767	8	3	3	0	9	2	2	3929	675	28	93993	7	3	93	0	0	0	0	0	0	0	0	0	0	0	0	0	0	
1567.612800	8	3	3	0	9	2	2	3931	675	28	94053	7	3	93	0	0	0	0	0	0	0	0	0	0	0	0	0	0	
1568.609283	8	3	3	0	9	2	2	3934	674	28	94112	7	3	93	0	0	0	0	0	0	0	0	0	0	0	0	0	0	
1569.611517	8	3	3	0	9	2	2	3937	679	28	94172	7	3	93	0	0	0	0	0	0	0	0	0	0	0	0	0	0	
1570.612317	8	3	3	0	9	2	2	3939	675	28	94233	7	3	93	0	0	0	0	0	0	0	0	0	0	0	0	0	0	
1571.613117	8	3	3	0	9	2	2	3942	674	28	94293	7	3	93	0	0	0	0	0	0	0	0	0	0	0	0	0	0	
1572.611033	8	3	3	0	9	2	2	3944	675	28	94352	7	3	93	0	0	0	0	0	0	0	0	0	0	0	0	0	0	
1573.607517	8	3	3	0	9	2	2	3947	675	28	94412	7	3	93	0	0	0	0	0	0	0	0	0	0	0	0	0	0	
1574.604000	8	3	3	0	9	2	2	3949	675	28	94472	7	3	93	0	0	0	0	0	0	0	0	0	0	0	0	0	0	
1575.617767	8	3	3	0	9	2	2	3952	674	28	94533	7	3	93	0	0	0	0	0	0	0	0	0	0	0	0	0	0	
1576.614233	8	3	3	0	9	2	2	3955	675	28	94593	7	3	93	0	0	0	0	0	0	0	0	0	0	0	0	0	0	
1577.609283	8	3	3	0	9	2	2	3958	674	28	94652	7	3	93	0	0	0	0	0	0	0	0	0	0	0	0	0	0	
1578.605767	8	3	3	0	9	2	2	3961	675	28	94712	7	3	93	0	0	0	0	0	0	0	0	0	0	0	0	0	0	
1579.600800	8	3	3	0	9	2	2	3964	675	28	94772	7	3	93	0	0	0	0	0	0	0	0	0	0	0	0	0	0	
1580.613117	8	3	3	0	9	2	2	3967	675	28	94833	7	3	93	0	0	0	0	0	0	0	0	0	0	0	0	0	0	
1581.613917	8	3	3	0	9	2	2	3970	675	28	94893	7	3	93	0	0	0	0	0	0	0	0	0	0	0	0	0	0	
1582.611833	8	3	3	0	9	2	2	3973	675	28	94952	7	3	93	0	0	0	0	0	0	0	0	0	0	0	0	0	0	
1583.606883	8	3	3	0	9	2	2	3976	673	28	95012	7	3	93	0	0	0	0	0	0	0	0	0	0	0	0	0	0	
1584.604800	8	3	3	0	9	2	2	3980	674	28	95072	7	3	93	0	0	0	0	0	0	0	0	0	0	0	0	0	0	
1585.604167	8	3	3	0	9	2	2	3983	674	28	95132	7	3	93	0	0	0	0	0	0	0	0	0	0	0	0	0	0	
1586.606400	8	3	3	0	9	2	2	3987	675	28	95192	7	3	93	0	0	0	0	0	0	0	0	0	0	0	0	0	0	
1587.605767	8	3	3	0	9	2	2	3990	675	28	95252	7	3	93	0	0	0	0	0	0	0	0	0	0	0	0	0	0	
1588.620967	8	3	3	0	9	2	2	3994	675	28	95313	7	3	93	0	0	0	0	0	0	0	0	0	0	0	0	0	0	
1589.617433	8	3	3	0	9	2	2	3998	675	28	95373	7	3	93	0	0	0	0	0	0	0	0	0	0	0	0	0	0	
1590.615367	8	3	3	0	9	2	2	4002	675	28	95433	7	3	93	0	0	0	0	0	0	0	0	0	0	0	0	0	0	
1591.604633	8	3	3	0	9	2	2	4006	674	28	95492	7	3	93	0	0	0	0	0	0	0	0	0	0	0	0	0	0	
1592.618400	8	3	3	0	9	2	2	4010	675	28	95553	7	3	93	0	0	0	0	0	0	0	0	0	0	0	0	0	0	
1593.614883	8	3	3	0	9	2	2	4014	675	28	95613	7	3	93	0	0	0	0	0	0	0	0	0	0	0	0	0	0	
1594.614233	8	3	3	0	9	2	2	4018	675	28	95672	7	3	93	0	0	0	0	0	0	0	0	0	0	0	0	0	0	
1595.606400	8	3	3	0	9	2	2	4022	674	28	95732	7	3	93	0	0	0	0	0	0	0	0	0	0	0	0	0	0	
1596.610083	8	3	3	0	9	2	2	4026	674	28	95792	7	3	93	0	0	0	0	0	0	0	0	0	0	0	0	0	0	
1597.606567	8	3	3	0	9	2	2	4031	675	28	95852	7	3	93	0	0	0	0	0	0	0	0	0	0	0	0	0	0	
1598.620317	8	3	3	0	9	2	2	4035	674	28	95913	7	3	93	0	0	0	0	0	0	0	0	0	0	0	0	0	0	
1599.619683	8	3	3	0	9	2	2	4040	674	28	95973	7	3	93	0	0	0	0	0	0	0	0	0	0	0	0	0	0	
1600.614717	8	3	3	0	9	2	2	4044	675	28	96033	7	3	93	0	0	0	0	0	0	0	0	0	0	0	0	0	0	
1601.611200	8	3	3	0	9	2	2	4049	674	28	96092	7	3	93	0	0	0	0	0	0	0	0	0	0	0	0	0	0	
1602.610567	8	3	3	0	9	2	2	4054	675	28	96152	7	3	93	0	0	0	0	0	0	0	0	0	0	0	0	0	0	
1603.605600	8	3	3	0	9	2	2	4059	675	28	96212	7	3	93	0	0	0	0	0	0	0	0	0	0	0	0	0	0	
1604.604967	8	3	3	0	9	2	2	4064	675	28	96272	7	3	93	0	0	0	0	0	0	0	0	0	0	0	0	0	0	
1605.611517	8	3	3	0	9	2	2	4069	675	28	96332	7	3	93	0	0	0	0	0	0	0	0	0	0	0	0	0	0	
1606.615200	8	3	3	0	9	2	2	4074	674	28	96393	7	3	93	0	0	0	0	0	0	0	0	0	0	0	0	0	0	
1607.616000	8	3	3	0	9	2	2	4079	674	28	96453	7	3	93	0	0	0	0	0	0	0	0	0	0	0	0	0	0	
1608.618233	8	3	3	0	9	2	2	4084	675	28	96513	7	3	93	0	0	0	0	0	0	0	0	0	0	0	0	0	0	
1609.611833	8	3	3	0	9	2	2	4089	674	28	96572	7	3	93	0	0	0	0	0	0	0	0	0	0	0	0	0	0	
1610.614083	8	3	3	0	9	2	2	4095	675	28	96632	7	3	93	0	0	0	0	0	0	0	0	0	0	0	0	0	0	
1611.612000	8	3	3	0	9	2	2	4101	675	28	96692	7	3	93	0	0	0	0	0	0	0	0	0	0	0	0	0	0	
1612.618567	8	3	3	0	9	2	2	4106	674	28	96753	7	3	93	0	0	0	0	0	0	0	0	0	0	0	0	0	0	
1613.620800	8	3	3	0	9	2	2	4112	675	28	96813	7	3	93	0	0	0	0	0	0	0	0	0	0	0	0	0	0	
1614.620167	8	3	3	0	9	2	2	4118	670	28	96873	7	3	93	0	0	0	0	0	0	0	0	0	0	0	0	0	0	
1615.610883	8	3	3	0	9	2	2	4122	666	28	96932	7	3	93	0	0	0	0	0	0	0	0	0	0	0	0	0	0	
1616.614567	8	3	3	0	9	2	2	4128	666	28	96992	7	3	93	0	0	0	0	0	0	0	0	0	0	0	0	0	0	
1617.612483	8	3	3	0	9	2	2	4134	665	28	97052	7	3	93	0	0	0	0	0	0	0	0	0	0	0	0	0	0	
1618.611833	8	3	3	0	9	2	2	4140	664	28	97112	7	3	93	0	0	0	0	0	0	0	0	0	0	0	0	0	0	
1619.619833	8	3	3	0	9	2	2	4146	664	28	97173	7	3	93	0	0	0	0	0	0	0	0	0	0	0	0	0	0	
1620.616317	8	3	3	0	9	2	2	4152	663	28	97233	7	3	93	0	0	0	0	0	0	0	0	0	0	0	0	0	0	
1621.622883	8	3	3	0	9	2	2	4159	661	28	97293	7	3	93	0	0	0	0	0	0	0	0	0	0	0	0	0	0	
1622.604967	8	3	3	0	9	2	2	4165	661	28	97352	7	3	93	0	0	0	0	0	0	0	0	0	0	0	0	0	0	
1623.605767	8	3	3	0	9	2	2	4171	659	28	97412	7	3	93	0	0	0	0	0	0	0	0	0	0	0	0	0	0	
1624.612317	8	3	3	0	9	2	2	4178	660	28	97472	7	3	93	0	0	0	0	0	0	0	0	0	0	0	0	0	0	
1625.613117	8	3	3	0	9	2	2	4184	657	28	97532	7	3	93	0	0	0	0	0	0	0	0	0	0	0	0	0	0	
1626.611033	8	3	3	0	9	2	2	4191	655	28	97592	7	3	93	0	0	0	0	0	0	0	0	0	0	0	0	0	0	
1627.610400	8	3	3	0	9	2	2	4198	654	28	97652	7	3	93	0	0	0	0	0	0	0	0	0	0	0	0	0	0	
1628.616967	8	3	3	0	9	2	2	4205	654	28	97712	7	3	93	0	0	0	0	0	0	0	0	0	0	0	0	0	0	
1629.620633	8	3	3	0	9	2	2	4210	636	28	97773	7	3	93	0	0	0	0	0	0	0	0	0	0	0	0	0	0	
1630.622883	8	3	3	0	9	2	2	4210	597	28	97833	7	3	93	0	0	0	0	0	0	0	0	0	0	0	0	0	0	
1631.619367	8	3	3	0	9	2	2	4210	565	28	97893	7	3	93	0	0	0	0	0	0	0	0	0	0	0	0	0	0	
1632.614400	8	3	3	0	9	2	2	4210	536	28	97952	7	3	93	0	0	0	0	0	0	0	0	0	0	0	0	0	0	
1633.615200	8	3	3	0	9	2	2	4210	508	28	98012	7	3	93	0	0	0	0	0	0	0	0	0	0	0	0	0	0	
1634.620317	8	3	3	0	9	2	2	4210	482	28	98073	7	3	93	0	0	0	0	0	0	0	0	0	0	0	0	0	0	
1635.606717	8	3	3	0	9	2	2	4210	457	28	98132	7	3	93	0	0	0	0	0	0	0	0	0	0	0	0	0	0	
1636.611833	8	3	3	0	9	2	2	4210	433	28	98192	7	3	93	0	0	0	0	0	0	0	0	0	0	0	0	0	0	
1637.612633	8	3	3	0	9	2	2	4210	411	28	98252	7	3	93	0	0	0	0	0	0	0	0	0	0	0	0	0	0	
1638.607683	8	3	3	0	9	2	2	4210	391	28	98312	7	3	93	0	0	0	0	0	0	0	0	0	0	0	0	0	0	
1639.605600	8	3	3	0	9	2	2	4211	369	28	98372	7	3	93	0	0	0	0	0	0	0	0	0	0	0	0	0	0	
1640.606400	8	3	3	0	9	2	2	4210	350	28	98432	7	3	93	0	0	0	0	0	0	0	0	0	0	0	0	0	0	
1641.608633	8	3	3	0	9	2	2	4210	332	28	98492	7	3	93	0	0	0	0	0	0	0	0	0	0	0	0	0	0	
1642.609433	8	3	3	0	9	2	2	4210	315	28	98552	7	3	93	0	0	0	0	0	0	0	0	0	0	0	0	0	0	
1643.624633	8	3	3	0	9	2	2	4210	300	28	98613	7	3	93	0	0	0	0	0	0	0	0	0	0	0	0	0	0	
1644.622567	8	3	3	0	9	2	2	4210	284	28	98673	7	3	93	0	0	0	0	0	0	0	0	0	0	0	0	0	0	
1645.619033	8	3	3	0	9	2	2	4210	270	28	98733	7	3	93	0	0	0	0	0	0	0	0	0	0	0	0	0	0	
1646.618400	8	3	3	0	9	2	2	4210	256	28	98793	7	3	93	0	0	0	0	0	0	0	0	0	0	0	0	0	0	
1647.610567	8	3	3	0	9	2	2	4210	244	28	98852	7	3	93	0	0	0	0	0	0	0	0	0	0	0	0	0	0	
1648.614233	8	3	3	0	9	2	2	4210	230	28	98912	7	3	93	0	0	0	0	0	0	0	0	0	0	0	0	0	0	
1649.612167	8	3	3	0	9	2	2	4210	219	28	98972	7	3	93	0	0	0	0	0	0	0	0	0	0	0	0	0	0	
1650.610083	8	3	3	0	9	2	2	4210	209	28	99032	7	3	93	0	0	0	0	0	0	0	0	0	0	0	0	0	0	
1651.615200	8	3	3	0	9	2	2	4210	198	28	99092	7	3	93	0	0	0	0	0	0	0	0	0	0	0	0	0	0	
1652.620317	8	3	3	0	9	2	2	4210	190	28	99153	7	3	93	0	0	0	0	0	0	0	0	0	0	0	0	0	0	
1653.612483	8	3	3	0	9	2	2	4210	179	28	99212	7	3	93	0	0	0	0	0	0	0	0	0	0	0	0	0	0	
1654.614717	8	3	3	0	9	2	2	4210	171	28	99272	7	3	93	0	0	0	0	0	0	0	0	0	0	0	0	0	0	
1655.612633	8	3	3	0	9	2	2	4210	163	28	99332	7	3	93	0	0	0	0	0	0	0	0	0	0	0	0	0	0	
1656.609117	8	3	3	0	9	2	2	4210	155	28	99392	7	3	93	0	0	0	0	0	0	0	0	0	0	0	0	0	0	
1657.625767	8	3	3	0	9	2	2	4210	147	28	99453	7	3	93	0	0	0	0	0	0	0	0	0	0	0	0	0	0	
1658.620800	8	3	3	0	9	2	2	4210	141	28	99513	7	3	93	0	0	0	0	0	0	0	0	0	0	0	0	0	0	
1659.617283	8	3	3	0	9	2	2	4210	135	28	99572	7	3	93	0	0	0	0	0	0	0	0	0	0	0	0	0	0	
1660.616633	8	3	3	0	9	2	2	4210	129	28	99632	7	3	93	0	0	0	0	0	0	0	0	0	0	0	0	0	0	
1661.617433	8	3	3	0	9	2	2	4210	123	28	99692	7	3	93	0	0	0	0	0	0	0	0	0	0	0	0	0	0	
1662.622567	8	3	3	0	9	2	2	4210	117	28	99753	7	3	93	0	0	0	0	0	0	0	0	0	0	0	0	0	0	
1663.613283	8	3	3	0	9	2	2	4210	112	28	99812	7	3	93	0	0	0	0	0	0	0	0	0	0	0	0	0	0	
1664.614083	8	3	3	0	9	2	2	4210	107	28	99872	7	3	93	0	0	0	0	0	0	0	0	0	0	0	0	0	0	
1665.620633	8	3	3	0	9	2	2	4210	103	28	99933	7	3	93	0	0	0	0	0	0	0	0	0	0	0	0	0	0	
1666.615683	8	3	3	0	9	2	2	4210	97	28	99992	7	3	93	0	0	0	0	0	0	0	0	0	0	0	0	0	0	
1667.612167	8	3	3	0	9	2	2	4210	94	28	100052	7	3	93	0	0	0	0	0	0	0	0	0	0	0	0	0	0	
1668.625917	8	3	3	0	9	2	2	4210	90	28	100113	7	3	93	0	0	0	0	0	0	0	0	0	0	0	0	0	0	
1669.622400	8	3	3	0	9	2	2	4210	86	28	100173	7	3	93	0	0	0	0	0	0	0	0	0	0	0	0	0	0	
1670.617433	8	3	3	0	9	2	2	4210	81	28	100232	7	3	93	0	0	0	0	0	0	0	0	0	0	0	0	0	0	
1671.613917	8	3	3	0	9	2	2	4210	78	28	100292	7	3	93	0	0	0	0	0	0	0	0	0	0	0	0	0	0	
1672.607517	8	3	3	0	9	2	2	4210	76	28	100352	7	3	93	0	0	0	0	0	0	0	0	0	0	0	0	0	0	
1673.608317	8	3	3	0	9	2	2	4210	73	28	100412	7	3	93	0	0	0	0	0	0	0	0	0	0	0	0	0	0	
1674.614883	8	3	3	0	9	2	2	4210	69	28	100472	7	3	93	0	0	0	0	0	0	0	0	0	0	0	0	0	0	
1675.471683	4	0	3	0	10	19	5	4210	46	28	100524	7	3	93	0	0	0	0	0	0	0	0	0	0	0	0	0	0	
1675.611367	4	0	3	0	10	19	5	4211	0	28	100532	7	3	93	0	0	0	0	0	0	0	0	0	0	0	0	0	0	
1676.626567	4	0	3	0	10	19	5	4211	0	28	100593	7	3	93	0	0	0	0	0	0	0	0	0	0	0	0	0	0	
1677.621600	4	0	3	0	10	19	5	4211	0	28	100653	7	3	93	0	0	0	0	0	0	0	0	0	0	0	0	0	0	
1678.618083	4	0	3	0	10	19	5	4211	0	28	100712	7	3	93	0	0	0	0	0	0	0	0	0	0	0	0	0	0	
1679.613117	4	0	3	0	10	19	5	4211	0	28	100772	7	3	93	0	0	0	0	0	0	0	0	0	0	0	0	0	0	
1680.609600	4	0	3	0	10	19	5	4211	0	28	100832	7	3	93	0	0	0	0	0	0	0	0	0	0	0	0	0	0	
1681.624800	4	0	3	0	10	19	5	4211	0	28	100893	7	3	93	0	0	0	0	0	0	0	0	0	0	0	0	0	0	
1682.621283	4	0	3	0	10	19	5	4211	0	28	100953	7	3	93	0	0	0	0	0	0	0	0	0	0	0	0	0	0	
1683.616317	4	0	3	0	10	19	5	4211	0	28	101012	7	3	93	0	0	0	0	0	0	0	0	0	0	0	0	0	0	
1684.612800	4	0	3	0	10	19	5	4211	0	28	101072	7	3	93	0	0	0	0	0	0	0	0	0	0	0	0	0	0	
1685.626567	4	0	3	0	10	19	5	4211	0	28	101133	7	3	93	0	0	0	0	0	0	0	0	0	0	0	0	0	0	
1686.617283	4	0	3	0	10	19	5	4211	0	28	101192	7	3	93	0	0	0	0	0	0	0	0	0	0	0	0	0	0	
1687.623833	4	0	3	0	10	19	5	4211	0	28	101253	7	3	93	0	0	0	0	0	0	0	0	0	0	0	0	0	0	
1688.608800	4	0	3	0	10	19	5	4211	0	28	101312	7	3	93	0	0	0	0	0	0	0	0	0	0	0	0	0	0	
1689.615367	4	0	3	0	10	19	5	4211	0	28	101372	7	3	93	0	0	0	0	0	0	0	0	0	0	0	0	0	0	
1690.620483	4	0	3	0	10	19	5	4211	0	28	101432	7	3	93	0	0	0	0	0	0	0	0	0	0	0	0	0	0	
1691.625600	4	0	3	0	10	19	5	4211	0	28	101493	7	3	93	0	0	0	0	0	0	0	0	0	0	0	0	0	0	
1692.613433	4	0	3	0	10	19	5	4211	0	28	101552	7	3	93	0	0	0	0	0	0	0	0	0	0	0	0	0	0	
1693.617117	4	0	3	0	10	19	5	4211	0	28	101612	7	3	93	0	0	0	0	0	0	0	0	0	0	0	0	0	0	
1694.622233	4	0	3	0	10	19	5	4211	0	28	101673	7	3	93	0	0	0	0	0	0	0	0	0	0	0	0	0	0	
1695.628800	4	0	3	0	10	19	5	4211	0	28	101733	7	3	93	0	0	0	0	0	0	0	0	0	0	0	0	0	0	
1696.613767	4	0	3	0	10	19	5	4211	0	28	101792	7	3	93	0	0	0	0	0	0	0	0	0	0	0	0	0	0	
1697.620317	4	0	3	0	10	19	5	4211	0	28	101852	7	3	93	0	0	0	0	0	0	0	0	0	0	0	0	0	0	
1698.625433	4	0	3	0	10	19	5	4211	0	28	101913	7	3	93	0	0	0	0	0	0	0	0	0	0	0	0	0	0	
1699.611833	4	0	3	0	10	19	5	4211	0	28	101972	7	3	93	0	0	0	0	0	0	0	0	0	0	0	0	0	0	
1700.618400	4	0	3	0	10	19	5	4211	0	28	102032	7	3	93	0	0	0	0	0	0	0	0	0	0	0	0	0	0	
1701.622083	4	0	3	0	10	19	5	4211	0	28	102093	7	3	93	0	0	0	0	0	0	0	0	0	0	0	0	0	0	
1702.627200	4	0	3	0	10	19	5	4211	0	28	102153	7	3	93	0	0	0	0	0	0	0	0	0	0	0	0	0	0	
1703.613600	4	0	3	0	10	19	5	4211	0	28	102212	7	3	93	0	0	0	0	0	0	0	0	0	0	0	0	0	0	
1704.618717	4	0	3	0	10	19	5	4211	0	28	102272	7	3	93	0	0	0	0	0	0	0	0	0	0	0	0	0	0	
1705.505767	8	6	3	0	11	7	1	4026	-1287	28	102326	7	4	0	0	0	0	0	0	0	0	0	0	0	0	0	0	0	
1705.626717	8	6	3	0	11	7	1	4001	-1349	28	102333	7	4	0	0	0	0	0	0	0	0	0	0	0	0	0	0	0	
1706.613117	8	6	3	0	11	7	1	3951	-1349	28	102392	7	4	1	0	0	0	0	0	0	0	0	0	0	0	0	0	0	
1707.618233	8	6	3	0	11	7	1	3925	-1350	28	102452	7	4	3	0	0	0	0	0	0	0	0	0	0	0	0	0	0	
1708.624800	8	6	3	0	11	7	1	3904	-1349	28	102513	7	4	5	0	0	0	0	0	0	0	0	0	0	0	0	0	0	
1709.628483	8	6	3	0	11	7	1	3886	-1350	28	102573	7	4	6	0	0	0	0	0	0	0	0	0	0	0	0	0	0	
1710.616317	8	6	3	0	11	7	1	3869	-1349	28	102632	7	4	8	0	0	0	0	0	0	0	0	0	0	0	0	0	0	
1711.620000	8	6	3	0	11	7	1	3852	-1349	28	102692	7	4	10	0	0	0	0	0	0	0	0	0	0	0	0	0	0	
1712.626567	8	6	3	0	11	7	1	3837	-1350	28	102753	7	4	11	0	0	0	0	0	0	0	0	0	0	0	0	0	0	
1713.611517	8	6	3	0	11	7	1	3822	-1350	28	102812	7	4	13	0	0	0	0	0	0	0	0	0	0	0	0	0	0	
1714.618083	8	6	3	0	11	7	1	3807	-1350	28	102872	7	4	15	0	0	0	0	0	0	0	0	0	0	0	0	0	0	
1715.623200	8	6	3	0	11	7	1	3793	-1350	28	102933	7	4	16	0	0	0	0	0	0	0	0	0	0	0	0	0	0	
1716.629767	8	6	3	0	11	7	1	3779	-1349	28	102993	7	4	18	0	0	0	0	0	0	0	0	0	0	0	0	0	0	
1717.614717	8	6	3	0	11	7	1	3766	-1350	28	103052	7	4	20	0	0	0	0	0	0	0	0	0	0	0	0	0	0	
1718.621283	8	6	3	0	11	7	1	3753	-1350	28	103112	7	4	21	0	0	0	0	0	0	0	0	0	0	0	0	0	0	
1719.624967	8	6	3	0	11	7	1	3740	-1350	28	103173	7	4	23	0	0	0	0	0	0	0	0	0	0	0	0	0	0	
1720.612800	8	6	3	0	11	7	1	3728	-1350	28	103232	7	4	24	0	0	0	0	0	0	0	0	0	0	0	0	0	0	
1721.617917	8	6	3	0	11	7	1	3716	-1349	28	103292	7	4	26	0	0	0	0	0	0	0	0	0	0	0	0	0	0	
1722.623033	8	6	3	0	11	7	1	3704	-1350	28	103352	7	4	28	0	0	0	0	0	0	0	0	0	0	0	0	0	0	
1723.628167	8	6	3	0	11	7	1	3693	-1349	28	103413	7	4	29	0	0	0	0	0	0	0	0	0	0	0	0	0	0	
1724.614567	8	6	3	0	11	7	1	3682	-1349	28	103472	7	4	31	0	0	0	0	0	0	0	0	0	0	0	0	0	0	
1725.619683	8	6	3	0	11	7	1	3670	-1350	28	103532	7	4	33	0	0	0	0	0	0	0	0	0	0	0	0	0	0	
1726.629117	8	6	3	0	11	7	1	3660	-1350	28	103593	7	4	34	0	0	0	0	0	0	0	0	0	0	0	0	0	0	
1727.616967	8	6	3	0	11	7	1	3649	-1349	28	103652	7	4	36	0	0	0	0	0	0	0	0	0	0	0	0	0	0	
1728.619200	8	6	3	0	11	7	1	3639	-1349	28	103712	7	4	38	0	0	0	0	0	0	0	0	0	0	0	0	0	0	
1729.615683	8	6	3	0	11	7	1	3630	-1350	28	103772	7	4	39	0	0	0	0	0	0	0	0	0	0	0	0	0	0	
1730.629433	8	6	3	0	11	7	1	3620	-1350	28	103833	7	4	41	0	0	0	0	0	0	0	0	0	0	0	0	0	0	
1731.627367	8	6	3	0	11	7	1	3610	-1351	28	103893	7	4	43	0	0	0	0	0	0	0	0	0	0	0	0	0	0	
1732.622400	8	6	3	0	11	7	1	3602	-1348	28	103952	7	4	44	0	0	0	0	0	0	0	0	0	0	0	0	0	0	
1733.618883	8	6	3	0	11	7	1	3593	-1350	28	104012	7	4	46	0	0	0	0	0	0	0	0	0	0	0	0	0	0	
1734.613917	8	6	3	0	11	7	1	3585	-1351	28	104072	7	4	48	0	0	0	0	0	0	0	0	0	0	0	0	0	0	
1735.627683	8	6	3	0	11	7	1	3577	-1347	28	104133	7	4	49	0	0	0	0	0	0	0	0	0	0	0	0	0	0	
1736.624167	8	6	3	0	11	7	1	3569	-1350	28	104192	7	4	51	0	0	0	0	0	0	0	0	0	0	0	0	0	0	
1737.620633	8	6	3	0	11	7	1	3562	-1350	28	104252	7	4	53	0	0	0	0	0	0	0	0	0	0	0	0	0	0	
1738.615683	8	6	3	0	11	7	1	3555	-1349	28	104312	7	4	54	0	0	0	0	0	0	0	0	0	0	0	0	0	0	
1739.628000	8	6	3	0	11	7	1	3548	-1350	28	104373	7	4	56	0	0	0	0	0	0	0	0	0	0	0	0	0	0	
1740.614400	8	6	3	0	11	7	1	3542	-1349	28	104432	7	4	58	0	0	0	0	0	0	0	0	0	0	0	0	0	0	
1741.619517	8	6	3	0	11	7	1	3536	-1349	28	104492	7	4	59	0	0	0	0	0	0	0	0	0	0	0	0	0	0	
1742.624633	8	6	3	0	11	7	1	3530	-1349	28	104553	7	4	61	0	0	0	0	0	0	0	0	0	0	0	0	0	0	
1743.629767	8	6	3	0	11	7	1	3524	-1350	28	104613	7	4	63	0	0	0	0	0	0	0	0	0	0	0	0	0	0	
1744.617600	8	6	3	0	11	7	1	3519	-1351	28	104672	7	4	64	0	0	0	0	0	0	0	0	0	0	0	0	0	0	
1745.621283	8	6	3	0	11	7	1	3513	-1350	28	104732	7	4	66	0	0	0	0	0	0	0	0	0	0	0	0	0	0	
1746.627833	8	6	3	0	11	7	1	3508	-1349	28	104793	7	4	68	0	0	0	0	0	0	0	0	0	0	0	0	0	0	
1747.614233	8	6	3	0	11	7	1	3502	-1349	28	104852	7	4	69	0	0	0	0	0	0	0	0	0	0	0	0	0	0	
1748.619367	8	6	3	0	11	7	1	3497	-1349	28	104912	7	4	71	0	0	0	0	0	0	0	0	0	0	0	0	0	0	
1749.624483	8	6	3	0	11	7	1	3491	-1351	28	104972	7	4	73	0	0	0	0	0	0	0	0	0	0	0	0	0	0	
1750.631033	8	6	3	0	11	7	1	3485	-1350	28	105033	7	4	74	0	0	0	0	0	0	0	0	0	0	0	0	0	0	
1751.616000	8	6	3	0	11	7	1	3479	-1349	28	105092	7	4	76	0	0	0	0	0	0	0	0	0	0	0	0	0	0	
1752.625433	8	6	3	0	11	7	1	3473	-1350	28	105152	7	4	78	0	0	0	0	0	0	0	0	0	0	0	0	0	0	
1753.632000	8	6	3	0	11	7	1	3465	-1349	28	105213	7	4	79	0	0	0	0	0	0	0	0	0	0	0	0	0	0	
1754.618400	8	6	3	0	11	7	1	3458	-1350	28	105272	7	4	81	0	0	0	0	0	0	0	0	0	0	0	0	0	0	
1755.624967	8	6	3	0	11	7	1	3449	-1349	28	105332	7	4	83	0	0	0	0	0	0	0	0	0	0	0	0	0	0	
1756.628633	8	6	3	0	11	7	1	3439	-1350	28	105393	7	4	84	0	0	0	0	0	0	0	0	0	0	0	0	0	0	
1757.616483	8	6	3	0	11	7	1	3427	-1349	28	105452	7	4	86	0	0	0	0	0	0	0	0	0	0	0	0	0	0	
1758.620167	8	6	3	0	11	7	1	3413	-1349	28	105512	7	4	88	0	0	0	0	0	0	0	0	0	0	0	0	0	0	
1759.626717	8	6	3	0	11	7	1	3395	-1352	28	105573	7	4	89	0	0	0	0	0	0	0	0	0	0	0	0	0	0	
1760.631833	8	6	3	0	11	7	1	3374	-1351	28	105633	7	4	91	0	0	0	0	0	0	0	0	0	0	0	0	0	0	
1761.618233	8	6	3	0	11	7	1	3345	-1349	28	105692	7	4	92	0	0	0	0	0	0	0	0	0	0	0	0	0	0	
1762.623367	8	6	3	0	11	7	1	3304	-1350	28	105752	7	4	94	0	0	0	0	0	0	0	0	0	0	0	0	0	0	
1763.629917	8	6	3	0	11	7	1	3243	-1349	28	105813	7	4	96	0	0	0	0	0	0	0	0	0	0	0	0	0	0	
1764.616317	8	6	3	0	11	7	1	3145	-1349	28	105872	7	4	97	0	0	0	0	0	0	0	0	0	0	0	0	0	0	
1765.621433	8	6	3	0	11	7	1	2897	-1349	28	105932	7	4	99	0	0	0	0	0	0	0	0	0	0	0	0	0	0	
1765.942567	8	15	3	0	12	31	2	2846	67	28	105952	8	4	100	0	0	0	0	0	0	0	0	0	0	0	0	0	0	
1765.964167	8	4	3	0	12	3	2	2874	67	28	105953	8	4	100	0	0	0	0	0	0	0	0	0	0	0	0	0	0	
1766.191683	8	3	3	0	12	2	2	3033	281	28	105967	9	4	100	0	0	0	0	0	0	0	0	0	0	0	0	0	0	
1766.632317	8	3	3	0	12	2	2	3317	675	28	105993	9	4	100	0	0	0	0	0	0	0	0	0	0	0	0	0	0	
1767.617283	8	3	3	0	12	2	2	3486	674	28	106052	9	4	100	0	0	0	0	0	0	0	0	0	0	0	0	0	0	
1768.626717	8	3	3	0	12	2	2	3582	675	28	106113	9	4	100	0	0	0	0	0	0	0	0	0	0	0	0	0	0	
1769.633283	8	3	3	0	12	2	2	3649	673	28	106173	9	4	100	0	0	0	0	0	0	0	0	0	0	0	0	0	0	
1770.616800	8	3	3	0	12	2	2	3699	674	28	106232	9	4	100	0	0	0	0	0	0	0	0	0	0	0	0	0	0	
1771.633433	8	3	3	0	12	2	2	3740	675	28	106293	9	4	100	0	0	0	0	0	0	0	0	0	0	0	0	0	0	
1772.628483	8	3	3	0	12	2	2	3769	674	28	106353	9	4	100	0	0	0	0	0	0	0	0	0	0	0	0	0	0	
1773.632167	8	3	3	0	12	2	2	3783	675	28	106413	9	4	100	0	0	0	0	0	0	0	0	0	0	0	0	0	0	
1774.628633	8	3	3	0	12	2	2	3789	675	28	106473	9	4	100	0	0	0	0	0	0	0	0	0	0	0	0	0	0	
1775.625117	8	3	3	0	12	2	2	3795	674	28	106532	9	4	100	0	0	0	0	0	0	0	0	0	0	0	0	0	0	
1776.627367	8	3	3	0	12	2	2	3800	675	28	106593	9	4	100	0	0	0	0	0	0	0	0	0	0	0	0	0	0	
1777.629600	8	3	3	0	12	2	2	3806	674	28	106653	9	4	100	0	0	0	0	0	0	0	0	0	0	0	0	0	0	
1778.636167	8	3	3	0	12	2	2	3811	675	28	106713	9	4	100	0	0	0	0	0	0	0	0	0	0	0	0	0	0	
1779.621117	8	3	3	0	12	2	2	3816	674	28	106772	9	4	100	0	0	0	0	0	0	0	0	0	0	0	0	0	0	
1780.619033	8	3	3	0	12	2	2	3822	674	28	106832	9	4	100	0	0	0	0	0	0	0	0	0	0	0	0	0	0	
1781.634233	8	3	3	0	12	2	2	3828	674	28	106893	9	4	100	0	0	0	0	0	0	0	0	0	0	0	0	0	0	
1782.632167	8	3	3	0	12	2	2	3833	674	28	106953	9	4	100	0	0	0	0	0	0	0	0	0	0	0	0	0	0	
1783.634400	8	3	3	0	12	2	2	3839	675	28	107013	9	4	100	0	0	0	0	0	0	0	0	0	0	0	0	0	0	
1784.616483	8	3	3	0	12	2	2	3845	674	28	107072	9	4	100	0	0	0	0	0	0	0	0	0	0	0	0	0	0	
1785.634567	8	3	3	0	12	2	2	3851	675	28	107133	9	4	100	0	0	0	0	0	0	0	0	0	0	0	0	0	0	
1786.625283	8	3	3	0	12	2	2	3856	675	28	107192	9	4	100	0	0	0	0	0	0	0	0	0	0	0	0	0	0	
1787.623200	8	3	3	0	12	2	2	3862	675	28	107252	9	4	100	0	0	0	0	0	0	0	0	0	0	0	0	0	0	
1788.618233	8	3	3	0	12	2	2	3867	675	28	107312	9	4	100	0	0	0	0	0	0	0	0	0	0	0	0	0	0	
1789.633433	8	3	3	0	12	2	2	3872	676	28	107373	9	4	100	0	0	0	0	0	0	0	0	0	0	0	0	0	0	
1790.628483	8	3	3	0	12	2	2	3876	674	28	107433	9	4	100	0	0	0	0	0	0	0	0	0	0	0	0	0	0	
1791.632167	8	3	3	0	12	2	2	3880	674	28	107493	9	4	100	0	0	0	0	0	0	0	0	0	0	0	0	0	0	
1792.631517	8	3	3	0	12	2	2	3883	676	28	107553	9	4	100	0	0	0	0	0	0	0	0	0	0	0	0	0	0	
1793.625117	8	3	3	0	12	2	2	3886	675	28	107612	9	4	100	0	0	0	0	0	0	0	0	0	0	0	0	0	0	
1794.628800	8	3	3	0	12	2	2	3890	675	28	107672	9	4	100	0	0	0	0	0	0	0	0	0	0	0	0	0	0	
1795.623833	8	3	3	0	12	2	2	3892	675	28	107732	9	4	100	0	0	0	0	0	0	0	0	0	0	0	0	0	0	
1796.620317	8	3	3	0	12	2	2	3894	675	28	107792	9	4	100	0	0	0	0	0	0	0	0	0	0	0	0	0	0	
1797.634083	8	3	3	0	12	2	2	3897	674	28	107853	9	4	100	0	0	0	0	0	0	0	0	0	0	0	0	0	0	
1798.634883	8	3	3	0	12	2	2	3899	676	28	107913	9	4	100	0	0	0	0	0	0	0	0	0	0	0	0	0	0	
1799.631367	8	3	3	0	12	2	2	3901	675	28	107973	9	4	100	0	0	0	0	0	0	0	0	0	0	0	0	0	0	
1800.626400	8	3	3	0	12	2	2	3903	674	28	108032	9	4	100	0	0	0	0	0	0	0	0	0	0	0	0	0	0	
1801.627200	8	3	3	0	12	2	2	3905	675	28	108092	9	4	100	0	0	0	0	0	0	0	0	0	0	0	0	0	0	
1802.636633	8	3	3	0	12	2	2	3907	675	28	108153	9	4	100	0	0	0	0	0	0	0	0	0	0	0	0	0	0	
1803.628800	8	3	3	0	12	2	2	3910	675	28	108212	9	4	100	0	0	0	0	0	0	0	0	0	0	0	0	0	0	
1804.629600	8	3	3	0	12	2	2	3912	674	28	108273	9	4	100	0	0	0	0	0	0	0	0	0	0	0	0	0	0	
1805.633283	8	3	3	0	12	2	2	3914	675	28	108333	9	4	100	0	0	0	0	0	0	0	0	0	0	0	0	0	0	
1806.618233	8	3	3	0	12	2	2	3917	675	28	108392	9	4	100	0	0	0	0	0	0	0	0	0	0	0	0	0	0	
1807.621917	8	3	3	0	12	2	2	3919	674	28	108452	9	4	100	0	0	0	0	0	0	0	0	0	0	0	0	0	0	
1808.618400	8	3	3	0	12	2	2	3922	675	28	108512	9	4	100	0	0	0	0	0	0	0	0	0	0	0	0	0	0	
1809.635033	8	3	3	0	12	2	2	3925	675	28	108573	9	4	100	0	0	0	0	0	0	0	0	0	0	0	0	0	0	
1810.630083	8	3	3	0	12	2	2	3927	675	28	108632	9	4	100	0	0	0	0	0	0	0	0	0	0	0	0	0	0	
1811.622233	8	3	3	0	12	2	2	3930	675	28	108692	9	4	100	0	0	0	0	0	0	0	0	0	0	0	0	0	0	
1812.623033	8	3	3	0	12	2	2	3933	675	28	108752	9	4	100	0	0	0	0	0	0	0	0	0	0	0	0	0	0	
1813.619517	8	3	3	0	12	2	2	3935	675	28	108812	9	4	100	0	0	0	0	0	0	0	0	0	0	0	0	0	0	
1814.630400	8	3	3	0	12	2	2	3938	675	28	108872	9	4	100	0	0	0	0	0	0	0	0	0	0	0	0	0	0	
1815.624000	8	3	3	0	12	2	2	3941	674	28	108932	9	4	100	0	0	0	0	0	0	0	0	0	0	0	0	0	0	
1816.620483	8	3	3	0	12	2	2	3943	675	28	108992	9	4	100	0	0	0	0	0	0	0	0	0	0	0	0	0	0	
1817.627033	8	3	3	0	12	2	2	3946	675	28	109052	9	4	100	0	0	0	0	0	0	0	0	0	0	0	0	0	0	
1818.624967	8	3	3	0	12	2	2	3949	675	28	109112	9	4	100	0	0	0	0	0	0	0	0	0	0	0	0	0	0	
1819.621433	8	3	3	0	12	2	2	3952	674	28	109172	9	4	100	0	0	0	0	0	0	0	0	0	0	0	0	0	0	
1820.635200	8	3	3	0	12	2	2	3955	675	28	109233	9	4	100	0	0	0	0	0	0	0	0	0	0	0	0	0	0	
1821.623033	8	3	3	0	12	2	2	3958	674	28	109292	9	4	100	0	0	0	0	0	0	0	0	0	0	0	0	0	0	
1822.619517	8	3	3	0	12	2	2	3961	674	28	109352	9	4	100	0	0	0	0	0	0	0	0	0	0	0	0	0	0	
1823.631833	8	3	3	0	12	2	2	3964	675	28	109413	9	4	100	0	0	0	0	0	0	0	0	0	0	0	0	0	0	
1824.625433	8	3	3	0	12	2	2	3967	675	28	109472	9	4	100	0	0	0	0	0	0	0	0	0	0	0	0	0	0	
1825.627683	8	3	3	0	12	2	2	3970	675	28	109532	9	4	100	0	0	0	0	0	0	0	0	0	0	0	0	0	0	
1826.627033	8	3	3	0	12	2	2	3974	674	28	109592	9	4	100	0	0	0	0	0	0	0	0	0	0	0	0	0	0	
1827.629283	8	3	3	0	12	2	2	3977	674	28	109652	9	4	100	0	0	0	0	0	0	0	0	0	0	0	0	0	0	
1828.624317	8	3	3	0	12	2	2	3980	674	28	109712	9	4	100	0	0	0	0	0	0	0	0	0	0	0	0	0	0	
1829.620800	8	3	3	0	12	2	2	3984	675	28	109772	9	4	100	0	0	0	0	0	0	0	0	0	0	0	0	0	0	
1830.634567	8	3	3	0	12	2	2	3988	675	28	109833	9	4	100	0	0	0	0	0	0	0	0	0	0	0	0	0	0	
1831.631033	8	3	3	0	12	2	2	3992	674	28	109892	9	4	100	0	0	0	0	0	0	0	0	0	0	0	0	0	0	
1832.630400	8	3	3	0	12	2	2	3996	674	28	109952	9	4	100	0	0	0	0	0	0	0	0	0	0	0	0	0	0	
1833.629767	8	3	3	0	12	2	2	4000	675	28	110012	9	4	100	0	0	0	0	0	0	0	0	0	0	0	0	0	0	
1834.627683	8	3	3	0	12	2	2	4004	674	28	110072	9	4	100	0	0	0	0	0	0	0	0	0	0	0	0	0	0	
1835.627033	8	3	3	0	12	2	2	4008	675	28	110132	9	4	100	0	0	0	0	0	0	0	0	0	0	0	0	0	0	
1836.623517	8	3	3	0	12	2	2	4012	674	28	110192	9	4	100	0	0	0	0	0	0	0	0	0	0	0	0	0	0	
1837.637283	8	3	3	0	12	2	2	4016	674	28	110253	9	4	100	0	0	0	0	0	0	0	0	0	0	0	0	0	0	
1838.632317	8	3	3	0	12	2	2	4021	674	28	110312	9	4	100	0	0	0	0	0	0	0	0	0	0	0	0	0	0	
1839.625917	8	3	3	0	12	2	2	4025	674	28	110372	9	4	100	0	0	0	0	0	0	0	0	0	0	0	0	0	0	
1840.620967	8	3	3	0	12	2	2	4030	674	28	110432	9	4	100	0	0	0	0	0	0	0	0	0	0	0	0	0	0	
1841.636167	8	3	3	0	12	2	2	4034	675	28	110493	9	4	100	0	0	0	0	0	0	0	0	0	0	0	0	0	0	
1842.632633	8	3	3	0	12	2	2	4039	675	28	110553	9	4	100	0	0	0	0	0	0	0	0	0	0	0	0	0	0	
1843.630567	8	3	3	0	12	2	2	4044	675	28	110612	9	4	100	0	0	0	0	0	0	0	0	0	0	0	0	0	0	
1844.629917	8	3	3	0	12	2	2	4048	675	28	110672	9	4	100	0	0	0	0	0	0	0	0	0	0	0	0	0	0	
1845.633600	8	3	3	0	12	2	2	4053	675	28	110733	9	4	100	0	0	0	0	0	0	0	0	0	0	0	0	0	0	
1846.630083	8	3	3	0	12	2	2	4057	674	28	110792	9	4	100	0	0	0	0	0	0	0	0	0	0	0	0	0	0	
1847.625117	8	3	3	0	12	2	2	4063	675	28	110852	9	4	100	0	0	0	0	0	0	0	0	0	0	0	0	0	0	
1848.631683	8	3	3	0	12	2	2	4068	674	28	110912	9	4	100	0	0	0	0	0	0	0	0	0	0	0	0	0	0	
1849.639683	8	3	3	0	12	2	2	4073	675	28	110973	9	4	100	0	0	0	0	0	0	0	0	0	0	0	0	0	0	
1850.626083	8	3	3	0	12	2	2	4078	674	28	111032	9	4	100	0	0	0	0	0	0	0	0	0	0	0	0	0	0	
1851.629767	8	3	3	0	12	2	2	4084	674	28	111092	9	4	100	0	0	0	0	0	0	0	0	0	0	0	0	0	0	
1852.637767	8	3	3	0	12	2	2	4090	675	28	111153	9	4	100	0	0	0	0	0	0	0	0	0	0	0	0	0	0	
1853.634233	8	3	3	0	12	2	2	4095	674	28	111213	9	4	100	0	0	0	0	0	0	0	0	0	0	0	0	0	0	
1854.629283	8	3	3	0	12	2	2	4101	675	28	111272	9	4	100	0	0	0	0	0	0	0	0	0	0	0	0	0	0	
1855.625767	8	3	3	0	12	2	2	4106	675	28	111332	9	4	100	0	0	0	0	0	0	0	0	0	0	0	0	0	0	
1856.639517	8	3	3	0	12	2	2	4112	675	28	111393	9	4	100	0	0	0	0	0	0	0	0	0	0	0	0	0	0	
1857.623033	8	3	3	0	12	2	2	4117	668	28	111452	9	4	100	0	0	0	0	0	0	0	0	0	0	0	0	0	0	
1858.639683	8	3	3	0	12	2	2	4123	666	28	111513	9	4	100	0	0	0	0	0	0	0	0	0	0	0	0	0	0	
1859.636167	8	3	3	0	12	2	2	4129	665	28	111573	9	4	100	0	0	0	0	0	0	0	0	0	0	0	0	0	0	
1860.632633	8	3	3	0	12	2	2	4134	665	28	111632	9	4	100	0	0	0	0	0	0	0	0	0	0	0	0	0	0	
1861.633433	8	3	3	0	12	2	2	4140	664	28	111693	9	4	100	0	0	0	0	0	0	0	0	0	0	0	0	0	0	
1862.634233	8	3	3	0	12	2	2	4147	663	28	111753	9	4	100	0	0	0	0	0	0	0	0	0	0	0	0	0	0	
1863.623517	8	3	3	0	12	2	2	4153	662	28	111812	9	4	100	0	0	0	0	0	0	0	0	0	0	0	0	0	0	
1864.640167	8	3	3	0	12	2	2	4159	661	28	111873	9	4	100	0	0	0	0	0	0	0	0	0	0	0	0	0	0	
1865.640967	8	3	3	0	12	2	2	4166	660	28	111933	9	4	100	0	0	0	0	0	0	0	0	0	0	0	0	0	0	
1866.641767	8	3	3	0	12	2	2	4172	659	28	111993	9	4	100	0	0	0	0	0	0	0	0	0	0	0	0	0	0	
1867.639683	8	3	3	0	12	2	2	4179	658	28	112053	9	4	100	0	0	0	0	0	0	0	0	0	0	0	0	0	0	
1868.637600	8	3	3	0	12	2	2	4185	658	28	112113	9	4	100	0	0	0	0	0	0	0	0	0	0	0	0	0	0	
1869.625433	8	3	3	0	12	2	2	4193	657	28	112172	9	4	100	0	0	0	0	0	0	0	0	0	0	0	0	0	0	
1870.624800	8	3	3	0	12	2	2	4199	655	28	112232	9	4	100	0	0	0	0	0	0	0	0	0	0	0	0	0	0	
1871.638567	8	3	3	0	12	2	2	4207	655	28	112293	9	4	100	0	0	0	0	0	0	0	0	0	0	0	0	0	0	
1872.633600	8	3	3	0	12	2	2	4210	629	28	112352	9	4	100	0	0	0	0	0	0	0	0	0	0	0	0	0	0	
1873.635833	8	3	3	0	12	2	2	4210	592	28	112413	9	4	100	0	0	0	0	0	0	0	0	0	0	0	0	0	0	
1874.639517	8	3	3	0	12	2	2	4210	561	28	112473	9	4	100	0	0	0	0	0	0	0	0	0	0	0	0	0	0	
1875.628800	8	3	3	0	12	2	2	4210	532	28	112532	9	4	100	0	0	0	0	0	0	0	0	0	0	0	0	0	0	
1876.632483	8	3	3	0	12	2	2	4210	504	28	112592	9	4	100	0	0	0	0	0	0	0	0	0	0	0	0	0	0	
1877.624633	8	3	3	0	12	2	2	4210	478	28	112652	9	4	100	0	0	0	0	0	0	0	0	0	0	0	0	0	0	
1878.639833	8	3	3	0	12	2	2	4210	452	28	112713	9	4	100	0	0	0	0	0	0	0	0	0	0	0	0	0	0	
1879.623367	8	3	3	0	12	2	2	4210	429	28	112772	9	4	100	0	0	0	0	0	0	0	0	0	0	0	0	0	0	
1880.629917	8	3	3	0	12	2	2	4210	407	28	112832	9	4	100	0	0	0	0	0	0	0	0	0	0	0	0	0	0	
1881.633600	8	3	3	0	12	2	2	4210	386	28	112892	9	4	100	0	0	0	0	0	0	0	0	0	0	0	0	0	0	
1882.641600	8	3	3	0	12	2	2	4210	365	28	112953	9	4	100	0	0	0	0	0	0	0	0	0	0	0	0	0	0	
1883.626567	8	3	3	0	12	2	2	4210	347	28	113012	9	4	100	0	0	0	0	0	0	0	0	0	0	0	0	0	0	
1884.625917	8	3	3	0	12	2	2	4210	329	28	113072	9	4	100	0	0	0	0	0	0	0	0	0	0	0	0	0	0	
1885.644000	8	3	3	0	12	2	2	4210	312	28	113133	9	4	100	0	0	0	0	0	0	0	0	0	0	0	0	0	0	
1886.641917	8	3	3	0	12	2	2	4210	296	28	113193	9	4	100	0	0	0	0	0	0	0	0	0	0	0	0	0	0	
1887.625433	8	3	3	0	12	2	2	4210	281	28	113252	9	4	100	0	0	0	0	0	0	0	0	0	0	0	0	0	0	
1888.637767	8	3	3	0	12	2	2	4210	266	28	113313	9	4	100	0	0	0	0	0	0	0	0	0	0	0	0	0	0	
1889.627033	8	3	3	0	12	2	2	4210	252	28	113372	9	4	100	0	0	0	0	0	0	0	0	0	0	0	0	0	0	
1890.642233	8	3	3	0	12	2	2	4210	240	28	113433	9	4	100	0	0	0	0	0	0	0	0	0	0	0	0	0	0	
1891.641600	8	3	3	0	12	2	2	4210	227	28	113493	9	4	100	0	0	0	0	0	0	0	0	0	0	0	0	0	0	
1892.633767	8	3	3	0	12	2	2	4210	217	28	113552	9	4	100	0	0	0	0	0	0	0	0	0	0	0	0	0	0	
1893.636000	8	3	3	0	12	2	2	4210	206	28	113612	9	4	100	0	0	0	0	0	0	0	0	0	0	0	0	0	0	
1894.623833	8	3	3	0	12	2	2	4210	196	28	113672	9	4	100	0	0	0	0	0	0	0	0	0	0	0	0	0	0	
1895.628967	8	3	3	0	12	2	2	4210	186	28	113732	9	4	100	0	0	0	0	0	0	0	0	0	0	0	0	0	0	
1896.641283	8	3	3	0	12	2	2	4210	176	28	113793	9	4	100	0	0	0	0	0	0	0	0	0	0	0	0	0	0	
1897.643517	8	3	3	0	12	2	2	4210	169	28	113853	9	4	100	0	0	0	0	0	0	0	0	0	0	0	0	0	0	
1898.641433	8	3	3	0	12	2	2	4210	160	28	113913	9	4	100	0	0	0	0	0	0	0	0	0	0	0	0	0	0	
1899.639367	8	3	3	0	12	2	2	4210	153	28	113973	9	4	100	0	0	0	0	0	0	0	0	0	0	0	0	0	0	
1900.641600	8	3	3	0	12	2	2	4210	146	28	114033	9	4	100	0	0	0	0	0	0	0	0	0	0	0	0	0	0	
1901.635200	8	3	3	0	12	2	2	4210	138	28	114092	9	4	100	0	0	0	0	0	0	0	0	0	0	0	0	0	0	
1902.631683	8	3	3	0	12	2	2	4210	132	28	114152	9	4	100	0	0	0	0	0	0	0	0	0	0	0	0	0	0	
1903.631033	8	3	3	0	12	2	2	4210	126	28	114212	9	4	100	0	0	0	0	0	0	0	0	0	0	0	0	0	0	
1904.626083	8	3	3	0	12	2	2	4209	120	28	114272	9	4	100	0	0	0	0	0	0	0	0	0	0	0	0	0	0	
1905.644167	8	3	3	0	12	2	2	4210	114	28	114333	9	4	100	0	0	0	0	0	0	0	0	0	0	0	0	0	0	
1906.639200	8	3	3	0	12	2	2	4210	110	28	114393	9	4	100	0	0	0	0	0	0	0	0	0	0	0	0	0	0	
1907.635683	8	3	3	0	12	2	2	4210	104	28	114452	9	4	100	0	0	0	0	0	0	0	0	0	0	0	0	0	0	
1908.635033	8	3	3	0	12	2	2	4210	99	28	114512	9	4	100	0	0	0	0	0	0	0	0	0	0	0	0	0	0	
1909.631517	8	3	3	0	12	2	2	4210	95	28	114572	9	4	100	0	0	0	0	0	0	0	0	0	0	0	0	0	0	
1910.628000	8	3	3	0	12	2	2	4210	91	28	114632	9	4	100	0	0	0	0	0	0	0	0	0	0	0	0	0	0	
1911.627367	8	3	3	0	12	2	2	4210	88	28	114692	9	4	100	0	0	0	0	0	0	0	0	0	0	0	0	0	0	
1912.642567	8	3	3	0	12	2	2	4210	84	28	114753	9	4	100	0	0	0	0	0	0	0	0	0	0	0	0	0	0	
1913.644800	8	3	3	0	12	2	2	4210	80	28	114813	9	4	100	0	0	0	0	0	0	0	0	0	0	0	0	0	0	
1914.639833	8	3	3	0	12	2	2	4210	76	28	114873	9	4	100	0	0	0	0	0	0	0	0	0	0	0	0	0	0	
1915.639200	8	3	3	0	12	2	2	4210	74	28	114933	9	4	100	0	0	0	0	0	0	0	0	0	0	0	0	0	0	
1916.635683	8	3	3	0	12	2	2	4210	70	28	114992	9	4	100	0	0	0	0	0	0	0	0	0	0	0	0	0	0	
1917.643683	8	3	3	0	12	2	2	4210	67	28	115053	9	4	100	0	0	0	0	0	0	0	0	0	0	0	0	0	0	
1918.045433	4	0	3	0	13	19	5	4206	33	28	115077	9	4	100	0	0	0	0	0	0	0	0	0	0	0	0	0	0	
1918.641600	4	0	3	0	13	19	5	4199	0	28	115113	9	4	100	0	0	0	0	0	0	0	0	0	0	0	0	0	0	
1919.636633	4	0	3	0	13	19	5	4197	0	28	115172	9	4	100	0	0	0	0	0	0	0	0	0	0	0	0	0	0	
1920.633117	4	0	3	0	13	19	5	4196	0	28	115232	9	4	100	0	0	0	0	0	0	0	0	0	0	0	0	0	0	
1921.628167	4	0	3	0	13	19	5	4195	0	28	115292	9	4	100	0	0	0	0	0	0	0	0	0	0	0	0	0	0	
1922.643367	4	0	3	0	13	19	5	4194	0	28	115353	9	4	100	0	0	0	0	0	0	0	0	0	0	0	0	0	0	
1923.638400	4	0	3	0	13	19	5	4194	0	28	115413	9	4	100	0	0	0	0	0	0	0	0	0	0	0	0	0	0	
1924.634883	4	0	3	0	13	19	5	4193	0	28	115472	9	4	100	0	0	0	0	0	0	0	0	0	0	0	0	0	0	
1925.629917	4	0	3	0	13	19	5	4193	0	28	115532	9	4	100	0	0	0	0	0	0	0	0	0	0	0	0	0	0	
1926.646567	4	0	3	0	13	19	5	4192	0	28	115593	9	4	100	0	0	0	0	0	0	0	0	0	0	0	0	0	0	
1927.641600	4	0	3	0	13	19	5	4192	0	28	115653	9	4	100	0	0	0	0	0	0	0	0	0	0	0	0	0	0	
1928.638083	4	0	3	0	13	19	5	4192	0	28	115712	9	4	100	0	0	0	0	0	0	0	0	0	0	0	0	0	0	
1929.630233	4	0	3	0	13	19	5	4192	0	28	115772	9	4	100	0	0	0	0	0	0	0	0	0	0	0	0	0	0	
1930.635367	4	0	3	0	13	19	5	4191	0	28	115832	9	4	100	0	0	0	0	0	0	0	0	0	0	0	0	0	0	
1931.640483	4	0	3	0	13	19	5	4191	0	28	115893	9	4	100	0	0	0	0	0	0	0	0	0	0	0	0	0	0	
1932.645600	4	0	3	0	13	19	5	4191	0	28	115953	9	4	100	0	0	0	0	0	0	0	0	0	0	0	0	0	0	
1933.632000	4	0	3	0	13	19	5	4190	0	28	116012	9	4	100	0	0	0	0	0	0	0	0	0	0	0	0	0	0	
1934.637117	4	0	3	0	13	19	5	4190	0	28	116072	9	4	100	0	0	0	0	0	0	0	0	0	0	0	0	0	0	
1935.643683	4	0	3	0	13	19	5	4190	0	28	116133	9	4	100	0	0	0	0	0	0	0	0	0	0	0	0	0	0	
1936.628633	4	0	3	0	13	19	5	4190	0	28	116192	9	4	100	0	0	0	0	0	0	0	0	0	0	0	0	0	0	
1937.635200	4	0	3	0	13	19	5	4190	0	28	116252	9	4	100	0	0	0	0	0	0	0	0	0	0	0	0	0	0	
1938.638883	4	0	3	0	13	19	5	4190	0	28	116313	9	4	100	0	0	0	0	0	0	0	0	0	0	0	0	0	0	
1939.645433	4	0	3	0	13	19	5	4190	0	28	116373	9	4	100	0	0	0	0	0	0	0	0	0	0	0	0	0	0	
1940.631833	4	0	3	0	13	19	5	4190	0	28	116432	9	4	100	0	0	0	0	0	0	0	0	0	0	0	0	0	0	
1941.636967	4	0	3	0	13	19	5	4189	0	28	116492	9	4	100	0	0	0	0	0	0	0	0	0	0	0	0	0	0	
1942.642083	4	0	3	0	13	19	5	4189	0	28	116553	9	4	100	0	0	0	0	0	0	0	0	0	0	0	0	0	0	
1943.628483	4	0	3	0	13	19	5	4189	0	28	116612	9	4	100	0	0	0	0	0	0	0	0	0	0	0	0	0	0	
1944.633600	4	0	3	0	13	19	5	4189	0	28	116672	9	4	100	0	0	0	0	0	0	0	0	0	0	0	0	0	0	
1945.640167	4	0	3	0	13	19	5	4189	0	28	116732	9	4	100	0	0	0	0	0	0	0	0	0	0	0	0	0	0	
1946.643833	4	0	3	0	13	19	5	4189	0	28	116793	9	4	100	0	0	0	0	0	0	0	0	0	0	0	0	0	0	
1947.631683	4	0	3	0	13	19	5	4189	0	28	116852	9	4	100	0	0	0	0	0	0	0	0	0	0	0	0	0	0	
1948.085283	8	6	3	0	14	7	1	4051	-1080	28	116879	9	5	0	0	0	0	0	0	0	0	0	0	0	0	0	0	0	
1948.639683	8	6	3	0	14	7	1	4016	-1081	28	116912	9	5	0	0	0	0	0	0	0	0	0	0	0	0	0	0	0	
1949.643367	8	6	3	0	14	7	1	3989	-1079	28	116973	9	5	2	0	0	0	0	0	0	0	0	0	0	0	0	0	0	
1950.631200	8	6	3	0	14	7	1	3971	-1080	28	117032	9	5	3	0	0	0	0	0	0	0	0	0	0	0	0	0	0	
1951.634883	8	6	3	0	14	7	1	3956	-1079	28	117092	9	5	4	0	0	0	0	0	0	0	0	0	0	0	0	0	0	
1952.641433	8	6	3	0	14	7	1	3941	-1079	28	117153	9	5	6	0	0	0	0	0	0	0	0	0	0	0	0	0	0	
1953.646567	8	6	3	0	14	7	1	3927	-1081	28	117213	9	5	7	0	0	0	0	0	0	0	0	0	0	0	0	0	0	
1954.632967	8	6	3	0	14	7	1	3913	-1080	28	117272	9	5	8	0	0	0	0	0	0	0	0	0	0	0	0	0	0	
1955.638083	8	6	3	0	14	7	1	3900	-1080	28	117332	9	5	10	0	0	0	0	0	0	0	0	0	0	0	0	0	0	
1956.644633	8	6	3	0	14	7	1	3887	-1080	28	117393	9	5	11	0	0	0	0	0	0	0	0	0	0	0	0	0	0	
1957.629600	8	6	3	0	14	7	1	3875	-1079	28	117452	9	5	12	0	0	0	0	0	0	0	0	0	0	0	0	0	0	
1958.636167	8	6	3	0	14	7	1	3863	-1079	28	117512	9	5	13	0	0	0	0	0	0	0	0	0	0	0	0	0	0	
1959.641283	8	6	3	0	14	7	1	3850	-1080	28	117572	9	5	15	0	0	0	0	0	0	0	0	0	0	0	0	0	0	
1960.646400	8	6	3	0	14	7	1	3839	-1078	28	117633	9	5	16	0	0	0	0	0	0	0	0	0	0	0	0	0	0	
1961.632800	8	6	3	0	14	7	1	3828	-1080	28	117692	9	5	17	0	0	0	0	0	0	0	0	0	0	0	0	0	0	
1962.637917	8	6	3	0	14	7	1	3817	-1080	28	117752	9	5	19	0	0	0	0	0	0	0	0	0	0	0	0	0	0	
1963.643033	8	6	3	0	14	7	1	3806	-1080	28	117813	9	5	20	0	0	0	0	0	0	0	0	0	0	0	0	0	0	
1964.649600	8	6	3	0	14	7	1	3796	-1080	28	117873	9	5	21	0	0	0	0	0	0	0	0	0	0	0	0	0	0	
1965.634567	8	6	3	0	14	7	1	3786	-1079	28	117932	9	5	23	0	0	0	0	0	0	0	0	0	0	0	0	0	0	
1966.641117	8	6	3	0	14	7	1	3776	-1080	28	117992	9	5	24	0	0	0	0	0	0	0	0	0	0	0	0	0	0	
1967.646233	8	6	3	0	14	7	1	3766	-1080	28	118053	9	5	25	0	0	0	0	0	0	0	0	0	0	0	0	0	0	
1968.632633	8	6	3	0	14	7	1	3757	-1080	28	118112	9	5	27	0	0	0	0	0	0	0	0	0	0	0	0	0	0	
1969.637767	8	6	3	0	14	7	1	3748	-1081	28	118172	9	5	28	0	0	0	0	0	0	0	0	0	0	0	0	0	0	
1970.642883	8	6	3	0	14	7	1	3738	-1080	28	118233	9	5	29	0	0	0	0	0	0	0	0	0	0	0	0	0	0	
1971.648000	8	6	3	0	14	7	1	3730	-1080	28	118293	9	5	31	0	0	0	0	0	0	0	0	0	0	0	0	0	0	
1972.635833	8	6	3	0	14	7	1	3721	-1080	28	118352	9	5	32	0	0	0	0	0	0	0	0	0	0	0	0	0	0	
1973.639517	8	6	3	0	14	7	1	3712	-1080	28	118412	9	5	33	0	0	0	0	0	0	0	0	0	0	0	0	0	0	
1974.646083	8	6	3	0	14	7	1	3704	-1081	28	118473	9	5	35	0	0	0	0	0	0	0	0	0	0	0	0	0	0	
1975.632483	8	6	3	0	14	7	1	3696	-1081	28	118532	9	5	36	0	0	0	0	0	0	0	0	0	0	0	0	0	0	
1976.637600	8	6	3	0	14	7	1	3688	-1079	28	118592	9	5	37	0	0	0	0	0	0	0	0	0	0	0	0	0	0	
1977.642717	8	6	3	0	14	7	1	3680	-1080	28	118653	9	5	39	0	0	0	0	0	0	0	0	0	0	0	0	0	0	
1978.649283	8	6	3	0	14	7	1	3672	-1080	28	118713	9	5	40	0	0	0	0	0	0	0	0	0	0	0	0	0	0	
1979.634233	8	6	3	0	14	7	1	3665	-1080	28	118772	9	5	41	0	0	0	0	0	0	0	0	0	0	0	0	0	0	
1980.640800	8	6	3	0	14	7	1	3657	-1080	28	118832	9	5	43	0	0	0	0	0	0	0	0	0	0	0	0	0	0	
1981.644483	8	6	3	0	14	7	1	3650	-1080	28	118893	9	5	44	0	0	0	0	0	0	0	0	0	0	0	0	0	0	
1982.632317	8	6	3	0	14	7	1	3644	-1080	28	118952	9	5	45	0	0	0	0	0	0	0	0	0	0	0	0	0	0	
1983.637433	8	6	3	0	14	7	1	3636	-1079	28	119012	9	5	47	0	0	0	0	0	0	0	0	0	0	0	0	0	0	
1984.642567	8	6	3	0	14	7	1	3630	-1081	28	119072	9	5	48	0	0	0	0	0	0	0	0	0	0	0	0	0	0	
1985.647683	8	6	3	0	14	7	1	3624	-1079	28	119133	9	5	49	0	0	0	0	0	0	0	0	0	0	0	0	0	0	
1986.634083	8	6	3	0	14	7	1	3618	-1080	28	119192	9	5	51	0	0	0	0	0	0	0	0	0	0	0	0	0	0	
1987.639200	8	6	3	0	14	7	1	3612	-1079	28	119252	9	5	52	0	0	0	0	0	0	0	0	0	0	0	0	0	0	
1988.645767	8	6	3	0	14	7	1	3606	-1079	28	119313	9	5	53	0	0	0	0	0	0	0	0	0	0	0	0	0	0	
1989.650883	8	6	3	0	14	7	1	3600	-1079	28	119373	9	5	55	0	0	0	0	0	0	0	0	0	0	0	0	0	0	
1990.637283	8	6	3	0	14	7	1	3595	-1080	28	119432	9	5	56	0	0	0	0	0	0	0	0	0	0	0	0	0	0	
1991.642400	8	6	3	0	14	7	1	3590	-1080	28	119492	9	5	57	0	0	0	0	0	0	0	0	0	0	0	0	0	0	
1992.647517	8	6	3	0	14	7	1	3585	-1079	28	119553	9	5	58	0	0	0	0	0	0	0	0	0	0	0	0	0	0	
1993.633917	8	6	3	0	14	7	1	3580	-1080	28	119612	9	5	60	0	0	0	0	0	0	0	0	0	0	0	0	0	0	
1994.639033	8	6	3	0	14	7	1	3575	-1081	28	119672	9	5	61	0	0	0	0	0	0	0	0	0	0	0	0	0	0	
1995.644167	8	6	3	0	14	7	1	3571	-1080	28	119733	9	5	62	0	0	0	0	0	0	0	0	0	0	0	0	0	0	
1996.650717	8	6	3	0	14	7	1	3566	-1080	28	119793	9	5	64	0	0	0	0	0	0	0	0	0	0	0	0	0	0	
1997.635683	8	6	3	0	14	7	1	3562	-1079	28	119852	9	5	65	0	0	0	0	0	0	0	0	0	0	0	0	0	0	
1998.642233	8	6	3	0	14	7	1	3557	-1080	28	119912	9	5	66	0	0	0	0	0	0	0	0	0	0	0	0	0	0	
1999.647367	8	6	3	0	14	7	1	3553	-1079	28	119973	9	5	68	0	0	0	0	0	0	0	0	0	0	0	0	0	0	
2000.633767	8	6	3	0	14	7	1	3548	-1079	28	120032	9	5	69	0	0	0	0	0	0	0	0	0	0	0	0	0	0	
2001.638883	8	6	3	0	14	7	1	3544	-1079	28	120092	9	5	70	0	0	0	0	0	0	0	0	0	0	0	0	0	0	
2002.644000	8	6	3	0	14	7	1	3539	-1080	28	120152	9	5	72	0	0	0	0	0	0	0	0	0	0	0	0	0	0	
2003.649117	8	6	3	0	14	7	1	3534	-1078	28	120213	9	5	73	0	0	0	0	0	0	0	0	0	0	0	0	0	0	
2004.636967	8	6	3	0	14	7	1	3530	-1080	28	120272	9	5	74	0	0	0	0	0	0	0	0	0	0	0	0	0	0	
2005.640633	8	6	3	0	14	7	1	3525	-1080	28	120332	9	5	76	0	0	0	0	0	0	0	0	0	0	0	0	0	0	
2006.647200	8	6	3	0	14	7	1	3520	-1080	28	120393	9	5	77	0	0	0	0	0	0	0	0	0	0	0	0	0	0	
2007.636483	8	6	3	0	14	7	1	3515	-1079	28	120452	9	5	78	0	0	0	0	0	0	0	0	0	0	0	0	0	0	
2008.643033	8	6	3	0	14	7	1	3509	-1079	28	120512	9	5	80	0	0	0	0	0	0	0	0	0	0	0	0	0	0	
2009.649600	8	6	3	0	14	7	1	3503	-1078	28	120573	9	5	81	0	0	0	0	0	0	0	0	0	0	0	0	0	0	
2010.636000	8	6	3	0	14	7	1	3497	-1079	28	120632	9	5	82	0	0	0	0	0	0	0	0	0	0	0	0	0	0	
2011.641117	8	6	3	0	14	7	1	3490	-1078	28	120692	9	5	84	0	0	0	0	0	0	0	0	0	0	0	0	0	0	
2012.644800	8	6	3	0	14	7	1	3482	-1079	28	120753	9	5	85	0	0	0	0	0	0	0	0	0	0	0	0	0	0	
2013.651367	8	6	3	0	14	7	1	3473	-1078	28	120813	9	5	86	0	0	0	0	0	0	0	0	0	0	0	0	0	0	
2014.639200	8	6	3	0	14	7	1	3462	-1079	28	120872	9	5	88	0	0	0	0	0	0	0	0	0	0	0	0	0	0	
2015.642883	8	6	3	0	14	7	1	3450	-1080	28	120932	9	5	89	0	0	0	0	0	0	0	0	0	0	0	0	0	0	
2016.648000	8	6	3	0	14	7	1	3434	-1080	28	120993	9	5	90	0	0	0	0	0	0	0	0	0	0	0	0	0	0	
2017.635833	8	6	3	0	14	7	1	3415	-1079	28	121052	9	5	92	0	0	0	0	0	0	0	0	0	0	0	0	0	0	
2018.640967	8	6	3	0	14	7	1	3389	-1079	28	121112	9	5	93	0	0	0	0	0	0	0	0	0	0	0	0	0	0	
2019.646083	8	6	3	0	14	7	1	3353	-1080	28	121173	9	5	94	0	0	0	0	0	0	0	0	0	0	0	0	0	0	
2020.652633	8	6	3	0	14	7	1	3303	-1080	28	121233	9	5	96	0	0	0	0	0	0	0	0	0	0	0	0	0	0	
2021.637600	8	6	3	0	14	7	1	3229	-1079	28	121292	9	5	97	0	0	0	0	0	0	0	0	0	0	0	0	0	0	
2022.644167	8	6	3	0	14	7	1	3094	-1079	28	121352	9	5	98	0	0	0	0	0	0	0	0	0	0	0	0	0	0	
2023.548483	8	15	3	0	15	31	2	2797	64	28	121407	10	5	100	0	0	0	0	0	0	0	0	0	0	0	0	0	0	
2023.568633	8	4	3	0	15	3	2	2827	66	28	121408	10	5	100	0	0	0	0	0	0	0	0	0	0	0	0	0	0	
2023.652167	8	4	3	0	15	3	2	2881	67	28	121413	10	5	100	0	0	0	0	0	0	0	0	0	0	0	0	0	0	
2024.066883	8	3	3	0	15	2	2	3097	677	28	121438	11	5	100	0	0	0	0	0	0	0	0	0	0	0	0	0	0	
2024.642883	8	3	3	0	15	2	2	3350	674	28	121472	11	5	100	0	0	0	0	0	0	0	0	0	0	0	0	0	0	
2025.646567	8	3	3	0	15	2	2	3502	673	28	121533	11	5	100	0	0	0	0	0	0	0	0	0	0	0	0	0	0	
2026.651683	8	3	3	0	15	2	2	3592	674	28	121593	11	5	100	0	0	0	0	0	0	0	0	0	0	0	0	0	0	
2027.643833	8	3	3	0	15	2	2	3656	673	28	121652	11	5	100	0	0	0	0	0	0	0	0	0	0	0	0	0	0	
2028.643200	8	3	3	0	15	2	2	3706	675	28	121712	11	5	100	0	0	0	0	0	0	0	0	0	0	0	0	0	0	
2029.639683	8	3	3	0	15	2	2	3745	675	28	121772	11	5	100	0	0	0	0	0	0	0	0	0	0	0	0	0	0	
2030.653433	8	3	3	0	15	2	2	3773	675	28	121833	11	5	100	0	0	0	0	0	0	0	0	0	0	0	0	0	0	
2031.649917	8	3	3	0	15	2	2	3785	674	28	121893	11	5	100	0	0	0	0	0	0	0	0	0	0	0	0	0	0	
2032.646400	8	3	3	0	15	2	2	3791	674	28	121953	11	5	100	0	0	0	0	0	0	0	0	0	0	0	0	0	0	
2033.647200	8	3	3	0	15	2	2	3797	675	28	122013	11	5	100	0	0	0	0	0	0	0	0	0	0	0	0	0	0	
2034.637917	8	3	3	0	15	2	2	3802	675	28	122072	11	5	100	0	0	0	0	0	0	0	0	0	0	0	0	0	0	
2035.653117	8	3	3	0	15	2	2	3808	674	28	122133	11	5	100	0	0	0	0	0	0	0	0	0	0	0	0	0	0	
2036.648167	8	3	3	0	15	2	2	3813	675	28	122193	11	5	100	0	0	0	0	0	0	0	0	0	0	0	0	0	0	
2037.644633	8	3	3	0	15	2	2	3818	674	28	122252	11	5	100	0	0	0	0	0	0	0	0	0	0	0	0	0	0	
2038.639683	8	3	3	0	15	2	2	3823	675	28	122312	11	5	100	0	0	0	0	0	0	0	0	0	0	0	0	0	0	
2039.654883	8	3	3	0	15	2	2	3829	675	28	122373	11	5	100	0	0	0	0	0	0	0	0	0	0	0	0	0	0	
2040.649917	8	3	3	0	15	2	2	3835	675	28	122433	11	5	100	0	0	0	0	0	0	0	0	0	0	0	0	0	0	
2041.646400	8	3	3	0	15	2	2	3840	675	28	122492	11	5	100	0	0	0	0	0	0	0	0	0	0	0	0	0	0	
2042.652967	8	3	3	0	15	2	2	3846	674	28	122553	11	5	100	0	0	0	0	0	0	0	0	0	0	0	0	0	0	
2043.649433	8	3	3	0	15	2	2	3852	674	28	122613	11	5	100	0	0	0	0	0	0	0	0	0	0	0	0	0	0	
2044.651683	8	3	3	0	15	2	2	3857	674	28	122673	11	5	100	0	0	0	0	0	0	0	0	0	0	0	0	0	0	
2045.648167	8	3	3	0	15	2	2	3863	674	28	122732	11	5	100	0	0	0	0	0	0	0	0	0	0	0	0	0	0	
2046.644633	8	3	3	0	15	2	2	3868	675	28	122792	11	5	100	0	0	0	0	0	0	0	0	0	0	0	0	0	0	
2047.642567	8	3	3	0	15	2	2	3873	674	28	122852	11	5	100	0	0	0	0	0	0	0	0	0	0	0	0	0	0	
2048.652000	8	3	3	0	15	2	2	3876	675	28	122913	11	5	100	0	0	0	0	0	0	0	0	0	0	0	0	0	0	
2049.647033	8	3	3	0	15	2	2	3881	675	28	122972	11	5	100	0	0	0	0	0	0	0	0	0	0	0	0	0	0	
2050.637767	8	3	3	0	15	2	2	3884	674	28	123032	11	5	100	0	0	0	0	0	0	0	0	0	0	0	0	0	0	
2051.644317	8	3	3	0	15	2	2	3886	675	28	123092	11	5	100	0	0	0	0	0	0	0	0	0	0	0	0	0	0	
2052.646567	8	3	3	0	15	2	2	3890	675	28	123152	11	5	100	0	0	0	0	0	0	0	0	0	0	0	0	0	0	
2053.643033	8	3	3	0	15	2	2	3892	675	28	123212	11	5	100	0	0	0	0	0	0	0	0	0	0	0	0	0	0	
2054.638083	8	3	3	0	15	2	2	3894	674	28	123272	11	5	100	0	0	0	0	0	0	0	0	0	0	0	0	0	0	
2055.653283	8	3	3	0	15	2	2	3896	675	28	123333	11	5	100	0	0	0	0	0	0	0	0	0	0	0	0	0	0	
2056.639683	8	3	3	0	15	2	2	3899	675	28	123392	11	5	100	0	0	0	0	0	0	0	0	0	0	0	0	0	0	
2057.640483	8	3	3	0	15	2	2	3901	675	28	123452	11	5	100	0	0	0	0	0	0	0	0	0	0	0	0	0	0	
2058.645600	8	3	3	0	15	2	2	3903	675	28	123512	11	5	100	0	0	0	0	0	0	0	0	0	0	0	0	0	0	
2059.644967	8	3	3	0	15	2	2	3905	675	28	123572	11	5	100	0	0	0	0	0	0	0	0	0	0	0	0	0	0	
2060.642883	8	3	3	0	15	2	2	3907	675	28	123632	11	5	100	0	0	0	0	0	0	0	0	0	0	0	0	0	0	
2061.639367	8	3	3	0	15	2	2	3909	675	28	123692	11	5	100	0	0	0	0	0	0	0	0	0	0	0	0	0	0	
2062.654567	8	3	3	0	15	2	2	3912	675	28	123753	11	5	100	0	0	0	0	0	0	0	0	0	0	0	0	0	0	
2063.645283	8	3	3	0	15	2	2	3914	673	28	123812	11	5	100	0	0	0	0	0	0	0	0	0	0	0	0	0	0	
2064.651833	8	3	3	0	15	2	2	3917	675	28	123873	11	5	100	0	0	0	0	0	0	0	0	0	0	0	0	0	0	
2065.646883	8	3	3	0	15	2	2	3919	675	28	123932	11	5	100	0	0	0	0	0	0	0	0	0	0	0	0	0	0	
2066.643367	8	3	3	0	15	2	2	3921	674	28	123992	11	5	100	0	0	0	0	0	0	0	0	0	0	0	0	0	0	
2067.655683	8	3	3	0	15	2	2	3924	675	28	124053	11	5	100	0	0	0	0	0	0	0	0	0	0	0	0	0	0	
2068.639200	8	3	3	0	15	2	2	3927	674	28	124112	11	5	100	0	0	0	0	0	0	0	0	0	0	0	0	0	0	
2069.654400	8	3	3	0	15	2	2	3929	674	28	124173	11	5	100	0	0	0	0	0	0	0	0	0	0	0	0	0	0	
2070.649433	8	3	3	0	15	2	2	3932	675	28	124233	11	5	100	0	0	0	0	0	0	0	0	0	0	0	0	0	0	
2071.645917	8	3	3	0	15	2	2	3935	674	28	124292	11	5	100	0	0	0	0	0	0	0	0	0	0	0	0	0	0	
2072.643833	8	3	3	0	15	2	2	3937	675	28	124352	11	5	100	0	0	0	0	0	0	0	0	0	0	0	0	0	0	
2073.640317	8	3	3	0	15	2	2	3940	674	28	124412	11	5	100	0	0	0	0	0	0	0	0	0	0	0	0	0	0	
2074.656967	8	3	3	0	15	2	2	3942	675	28	124473	11	5	100	0	0	0	0	0	0	0	0	0	0	0	0	0	0	
2075.643367	8	3	3	0	15	2	2	3946	675	28	124532	11	5	100	0	0	0	0	0	0	0	0	0	0	0	0	0	0	
2076.649917	8	3	3	0	15	2	2	3949	675	28	124593	11	5	100	0	0	0	0	0	0	0	0	0	0	0	0	0	0	
2077.644967	8	3	3	0	15	2	2	3952	675	28	124652	11	5	100	0	0	0	0	0	0	0	0	0	0	0	0	0	0	
2078.651517	8	3	3	0	15	2	2	3955	675	28	124713	11	5	100	0	0	0	0	0	0	0	0	0	0	0	0	0	0	
2079.645117	8	3	3	0	15	2	2	3957	674	28	124772	11	5	100	0	0	0	0	0	0	0	0	0	0	0	0	0	0	
2080.645917	8	3	3	0	15	2	2	3961	675	28	124832	11	5	100	0	0	0	0	0	0	0	0	0	0	0	0	0	0	
2081.652483	8	3	3	0	15	2	2	3964	675	28	124893	11	5	100	0	0	0	0	0	0	0	0	0	0	0	0	0	0	
2082.647517	8	3	3	0	15	2	2	3967	674	28	124952	11	5	100	0	0	0	0	0	0	0	0	0	0	0	0	0	0	
2083.645433	8	3	3	0	15	2	2	3970	675	28	125012	11	5	100	0	0	0	0	0	0	0	0	0	0	0	0	0	0	
2084.646233	8	3	3	0	15	2	2	3974	675	28	125072	11	5	100	0	0	0	0	0	0	0	0	0	0	0	0	0	0	
2085.642717	8	3	3	0	15	2	2	3977	674	28	125132	11	5	100	0	0	0	0	0	0	0	0	0	0	0	0	0	0	
2086.655033	8	3	3	0	15	2	2	3981	675	28	125193	11	5	100	0	0	0	0	0	0	0	0	0	0	0	0	0	0	
2087.642883	8	3	3	0	15	2	2	3984	674	28	125252	11	5	100	0	0	0	0	0	0	0	0	0	0	0	0	0	0	
2088.650883	8	3	3	0	15	2	2	3988	674	28	125313	11	5	100	0	0	0	0	0	0	0	0	0	0	0	0	0	0	
2089.651683	8	3	3	0	15	2	2	3992	675	28	125373	11	5	100	0	0	0	0	0	0	0	0	0	0	0	0	0	0	
2090.655367	8	3	3	0	15	2	2	3996	674	28	125433	11	5	100	0	0	0	0	0	0	0	0	0	0	0	0	0	0	
2091.650400	8	3	3	0	15	2	2	4000	674	28	125492	11	5	100	0	0	0	0	0	0	0	0	0	0	0	0	0	0	
2092.656967	8	3	3	0	15	2	2	4004	675	28	125553	11	5	100	0	0	0	0	0	0	0	0	0	0	0	0	0	0	
2093.653433	8	3	3	0	15	2	2	4008	674	28	125613	11	5	100	0	0	0	0	0	0	0	0	0	0	0	0	0	0	
2094.649917	8	3	3	0	15	2	2	4012	675	28	125672	11	5	100	0	0	0	0	0	0	0	0	0	0	0	0	0	0	
2095.646400	8	3	3	0	15	2	2	4017	675	28	125732	11	5	100	0	0	0	0	0	0	0	0	0	0	0	0	0	0	
2096.644317	8	3	3	0	15	2	2	4021	675	28	125792	11	5	100	0	0	0	0	0	0	0	0	0	0	0	0	0	0	
2097.643683	8	3	3	0	15	2	2	4025	675	28	125852	11	5	100	0	0	0	0	0	0	0	0	0	0	0	0	0	0	
2098.660317	8	3	3	0	15	2	2	4030	675	28	125913	11	5	100	0	0	0	0	0	0	0	0	0	0	0	0	0	0	
2099.653917	8	3	3	0	15	2	2	4034	674	28	125973	11	5	100	0	0	0	0	0	0	0	0	0	0	0	0	0	0	
2100.650400	8	3	3	0	15	2	2	4039	675	28	126032	11	5	100	0	0	0	0	0	0	0	0	0	0	0	0	0	0	
2101.652633	8	3	3	0	15	2	2	4044	674	28	126092	11	5	100	0	0	0	0	0	0	0	0	0	0	0	0	0	0	
2102.653433	8	3	3	0	15	2	2	4048	674	28	126153	11	5	100	0	0	0	0	0	0	0	0	0	0	0	0	0	0	
2103.649917	8	3	3	0	15	2	2	4053	675	28	126212	11	5	100	0	0	0	0	0	0	0	0	0	0	0	0	0	0	
2104.653600	8	3	3	0	15	2	2	4058	673	28	126273	11	5	100	0	0	0	0	0	0	0	0	0	0	0	0	0	0	
2105.644317	8	3	3	0	15	2	2	4063	675	28	126332	11	5	100	0	0	0	0	0	0	0	0	0	0	0	0	0	0	
2106.646567	8	3	3	0	15	2	2	4068	675	28	126392	11	5	100	0	0	0	0	0	0	0	0	0	0	0	0	0	0	
2107.658883	8	3	3	0	15	2	2	4074	675	28	126453	11	5	100	0	0	0	0	0	0	0	0	0	0	0	0	0	0	
2108.640967	8	3	3	0	15	2	2	4079	675	28	126512	11	5	100	0	0	0	0	0	0	0	0	0	0	0	0	0	0	
2109.648967	8	3	3	0	15	2	2	4084	674	28	126572	11	5	100	0	0	0	0	0	0	0	0	0	0	0	0	0	0	
2110.644000	8	3	3	0	15	2	2	4089	674	28	126632	11	5	100	0	0	0	0	0	0	0	0	0	0	0	0	0	0	
2111.653433	8	3	3	0	15	2	2	4095	675	28	126693	11	5	100	0	0	0	0	0	0	0	0	0	0	0	0	0	0	
2112.649917	8	3	3	0	15	2	2	4101	674	28	126752	11	5	100	0	0	0	0	0	0	0	0	0	0	0	0	0	0	
2113.644967	8	3	3	0	15	2	2	4106	675	28	126812	11	5	100	0	0	0	0	0	0	0	0	0	0	0	0	0	0	
2114.660167	8	3	3	0	15	2	2	4112	674	28	126873	11	5	100	0	0	0	0	0	0	0	0	0	0	0	0	0	0	
2115.660967	8	3	3	0	15	2	2	4117	668	28	126933	11	5	100	0	0	0	0	0	0	0	0	0	0	0	0	0	0	
2116.656000	8	3	3	0	15	2	2	4123	666	28	126993	11	5	100	0	0	0	0	0	0	0	0	0	0	0	0	0	0	
2117.652483	8	3	3	0	15	2	2	4129	665	28	127052	11	5	100	0	0	0	0	0	0	0	0	0	0	0	0	0	0	
2118.647517	8	3	3	0	15	2	2	4135	664	28	127112	11	5	100	0	0	0	0	0	0	0	0	0	0	0	0	0	0	
2119.646883	8	3	3	0	15	2	2	4141	664	28	127172	11	5	100	0	0	0	0	0	0	0	0	0	0	0	0	0	0	
2120.644800	8	3	3	0	15	2	2	4147	664	28	127232	11	5	100	0	0	0	0	0	0	0	0	0	0	0	0	0	0	
2121.647033	8	3	3	0	15	2	2	4153	661	28	127292	11	5	100	0	0	0	0	0	0	0	0	0	0	0	0	0	0	
2122.660800	8	3	3	0	15	2	2	4160	660	28	127353	11	5	100	0	0	0	0	0	0	0	0	0	0	0	0	0	0	
2123.657283	8	3	3	0	15	2	2	4166	660	28	127413	11	5	100	0	0	0	0	0	0	0	0	0	0	0	0	0	0	
2124.656633	8	3	3	0	15	2	2	4172	658	28	127473	11	5	100	0	0	0	0	0	0	0	0	0	0	0	0	0	0	
2125.660317	8	3	3	0	15	2	2	4179	658	28	127533	11	5	100	0	0	0	0	0	0	0	0	0	0	0	0	0	0	
2126.646717	8	3	3	0	15	2	2	4186	657	28	127592	11	5	100	0	0	0	0	0	0	0	0	0	0	0	0	0	0	
2127.660483	8	3	3	0	15	2	2	4193	656	28	127653	11	5	100	0	0	0	0	0	0	0	0	0	0	0	0	0	0	
2128.654083	8	3	3	0	15	2	2	4200	655	28	127713	11	5	100	0	0	0	0	0	0	0	0	0	0	0	0	0	0	
2129.654883	8	3	3	0	15	2	2	4207	654	28	127773	11	5	100	0	0	0	0	0	0	0	0	0	0	0	0	0	0	
2130.645600	8	3	3	0	15	2	2	4211	627	28	127832	11	5	100	0	0	0	0	0	0	0	0	0	0	0	0	0	0	
2131.660800	8	3	3	0	15	2	2	4210	590	28	127893	11	5	100	0	0	0	0	0	0	0	0	0	0	0	0	0	0	
2132.642883	8	3	3	0	15	2	2	4210	559	29	127952	11	5	100	0	0	0	0	0	0	0	0	0	0	0	0	0	0	
2133.658083	8	3	3	0	15	2	2	4210	529	28	128013	11	5	100	0	0	0	0	0	0	0	0	0	0	0	0	0	0	
2134.657433	8	3	3	0	15	2	2	4210	501	28	128073	11	5	100	0	0	0	0	0	0	0	0	0	0	0	0	0	0	
2135.653917	8	3	3	0	15	2	2	4210	475	28	128132	11	5	100	0	0	0	0	0	0	0	0	0	0	0	0	0	0	
2136.657600	8	3	3	0	15	2	2	4210	450	28	128193	11	5	100	0	0	0	0	0	0	0	0	0	0	0	0	0	0	
2137.654083	8	3	3	0	15	2	2	4210	426	28	128252	11	5	100	0	0	0	0	0	0	0	0	0	0	0	0	0	0	
2138.649117	8	3	3	0	15	2	2	4210	405	28	128312	11	5	100	0	0	0	0	0	0	0	0	0	0	0	0	0	0	
2139.647033	8	3	3	0	15	2	2	4210	384	28	128372	11	5	100	0	0	0	0	0	0	0	0	0	0	0	0	0	0	
2140.657917	8	3	3	0	15	2	2	4210	364	28	128433	11	5	100	0	0	0	0	0	0	0	0	0	0	0	0	0	0	
2141.660167	8	3	3	0	15	2	2	4209	344	28	128493	11	5	100	0	0	0	0	0	0	0	0	0	0	0	0	0	0	
2142.656633	8	3	3	0	15	2	2	4210	327	28	128553	11	5	100	0	0	0	0	0	0	0	0	0	0	0	0	0	0	
2143.651683	8	3	3	0	15	2	2	4210	310	28	128612	11	5	100	0	0	0	0	0	0	0	0	0	0	0	0	0	0	
2144.648167	8	3	3	0	15	2	2	4210	294	28	128672	11	5	100	0	0	0	0	0	0	0	0	0	0	0	0	0	0	
2145.656167	8	3	3	0	15	2	2	4210	278	28	128733	11	5	100	0	0	0	0	0	0	0	0	0	0	0	0	0	0	
2146.654083	8	3	3	0	15	2	2	4210	265	28	128792	11	5	100	0	0	0	0	0	0	0	0	0	0	0	0	0	0	
2147.650567	8	3	3	0	15	2	2	4210	251	28	128852	11	5	100	0	0	0	0	0	0	0	0	0	0	0	0	0	0	
2148.645600	8	3	3	0	15	2	2	4210	239	28	128912	11	5	100	0	0	0	0	0	0	0	0	0	0	0	0	0	0	
2149.662233	8	3	3	0	15	2	2	4210	226	28	128973	11	5	100	0	0	0	0	0	0	0	0	0	0	0	0	0	0	
2150.648633	8	3	3	0	15	2	2	4210	215	28	129032	11	5	100	0	0	0	0	0	0	0	0	0	0	0	0	0	0	
2151.663833	8	3	3	0	15	2	2	4210	204	28	129093	11	5	100	0	0	0	0	0	0	0	0	0	0	0	0	0	0	
2152.654567	8	3	3	0	15	2	2	4210	194	28	129152	11	5	100	0	0	0	0	0	0	0	0	0	0	0	0	0	0	
2153.648167	8	3	3	0	15	2	2	4210	184	28	129212	11	5	100	0	0	0	0	0	0	0	0	0	0	0	0	0	0	
2154.660483	8	3	3	0	15	2	2	4210	175	28	129273	11	5	100	0	0	0	0	0	0	0	0	0	0	0	0	0	0	
2155.646883	8	3	3	0	15	2	2	4210	167	28	129332	11	5	100	0	0	0	0	0	0	0	0	0	0	0	0	0	0	
2156.646233	8	3	3	0	15	2	2	4210	159	28	129392	11	5	100	0	0	0	0	0	0	0	0	0	0	0	0	0	0	
2157.660000	8	3	3	0	15	2	2	4210	152	29	129453	11	5	100	0	0	0	0	0	0	0	0	0	0	0	0	0	0	
2158.652167	8	3	3	0	15	2	2	4210	144	28	129512	11	5	100	0	0	0	0	0	0	0	0	0	0	0	0	0	0	
2159.655833	8	3	3	0	15	2	2	4210	137	28	129572	11	5	100	0	0	0	0	0	0	0	0	0	0	0	0	0	0	
2160.649433	8	3	3	0	15	2	2	4210	130	28	129632	11	5	100	0	0	0	0	0	0	0	0	0	0	0	0	0	0	
2161.650233	8	3	3	0	15	2	2	4210	124	28	129692	11	5	100	0	0	0	0	0	0	0	0	0	0	0	0	0	0	
2162.664000	8	3	3	0	15	2	2	4210	118	28	129753	11	5	100	0	0	0	0	0	0	0	0	0	0	0	0	0	0	
2163.663367	8	3	3	0	15	2	2	4210	114	28	129813	11	5	100	0	0	0	0	0	0	0	0	0	0	0	0	0	0	
2164.658400	8	3	3	0	15	2	2	4210	108	28	129873	11	5	100	0	0	0	0	0	0	0	0	0	0	0	0	0	0	
2165.656317	8	3	3	0	15	2	2	4210	104	28	129933	11	5	100	0	0	0	0	0	0	0	0	0	0	0	0	0	0	
2166.649917	8	3	3	0	15	2	2	4210	100	28	129992	11	5	100	0	0	0	0	0	0	0	0	0	0	0	0	0	0	
2167.653600	8	3	3	0	15	2	2	4210	95	28	130052	11	5	100	0	0	0	0	0	0	0	0	0	0	0	0	0	0	
2168.650083	8	3	3	0	15	2	2	4210	90	28	130112	11	5	100	0	0	0	0	0	0	0	0	0	0	0	0	0	0	
2169.662400	8	3	3	0	15	2	2	4210	86	28	130173	11	5	100	0	0	0	0	0	0	0	0	0	0	0	0	0	0	
2170.647367	8	3	3	0	15	2	2	4210	83	29	130232	11	5	100	0	0	0	0	0	0	0	0	0	0	0	0	0	0	
2171.659683	8	3	3	0	15	2	2	4210	79	28	130293	11	5	100	0	0	0	0	0	0	0	0	0	0	0	0	0	0	
2172.647517	8	3	3	0	15	2	2	4210	75	28	130352	11	5	100	0	0	0	0	0	0	0	0	0	0	0	0	0	0	
2173.651200	8	3	3	0	15	2	2	4210	73	28	130412	11	5	100	0	0	0	0	0	0	0	0	0	0	0	0	0	0	
2174.647683	8	3	3	0	15	2	2	4210	69	28	130472	11	5	100	0	0	0	0	0	0	0	0	0	0	0	0	0	0	
2175.652800	8	3	3	0	15	2	2	4210	67	28	130532	11	5	100	0	0	0	0	0	0	0	0	0	0	0	0	0	0	
2175.750717	4	0	3	0	16	19	5	4208	49	28	130538	11	5	100	0	0	0	0	0	0	0	0	0	0	0	0	0	0	
2176.650717	4	0	3	0	16	19	5	4198	0	29	130592	11	5	100	0	0	0	0	0	0	0	0	0	0	0	0	0	0	
2177.647200	4	0	3	0	16	19	5	4197	0	28	130652	11	5	100	0	0	0	0	0	0	0	0	0	0	0	0	0	0	
2178.662400	4	0	3	0	16	19	5	4196	0	28	130713	11	5	100	0	0	0	0	0	0	0	0	0	0	0	0	0	0	
2179.656000	4	0	3	0	16	19	5	4195	0	28	130772	11	5	100	0	0	0	0	0	0	0	0	0	0	0	0	0	0	
2180.652483	4	0	3	0	16	19	5	4194	0	28	130832	11	5	100	0	0	0	0	0	0	0	0	0	0	0	0	0	0	
2181.650400	4	0	3	0	16	19	5	4194	0	28	130892	11	5	100	0	0	0	0	0	0	0	0	0	0	0	0	0	0	
2182.664167	4	0	3	0	16	19	5	4193	0	28	130953	11	5	100	0	0	0	0	0	0	0	0	0	0	0	0	0	0	
2183.659200	4	0	3	0	16	19	5	4193	0	29	131013	11	5	100	0	0	0	0	0	0	0	0	0	0	0	0	0	0	
2184.655683	4	0	3	0	16	19	5	4192	0	28	131072	11	5	100	0	0	0	0	0	0	0	0	0	0	0	0	0	0	
2185.652167	4	0	3	0	16	19	5	4192	0	28	131132	11	5	100	0	0	0	0	0	0	0	0	0	0	0	0	0	0	
2186.665917	4	0	3	0	16	19	5	4192	0	28	131193	11	5	100	0	0	0	0	0	0	0	0	0	0	0	0	0	0	
2187.656633	4	0	3	0	16	19	5	4192	0	28	131252	11	5	100	0	0	0	0	0	0	0	0	0	0	0	0	0	0	
2188.663200	4	0	3	0	16	19	5	4191	0	28	131313	11	5	100	0	0	0	0	0	0	0	0	0	0	0	0	0	0	
2189.648167	4	0	3	0	16	19	5	4191	0	29	131372	11	5	100	0	0	0	0	0	0	0	0	0	0	0	0	0	0	
2190.653283	4	0	3	0	16	19	5	4191	0	29	131432	11	5	100	0	0	0	0	0	0	0	0	0	0	0	0	0	0	
2191.658400	4	0	3	0	16	19	5	4191	0	29	131492	11	5	100	0	0	0	0	0	0	0	0	0	0	0	0	0	0	
2192.663517	4	0	3	0	16	19	5	4190	0	28	131553	11	5	100	0	0	0	0	0	0	0	0	0	0	0	0	0	0	
2193.649917	4	0	3	0	16	19	5	4190	0	29	131612	11	5	100	0	0	0	0	0	0	0	0	0	0	0	0	0	0	
2194.655033	4	0	3	0	16	19	5	4190	0	29	131672	11	5	100	0	0	0	0	0	0	0	0	0	0	0	0	0	0	
2195.661600	4	0	3	0	16	19	5	4190	0	28	131733	11	5	100	0	0	0	0	0	0	0	0	0	0	0	0	0	0	
2196.665283	4	0	3	0	16	19	5	4190	0	28	131793	11	5	100	0	0	0	0	0	0	0	0	0	0	0	0	0	0	
2197.653117	4	0	3	0	16	19	5	4190	0	28	131852	11	5	100	0	0	0	0	0	0	0	0	0	0	0	0	0	0	
2198.658233	4	0	3	0	16	19	5	4190	0	28	131912	11	5	100	0	0	0	0	0	0	0	0	0	0	0	0	0	0	
2199.663367	4	0	3	0	16	19	5	4189	0	28	131973	11	5	100	0	0	0	0	0	0	0	0	0	0	0	0	0	0	
2200.651200	4	0	3	0	16	19	5	4189	0	28	132032	11	5	100	0	0	0	0	0	0	0	0	0	0	0	0	0	0	
2201.654883	4	0	3	0	16	19	5	4189	0	29	132092	11	5	100	0	0	0	0	0	0	0	0	0	0	0	0	0	0	
2202.660000	4	0	3	0	16	19	5	4189	0	29	132153	11	5	100	0	0	0	0	0	0	0	0	0	0	0	0	0	0	
2203.666567	4	0	3	0	16	19	5	4189	0	29	132213	11	5	100	0	0	0	0	0	0	0	0	0	0	0	0	0	0	
2204.651517	4	0	3	0	16	19	5	4189	0	28	132272	11	5	100	0	0	0	0	0	0	0	0	0	0	0	0	0	0	
2205.658083	4	0	3	0	16	19	5	4189	0	29	132332	11	5	100	0	0	0	0	0	0	0	0	0	0	0	0	0	0	
2205.790567	8	6	3	0	17	7	1	4145	-174	28	132340	11	6	0	0	0	0	0	0	0	0	0	0	0	0	0	0	0	
2206.666083	8	6	3	0	17	7	1	4159	-244	29	132393	11	6	0	0	0	0	0	0	0	0	0	0	0	0	0	0	0	
2207.651033	8	6	3	0	17	7	1	4153	-247	29	132452	11	6	0	0	0	0	0	0	0	0	0	0	0	0	0	0	0	
2208.657600	8	6	3	0	17	7	1	4148	-246	29	132512	11	6	0	0	0	0	0	0	0	0	0	0	0	0	0	0	0	
2209.662717	8	6	3	0	17	7	1	4144	-247	29	132573	11	6	1	0	0	0	0	0	0	0	0	0	0	0	0	0	0	
2210.667833	8	6	3	0	17	7	1	4134	-248	29	132633	11	6	1	0	0	0	0	0	0	0	0	0	0	0	0	0	0	
2211.654233	8	6	3	0	17	7	1	4111	-243	29	132692	11	6	1	0	0	0	0	0	0	0	0	0	0	0	0	0	0	
2212.659367	8	6	3	0	17	7	1	4108	-243	29	132752	11	6	2	0	0	0	0	0	0	0	0	0	0	0	0	0	0	
2213.664483	8	6	3	0	17	7	1	4104	-248	28	132813	11	6	2	0	0	0	0	0	0	0	0	0	0	0	0	0	0	
2214.650883	8	6	3	0	17	7	1	4102	-242	28	132872	11	6	2	0	0	0	0	0	0	0	0	0	0	0	0	0	0	
2215.656000	8	6	3	0	17	7	1	4098	-245	29	132932	11	6	2	0	0	0	0	0	0	0	0	0	0	0	0	0	0	
2216.662567	8	6	3	0	17	7	1	4095	-244	29	132993	11	6	3	0	0	0	0	0	0	0	0	0	0	0	0	0	0	
2217.667683	8	6	3	0	17	7	1	4093	-245	29	133053	11	6	3	0	0	0	0	0	0	0	0	0	0	0	0	0	0	
2218.654083	8	6	3	0	17	7	1	4090	-252	28	133112	11	6	3	0	0	0	0	0	0	0	0	0	0	0	0	0	0	
2219.659200	8	6	3	0	17	7	1	4087	-246	28	133172	11	6	4	0	0	0	0	0	0	0	0	0	0	0	0	0	0	
2220.664317	8	6	3	0	17	7	1	4084	-246	29	133233	11	6	4	0	0	0	0	0	0	0	0	0	0	0	0	0	0	
2221.650717	8	6	3	0	17	7	1	4082	-241	29	133292	11	6	4	0	0	0	0	0	0	0	0	0	0	0	0	0	0	
2222.657283	8	6	3	0	17	7	1	4079	-241	29	133352	11	6	4	0	0	0	0	0	0	0	0	0	0	0	0	0	0	
2223.660967	8	6	3	0	17	7	1	4076	-246	29	133413	11	6	5	0	0	0	0	0	0	0	0	0	0	0	0	0	0	
2224.667517	8	6	3	0	17	7	1	4073	-243	28	133473	11	6	5	0	0	0	0	0	0	0	0	0	0	0	0	0	0	
2225.652483	8	6	3	0	17	7	1	4071	-247	29	133532	11	6	5	0	0	0	0	0	0	0	0	0	0	0	0	0	0	
2226.659033	8	6	3	0	17	7	1	4081	-245	29	133592	11	6	6	0	0	0	0	0	0	0	0	0	0	0	0	0	0	
2227.664167	8	6	3	0	17	7	1	4089	-241	28	133653	11	6	6	0	0	0	0	0	0	0	0	0	0	0	0	0	0	
2228.650567	8	6	3	0	17	7	1	4089	-243	29	133712	11	6	6	0	0	0	0	0	0	0	0	0	0	0	0	0	0	
2229.655683	8	6	3	0	17	7	1	4086	-246	29	133772	11	6	7	0	0	0	0	0	0	0	0	0	0	0	0	0	0	
2230.662233	8	6	3	0	17	7	1	4083	-242	29	133832	11	6	7	0	0	0	0	0	0	0	0	0	0	0	0	0	0	
2231.665917	8	6	3	0	17	7	1	4081	-243	29	133893	11	6	7	0	0	0	0	0	0	0	0	0	0	0	0	0	0	
2232.653767	8	6	3	0	17	7	1	4077	-248	29	133952	11	6	7	0	0	0	0	0	0	0	0	0	0	0	0	0	0	
2233.660317	8	6	3	0	17	7	1	4075	-244	29	134012	11	6	8	0	0	0	0	0	0	0	0	0	0	0	0	0	0	
2234.664000	8	6	3	0	17	7	1	4072	-244	28	134073	11	6	8	0	0	0	0	0	0	0	0	0	0	0	0	0	0	
2235.669117	8	6	3	0	17	7	1	4069	-243	29	134133	11	6	8	0	0	0	0	0	0	0	0	0	0	0	0	0	0	
2236.656967	8	6	3	0	17	7	1	4066	-247	28	134192	11	6	9	0	0	0	0	0	0	0	0	0	0	0	0	0	0	
2237.660633	8	6	3	0	17	7	1	4063	-243	29	134252	11	6	9	0	0	0	0	0	0	0	0	0	0	0	0	0	0	
2238.667200	8	6	3	0	17	7	1	4060	-245	28	134313	11	6	9	0	0	0	0	0	0	0	0	0	0	0	0	0	0	
2239.652167	8	6	3	0	17	7	1	4057	-241	29	134372	11	6	10	0	0	0	0	0	0	0	0	0	0	0	0	0	0	
2240.658717	8	6	3	0	17	7	1	4054	-243	29	134432	11	6	10	0	0	0	0	0	0	0	0	0	0	0	0	0	0	
2241.665283	8	6	3	0	17	7	1	4051	-247	29	134493	11	6	10	0	0	0	0	0	0	0	0	0	0	0	0	0	0	
2242.670400	8	6	3	0	17	7	1	4048	-245	28	134553	11	6	10	0	0	0	0	0	0	0	0	0	0	0	0	0	0	
2243.655367	8	6	3	0	17	7	1	4019	-241	28	134612	11	6	11	0	0	0	0	0	0	0	0	0	0	0	0	0	0	
2244.661917	8	6	3	0	17	7	1	4016	-244	28	134672	11	6	11	0	0	0	0	0	0	0	0	0	0	0	0	0	0	
2245.665600	8	6	3	0	17	7	1	4014	-247	29	134733	11	6	11	0	0	0	0	0	0	0	0	0	0	0	0	0	0	
2246.653433	8	6	3	0	17	7	1	4011	-243	29	134792	11	6	12	0	0	0	0	0	0	0	0	0	0	0	0	0	0	
2247.660000	8	6	3	0	17	7	1	4009	-240	29	134852	11	6	12	0	0	0	0	0	0	0	0	0	0	0	0	0	0	
2248.663683	8	6	3	0	17	7	1	4006	-243	29	134913	11	6	12	0	0	0	0	0	0	0	0	0	0	0	0	0	0	
2249.668800	8	6	3	0	17	7	1	4003	-240	28	134973	11	6	12	0	0	0	0	0	0	0	0	0	0	0	0	0	0	
2250.655200	8	6	3	0	17	7	1	4002	-244	29	135032	11	6	13	0	0	0	0	0	0	0	0	0	0	0	0	0	0	
2251.660317	8	6	3	0	17	7	1	3999	-247	28	135092	11	6	13	0	0	0	0	0	0	0	0	0	0	0	0	0	0	
2252.666883	8	6	3	0	17	7	1	3996	-243	29	135153	11	6	13	0	0	0	0	0	0	0	0	0	0	0	0	0	0	
2253.653283	8	6	3	0	17	7	1	3994	-243	29	135212	11	6	14	0	0	0	0	0	0	0	0	0	0	0	0	0	0	
2254.658400	8	6	3	0	17	7	1	3992	-247	29	135272	11	6	14	0	0	0	0	0	0	0	0	0	0	0	0	0	0	
2255.664967	8	6	3	0	17	7	1	3989	-246	28	135333	11	6	14	0	0	0	0	0	0	0	0	0	0	0	0	0	0	
2256.670083	8	6	3	0	17	7	1	3987	-243	29	135393	11	6	15	0	0	0	0	0	0	0	0	0	0	0	0	0	0	
2257.656483	8	6	3	0	17	7	1	3985	-242	29	135452	11	6	15	0	0	0	0	0	0	0	0	0	0	0	0	0	0	
2258.661600	8	6	3	0	17	7	1	3982	-243	28	135512	11	6	15	0	0	0	0	0	0	0	0	0	0	0	0	0	0	
2259.665283	8	6	3	0	17	7	1	3980	-249	29	135573	11	6	15	0	0	0	0	0	0	0	0	0	0	0	0	0	0	
2260.653117	8	6	3	0	17	7	1	4004	-245	29	135632	11	6	16	0	0	0	0	0	0	0	0	0	0	0	0	0	0	
2261.659683	8	6	3	0	17	7	1	4002	-244	29	135692	11	6	16	0	0	0	0	0	0	0	0	0	0	0	0	0	0	
2262.670567	8	6	3	0	17	7	1	3999	-239	28	135753	11	6	16	0	0	0	0	0	0	0	0	0	0	0	0	0	0	
2263.655517	8	6	3	0	17	7	1	3997	-246	29	135812	11	6	17	0	0	0	0	0	0	0	0	0	0	0	0	0	0	
2264.662083	8	6	3	0	17	7	1	3994	-240	28	135872	11	6	17	0	0	0	0	0	0	0	0	0	0	0	0	0	0	
2265.665767	8	6	3	0	17	7	1	3991	-244	29	135933	11	6	17	0	0	0	0	0	0	0	0	0	0	0	0	0	0	
2266.672317	8	6	3	0	17	7	1	3989	-243	29	135993	11	6	17	0	0	0	0	0	0	0	0	0	0	0	0	0	0	
2267.658717	8	6	3	0	17	7	1	3986	-246	28	136052	11	6	18	0	0	0	0	0	0	0	0	0	0	0	0	0	0	
2268.663833	8	6	3	0	17	7	1	3983	-247	29	136112	11	6	18	0	0	0	0	0	0	0	0	0	0	0	0	0	0	
2269.668967	8	6	3	0	17	7	1	3981	-244	28	136173	11	6	18	0	0	0	0	0	0	0	0	0	0	0	0	0	0	
2270.655367	8	6	3	0	17	7	1	3978	-244	29	136232	11	6	19	0	0	0	0	0	0	0	0	0	0	0	0	0	0	
2271.660483	8	6	3	0	17	7	1	3976	-241	29	136292	11	6	19	0	0	0	0	0	0	0	0	0	0	0	0	0	0	
2272.667033	8	6	3	0	17	7	1	3973	-238	29	136353	11	6	19	0	0	0	0	0	0	0	0	0	0	0	0	0	0	
2273.670717	8	6	3	0	17	7	1	3971	-246	29	136413	11	6	20	0	0	0	0	0	0	0	0	0	0	0	0	0	0	
2274.658567	8	6	3	0	17	7	1	3968	-248	29	136472	11	6	20	0	0	0	0	0	0	0	0	0	0	0	0	0	0	
2275.663683	8	6	3	0	17	7	1	3965	-243	29	136532	11	6	20	0	0	0	0	0	0	0	0	0	0	0	0	0	0	
2276.668800	8	6	3	0	17	7	1	3962	-244	29	136593	11	6	20	0	0	0	0	0	0	0	0	0	0	0	0	0	0	
2277.660967	8	6	3	0	17	7	1	3934	-246	29	136652	11	6	21	0	0	0	0	0	0	0	0	0	0	0	0	0	0	
2278.664633	8	6	3	0	17	7	1	3931	-244	29	136713	11	6	21	0	0	0	0	0	0	0	0	0	0	0	0	0	0	
2279.671200	8	6	3	0	17	7	1	3929	-240	29	136773	11	6	21	0	0	0	0	0	0	0	0	0	0	0	0	0	0	
2280.657600	8	6	3	0	17	7	1	3927	-243	29	136832	11	6	22	0	0	0	0	0	0	0	0	0	0	0	0	0	0	
2281.662717	8	6	3	0	17	7	1	3925	-245	29	136892	11	6	22	0	0	0	0	0	0	0	0	0	0	0	0	0	0	
2282.667833	8	6	3	0	17	7	1	3923	-246	29	136953	11	6	22	0	0	0	0	0	0	0	0	0	0	0	0	0	0	
2283.654233	8	6	3	0	17	7	1	3921	-243	28	137012	11	6	22	0	0	0	0	0	0	0	0	0	0	0	0	0	0	
2284.659367	8	6	3	0	17	7	1	3919	-247	29	137072	11	6	23	0	0	0	0	0	0	0	0	0	0	0	0	0	0	
2285.665917	8	6	3	0	17	7	1	3916	-245	29	137132	11	6	23	0	0	0	0	0	0	0	0	0	0	0	0	0	0	
2286.671033	8	6	3	0	17	7	1	3914	-248	29	137193	11	6	23	0	0	0	0	0	0	0	0	0	0	0	0	0	0	
2287.657433	8	6	3	0	17	7	1	3912	-242	28	137252	11	6	24	0	0	0	0	0	0	0	0	0	0	0	0	0	0	
2288.662567	8	6	3	0	17	7	1	3910	-241	29	137312	11	6	24	0	0	0	0	0	0	0	0	0	0	0	0	0	0	
2289.667683	8	6	3	0	17	7	1	3908	-244	29	137373	11	6	24	0	0	0	0	0	0	0	0	0	0	0	0	0	0	
2290.672800	8	6	3	0	17	7	1	3906	-245	29	137433	11	6	25	0	0	0	0	0	0	0	0	0	0	0	0	0	0	
2291.660633	8	6	3	0	17	7	1	3904	-247	29	137492	11	6	25	0	0	0	0	0	0	0	0	0	0	0	0	0	0	
2292.664317	8	6	3	0	17	7	1	3902	-245	29	137552	11	6	25	0	0	0	0	0	0	0	0	0	0	0	0	0	0	
2293.670883	8	6	3	0	17	7	1	3902	-247	29	137613	11	6	25	0	0	0	0	0	0	0	0	0	0	0	0	0	0	
2294.655833	8	6	3	0	17	7	1	3924	-240	28	137672	11	6	26	0	0	0	0	0	0	0	0	0	0	0	0	0	0	
2295.662400	8	6	3	0	17	7	1	3922	-241	29	137732	11	6	26	0	0	0	0	0	0	0	0	0	0	0	0	0	0	
2296.667517	8	6	3	0	17	7	1	3919	-248	29	137793	11	6	26	0	0	0	0	0	0	0	0	0	0	0	0	0	0	
2297.672633	8	6	3	0	17	7	1	3917	-245	28	137853	11	6	27	0	0	0	0	0	0	0	0	0	0	0	0	0	0	
2298.660483	8	6	3	0	17	7	1	3915	-245	28	137912	11	6	27	0	0	0	0	0	0	0	0	0	0	0	0	0	0	
2299.664167	8	6	3	0	17	7	1	3912	-242	29	137972	11	6	27	0	0	0	0	0	0	0	0	0	0	0	0	0	0	
2300.669283	8	6	3	0	17	7	1	3910	-240	29	138033	11	6	27	0	0	0	0	0	0	0	0	0	0	0	0	0	0	
2301.657117	8	6	3	0	17	7	1	3907	-240	29	138092	11	6	28	0	0	0	0	0	0	0	0	0	0	0	0	0	0	
2302.660800	8	6	3	0	17	7	1	3905	-245	29	138152	11	6	28	0	0	0	0	0	0	0	0	0	0	0	0	0	0	
2303.667367	8	6	3	0	17	7	1	3902	-243	28	138212	11	6	28	0	0	0	0	0	0	0	0	0	0	0	0	0	0	
2304.672483	8	6	3	0	17	7	1	3900	-245	29	138273	11	6	29	0	0	0	0	0	0	0	0	0	0	0	0	0	0	
2305.658883	8	6	3	0	17	7	1	3897	-247	29	138332	11	6	29	0	0	0	0	0	0	0	0	0	0	0	0	0	0	
2306.665433	8	6	3	0	17	7	1	3895	-242	29	138392	11	6	29	0	0	0	0	0	0	0	0	0	0	0	0	0	0	
2307.669117	8	6	3	0	17	7	1	3892	-250	29	138453	11	6	30	0	0	0	0	0	0	0	0	0	0	0	0	0	0	
2308.674233	8	6	3	0	17	7	1	3890	-245	29	138513	11	6	30	0	0	0	0	0	0	0	0	0	0	0	0	0	0	
2309.662083	8	6	3	0	17	7	1	3879	-247	29	138572	11	6	30	0	0	0	0	0	0	0	0	0	0	0	0	0	0	
2310.665767	8	6	3	0	17	7	1	3864	-241	29	138632	11	6	30	0	0	0	0	0	0	0	0	0	0	0	0	0	0	
2311.672317	8	6	3	0	17	7	1	3856	-242	29	138693	11	6	31	0	0	0	0	0	0	0	0	0	0	0	0	0	0	
2312.658717	8	6	3	0	17	7	1	3853	-246	29	138752	11	6	31	0	0	0	0	0	0	0	0	0	0	0	0	0	0	
2313.663833	8	6	3	0	17	7	1	3851	-243	29	138812	11	6	31	0	0	0	0	0	0	0	0	0	0	0	0	0	0	
2314.670400	8	6	3	0	17	7	1	3848	-241	29	138873	11	6	32	0	0	0	0	0	0	0	0	0	0	0	0	0	0	
2315.674083	8	6	3	0	17	7	1	3846	-247	29	138933	11	6	32	0	0	0	0	0	0	0	0	0	0	0	0	0	0	
2316.661917	8	6	3	0	17	7	1	3844	-247	29	138992	11	6	32	0	0	0	0	0	0	0	0	0	0	0	0	0	0	
2317.667033	8	6	3	0	17	7	1	3842	-244	29	139052	11	6	32	0	0	0	0	0	0	0	0	0	0	0	0	0	0	
2318.670717	8	6	3	0	17	7	1	3840	-246	28	139113	11	6	33	0	0	0	0	0	0	0	0	0	0	0	0	0	0	
2319.658567	8	6	3	0	17	7	1	3838	-242	29	139172	11	6	33	0	0	0	0	0	0	0	0	0	0	0	0	0	0	
2320.663683	8	6	3	0	17	7	1	3835	-242	29	139232	11	6	33	0	0	0	0	0	0	0	0	0	0	0	0	0	0	
2321.668800	8	6	3	0	17	7	1	3833	-244	29	139293	11	6	34	0	0	0	0	0	0	0	0	0	0	0	0	0	0	
2322.675367	8	6	3	0	17	7	1	3831	-242	29	139353	11	6	34	0	0	0	0	0	0	0	0	0	0	0	0	0	0	
2323.660317	8	6	3	0	17	7	1	3830	-247	29	139412	11	6	34	0	0	0	0	0	0	0	0	0	0	0	0	0	0	
2324.666883	8	6	3	0	17	7	1	3828	-239	29	139472	11	6	35	0	0	0	0	0	0	0	0	0	0	0	0	0	0	
2325.672000	8	6	3	0	17	7	1	3826	-246	29	139533	11	6	35	0	0	0	0	0	0	0	0	0	0	0	0	0	0	
2326.658400	8	6	3	0	17	7	1	3850	-240	28	139592	11	6	35	0	0	0	0	0	0	0	0	0	0	0	0	0	0	
2327.663517	8	6	3	0	17	7	1	3848	-246	29	139652	11	6	35	0	0	0	0	0	0	0	0	0	0	0	0	0	0	
2328.668633	8	6	3	0	17	7	1	3846	-245	29	139712	11	6	36	0	0	0	0	0	0	0	0	0	0	0	0	0	0	
2329.673767	8	6	3	0	17	7	1	3845	-243	29	139773	11	6	36	0	0	0	0	0	0	0	0	0	0	0	0	0	0	
2330.660167	8	6	3	0	17	7	1	3843	-248	29	139832	11	6	36	0	0	0	0	0	0	0	0	0	0	0	0	0	0	
2331.665283	8	6	3	0	17	7	1	3841	-246	29	139892	11	6	37	0	0	0	0	0	0	0	0	0	0	0	0	0	0	
2332.671833	8	6	3	0	17	7	1	3839	-247	29	139953	11	6	37	0	0	0	0	0	0	0	0	0	0	0	0	0	0	
2333.675517	8	6	3	0	17	7	1	3837	-249	29	140013	11	6	37	0	0	0	0	0	0	0	0	0	0	0	0	0	0	
2334.663367	8	6	3	0	17	7	1	3835	-247	29	140072	11	6	38	0	0	0	0	0	0	0	0	0	0	0	0	0	0	
2335.668483	8	6	3	0	17	7	1	3833	-241	29	140132	11	6	38	0	0	0	0	0	0	0	0	0	0	0	0	0	0	
2336.673600	8	6	3	0	17	7	1	3832	-246	29	140193	11	6	38	0	0	0	0	0	0	0	0	0	0	0	0	0	0	
2337.660000	8	6	3	0	17	7	1	3829	-243	29	140252	11	6	38	0	0	0	0	0	0	0	0	0	0	0	0	0	0	
2338.665117	8	6	3	0	17	7	1	3828	-240	29	140312	11	6	39	0	0	0	0	0	0	0	0	0	0	0	0	0	0	
2339.670233	8	6	3	0	17	7	1	3826	-238	29	140373	11	6	39	0	0	0	0	0	0	0	0	0	0	0	0	0	0	
2340.676800	8	6	3	0	17	7	1	3825	-247	29	140433	11	6	39	0	0	0	0	0	0	0	0	0	0	0	0	0	0	
2341.661767	8	6	3	0	17	7	1	3823	-244	28	140492	11	6	40	0	0	0	0	0	0	0	0	0	0	0	0	0	0	
2342.668317	8	6	3	0	17	7	1	3821	-244	29	140552	11	6	40	0	0	0	0	0	0	0	0	0	0	0	0	0	0	
2343.672000	8	6	3	0	17	7	1	3818	-244	29	140613	11	6	40	0	0	0	0	0	0	0	0	0	0	0	0	0	0	
2344.659833	8	6	3	0	17	7	1	3792	-245	29	140672	11	6	40	0	0	0	0	0	0	0	0	0	0	0	0	0	0	
2345.664967	8	6	3	0	17	7	1	3791	-243	29	140732	11	6	41	0	0	0	0	0	0	0	0	0	0	0	0	0	0	
2346.670083	8	6	3	0	17	7	1	3789	-246	29	140792	11	6	41	0	0	0	0	0	0	0	0	0	0	0	0	0	0	
2347.675200	8	6	3	0	17	7	1	3788	-245	29	140853	11	6	41	0	0	0	0	0	0	0	0	0	0	0	0	0	0	
2348.663033	8	6	3	0	17	7	1	3786	-240	29	140912	11	6	42	0	0	0	0	0	0	0	0	0	0	0	0	0	0	
2349.666717	8	6	3	0	17	7	1	3785	-245	29	140972	11	6	42	0	0	0	0	0	0	0	0	0	0	0	0	0	0	
2350.673283	8	6	3	0	17	7	1	3784	-246	29	141033	11	6	42	0	0	0	0	0	0	0	0	0	0	0	0	0	0	
2351.678400	8	6	3	0	17	7	1	3783	-245	29	141093	11	6	43	0	0	0	0	0	0	0	0	0	0	0	0	0	0	
2352.664800	8	6	3	0	17	7	1	3781	-244	29	141152	11	6	43	0	0	0	0	0	0	0	0	0	0	0	0	0	0	
2353.669917	8	6	3	0	17	7	1	3780	-240	29	141212	11	6	43	0	0	0	0	0	0	0	0	0	0	0	0	0	0	
2354.675033	8	6	3	0	17	7	1	3779	-247	29	141273	11	6	43	0	0	0	0	0	0	0	0	0	0	0	0	0	0	
2355.661433	8	6	3	0	17	7	1	3778	-242	29	141332	11	6	44	0	0	0	0	0	0	0	0	0	0	0	0	0	0	
2356.666567	8	6	3	0	17	7	1	3776	-246	29	141392	11	6	44	0	0	0	0	0	0	0	0	0	0	0	0	0	0	
2357.671683	8	6	3	0	17	7	1	3775	-246	29	141453	11	6	44	0	0	0	0	0	0	0	0	0	0	0	0	0	0	
2358.678233	8	6	3	0	17	7	1	3774	-241	29	141513	11	6	45	0	0	0	0	0	0	0	0	0	0	0	0	0	0	
2359.663200	8	6	3	0	17	7	1	3782	-246	29	141572	11	6	45	0	0	0	0	0	0	0	0	0	0	0	0	0	0	
2360.669767	8	6	3	0	17	7	1	3792	-242	29	141632	11	6	45	0	0	0	0	0	0	0	0	0	0	0	0	0	0	
2361.674883	8	6	3	0	17	7	1	3797	-244	29	141693	11	6	45	0	0	0	0	0	0	0	0	0	0	0	0	0	0	
2362.661283	8	6	3	0	17	7	1	3795	-244	28	141752	11	6	46	0	0	0	0	0	0	0	0	0	0	0	0	0	0	
2363.666400	8	6	3	0	17	7	1	3794	-242	29	141812	11	6	46	0	0	0	0	0	0	0	0	0	0	0	0	0	0	
2364.672967	8	6	3	0	17	7	1	3793	-243	29	141872	11	6	46	0	0	0	0	0	0	0	0	0	0	0	0	0	0	
2365.676633	8	6	3	0	17	7	1	3791	-245	29	141933	11	6	47	0	0	0	0	0	0	0	0	0	0	0	0	0	0	
2366.664483	8	6	3	0	17	7	1	3790	-247	29	141992	11	6	47	0	0	0	0	0	0	0	0	0	0	0	0	0	0	
2367.668167	8	6	3	0	17	7	1	3789	-240	29	142052	11	6	47	0	0	0	0	0	0	0	0	0	0	0	0	0	0	
2368.674717	8	6	3	0	17	7	1	3787	-242	29	142113	11	6	48	0	0	0	0	0	0	0	0	0	0	0	0	0	0	
2369.679833	8	6	3	0	17	7	1	3786	-243	29	142173	11	6	48	0	0	0	0	0	0	0	0	0	0	0	0	0	0	
2370.666233	8	6	3	0	17	7	1	3784	-240	29	142232	11	6	48	0	0	0	0	0	0	0	0	0	0	0	0	0	0	
2371.671367	8	6	3	0	17	7	1	3783	-243	29	142292	11	6	48	0	0	0	0	0	0	0	0	0	0	0	0	0	0	
2372.676483	8	6	3	0	17	7	1	3782	-238	29	142353	11	6	49	0	0	0	0	0	0	0	0	0	0	0	0	0	0	
2373.662883	8	6	3	0	17	7	1	3781	-244	29	142412	11	6	49	0	0	0	0	0	0	0	0	0	0	0	0	0	0	
2374.668000	8	6	3	0	17	7	1	3780	-243	29	142472	11	6	49	0	0	0	0	0	0	0	0	0	0	0	0	0	0	
2375.673117	8	6	3	0	17	7	1	3778	-243	29	142533	11	6	50	0	0	0	0	0	0	0	0	0	0	0	0	0	0	
2376.679683	8	6	3	0	17	7	1	3777	-239	29	142593	11	6	50	0	0	0	0	0	0	0	0	0	0	0	0	0	0	
2377.664633	8	6	3	0	17	7	1	3749	-243	29	142652	11	6	50	0	0	0	0	0	0	0	0	0	0	0	0	0	0	
2378.671200	8	6	3	0	17	7	1	3748	-247	29	142712	11	6	50	0	0	0	0	0	0	0	0	0	0	0	0	0	0	
2379.676317	8	6	3	0	17	7	1	3747	-244	29	142773	11	6	51	0	0	0	0	0	0	0	0	0	0	0	0	0	0	
2380.662717	8	6	3	0	17	7	1	3746	-240	29	142832	11	6	51	0	0	0	0	0	0	0	0	0	0	0	0	0	0	
2381.667833	8	6	3	0	17	7	1	3745	-243	29	142892	11	6	51	0	0	0	0	0	0	0	0	0	0	0	0	0	0	
2382.672967	8	6	3	0	17	7	1	3744	-243	29	142952	11	6	52	0	0	0	0	0	0	0	0	0	0	0	0	0	0	
2383.678083	8	6	3	0	17	7	1	3743	-247	29	143013	11	6	52	0	0	0	0	0	0	0	0	0	0	0	0	0	0	
2384.664483	8	6	3	0	17	7	1	3742	-244	29	143072	11	6	52	0	0	0	0	0	0	0	0	0	0	0	0	0	0	
2385.669600	8	6	3	0	17	7	1	3741	-241	29	143132	11	6	53	0	0	0	0	0	0	0	0	0	0	0	0	0	0	
2386.676167	8	6	3	0	17	7	1	3740	-241	29	143193	11	6	53	0	0	0	0	0	0	0	0	0	0	0	0	0	0	
2387.681283	8	6	3	0	17	7	1	3739	-247	29	143253	11	6	53	0	0	0	0	0	0	0	0	0	0	0	0	0	0	
2388.667683	8	6	3	0	17	7	1	3738	-244	29	143312	11	6	53	0	0	0	0	0	0	0	0	0	0	0	0	0	0	
2389.672800	8	6	3	0	17	7	1	3737	-244	29	143372	11	6	54	0	0	0	0	0	0	0	0	0	0	0	0	0	0	
2390.677917	8	6	3	0	17	7	1	3737	-246	29	143433	11	6	54	0	0	0	0	0	0	0	0	0	0	0	0	0	0	
2391.664317	8	6	3	0	17	7	1	3736	-250	29	143492	11	6	54	0	0	0	0	0	0	0	0	0	0	0	0	0	0	
2392.669433	8	6	3	0	17	7	1	3735	-243	29	143552	11	6	55	0	0	0	0	0	0	0	0	0	0	0	0	0	0	
2393.674567	8	6	3	0	17	7	1	3737	-244	29	143613	11	6	55	0	0	0	0	0	0	0	0	0	0	0	0	0	0	
2394.681117	8	6	3	0	17	7	1	3747	-246	29	143673	11	6	55	0	0	0	0	0	0	0	0	0	0	0	0	0	0	
2395.666083	8	6	3	0	17	7	1	3759	-243	29	143732	11	6	56	0	0	0	0	0	0	0	0	0	0	0	0	0	0	
2396.672633	8	6	3	0	17	7	1	3757	-242	29	143792	11	6	56	0	0	0	0	0	0	0	0	0	0	0	0	0	0	
2397.676317	8	6	3	0	17	7	1	3757	-242	29	143853	11	6	56	0	0	0	0	0	0	0	0	0	0	0	0	0	0	
2398.664167	8	6	3	0	17	7	1	3755	-246	29	143912	11	6	56	0	0	0	0	0	0	0	0	0	0	0	0	0	0	
2399.669283	8	6	3	0	17	7	1	3755	-248	29	143972	11	6	57	0	0	0	0	0	0	0	0	0	0	0	0	0	0	
2400.674400	8	6	3	0	17	7	1	3754	-248	29	144032	11	6	57	0	0	0	0	0	0	0	0	0	0	0	0	0	0	
2401.680967	8	6	3	0	17	7	1	3752	-245	29	144093	11	6	57	0	0	0	0	0	0	0	0	0	0	0	0	0	0	
2402.668800	8	6	3	0	17	7	1	3751	-245	29	144152	11	6	58	0	0	0	0	0	0	0	0	0	0	0	0	0	0	
2403.675367	8	6	3	0	17	7	1	3750	-241	29	144212	11	6	58	0	0	0	0	0	0	0	0	0	0	0	0	0	0	
2404.679033	8	6	3	0	17	7	1	3749	-243	29	144273	11	6	58	0	0	0	0	0	0	0	0	0	0	0	0	0	0	
2405.666883	8	6	3	0	17	7	1	3748	-242	29	144332	11	6	58	0	0	0	0	0	0	0	0	0	0	0	0	0	0	
2406.670567	8	6	3	0	17	7	1	3747	-243	29	144392	11	6	59	0	0	0	0	0	0	0	0	0	0	0	0	0	0	
2407.677117	8	6	3	0	17	7	1	3746	-244	29	144453	11	6	59	0	0	0	0	0	0	0	0	0	0	0	0	0	0	
2408.682233	8	6	3	0	17	7	1	3745	-239	29	144513	11	6	59	0	0	0	0	0	0	0	0	0	0	0	0	0	0	
2409.668633	8	6	3	0	17	7	1	3740	-243	29	144572	11	6	60	0	0	0	0	0	0	0	0	0	0	0	0	0	0	
2410.673767	8	6	3	0	17	7	1	3727	-245	29	144632	11	6	60	0	0	0	0	0	0	0	0	0	0	0	0	0	0	
2411.677433	8	6	3	0	17	7	1	3716	-246	29	144693	11	6	60	0	0	0	0	0	0	0	0	0	0	0	0	0	0	
2412.665283	8	6	3	0	17	7	1	3715	-245	29	144752	11	6	61	0	0	0	0	0	0	0	0	0	0	0	0	0	0	
2413.670400	8	6	3	0	17	7	1	3714	-243	29	144812	11	6	61	0	0	0	0	0	0	0	0	0	0	0	0	0	0	
2414.675517	8	6	3	0	17	7	1	3713	-244	29	144873	11	6	61	0	0	0	0	0	0	0	0	0	0	0	0	0	0	
2415.682083	8	6	3	0	17	7	1	3712	-241	29	144933	11	6	61	0	0	0	0	0	0	0	0	0	0	0	0	0	0	
2416.668483	8	6	3	0	17	7	1	3711	-239	29	144992	11	6	62	0	0	0	0	0	0	0	0	0	0	0	0	0	0	
2417.675033	8	6	3	0	17	7	1	3711	-246	29	145052	11	6	62	0	0	0	0	0	0	0	0	0	0	0	0	0	0	
2418.680167	8	6	3	0	17	7	1	3710	-240	29	145113	11	6	62	0	0	0	0	0	0	0	0	0	0	0	0	0	0	
2419.666567	8	6	3	0	17	7	1	3709	-243	29	145172	11	6	63	0	0	0	0	0	0	0	0	0	0	0	0	0	0	
2420.671683	8	6	3	0	17	7	1	3709	-244	29	145232	11	6	63	0	0	0	0	0	0	0	0	0	0	0	0	0	0	
2421.676800	8	6	3	0	17	7	1	3708	-243	29	145293	11	6	63	0	0	0	0	0	0	0	0	0	0	0	0	0	0	
2422.681917	8	6	3	0	17	7	1	3707	-246	29	145353	11	6	63	0	0	0	0	0	0	0	0	0	0	0	0	0	0	
2423.669767	8	6	3	0	17	7	1	3706	-243	29	145412	11	6	64	0	0	0	0	0	0	0	0	0	0	0	0	0	0	
2424.673433	8	6	3	0	17	7	1	3705	-252	29	145472	11	6	64	0	0	0	0	0	0	0	0	0	0	0	0	0	0	
2425.680000	8	6	3	0	17	7	1	3705	-244	29	145533	11	6	64	0	0	0	0	0	0	0	0	0	0	0	0	0	0	
2426.664967	8	6	3	0	17	7	1	3724	-245	29	145592	11	6	65	0	0	0	0	0	0	0	0	0	0	0	0	0	0	
2427.671517	8	6	3	0	17	7	1	3730	-245	29	145652	11	6	65	0	0	0	0	0	0	0	0	0	0	0	0	0	0	
2428.676633	8	6	3	0	17	7	1	3729	-247	29	145712	11	6	65	0	0	0	0	0	0	0	0	0	0	0	0	0	0	
2429.681767	8	6	3	0	17	7	1	3728	-241	29	145773	11	6	66	0	0	0	0	0	0	0	0	0	0	0	0	0	0	
2430.668167	8	6	3	0	17	7	1	3726	-246	29	145832	11	6	66	0	0	0	0	0	0	0	0	0	0	0	0	0	0	
2431.674717	8	6	3	0	17	7	1	3725	-243	29	145892	11	6	66	0	0	0	0	0	0	0	0	0	0	0	0	0	0	
2432.678400	8	6	3	0	17	7	1	3725	-248	29	145953	11	6	66	0	0	0	0	0	0	0	0	0	0	0	0	0	0	
2433.684967	8	6	3	0	17	7	1	3723	-249	29	146013	11	6	67	0	0	0	0	0	0	0	0	0	0	0	0	0	0	
2434.669917	8	6	3	0	17	7	1	3722	-246	29	146072	11	6	67	0	0	0	0	0	0	0	0	0	0	0	0	0	0	
2435.676483	8	6	3	0	17	7	1	3721	-243	29	146132	11	6	67	0	0	0	0	0	0	0	0	0	0	0	0	0	0	
2436.681600	8	6	3	0	17	7	1	3720	-246	29	146193	11	6	68	0	0	0	0	0	0	0	0	0	0	0	0	0	0	
2437.668000	8	6	3	0	17	7	1	3719	-245	29	146252	11	6	68	0	0	0	0	0	0	0	0	0	0	0	0	0	0	
2438.673117	8	6	3	0	17	7	1	3718	-243	29	146312	11	6	68	0	0	0	0	0	0	0	0	0	0	0	0	0	0	
2439.678233	8	6	3	0	17	7	1	3717	-247	29	146373	11	6	69	0	0	0	0	0	0	0	0	0	0	0	0	0	0	
2440.683367	8	6	3	0	17	7	1	3715	-244	29	146433	11	6	69	0	0	0	0	0	0	0	0	0	0	0	0	0	0	
2441.671200	8	6	3	0	17	7	1	3714	-247	29	146492	11	6	69	0	0	0	0	0	0	0	0	0	0	0	0	0	0	
2442.674883	8	6	3	0	17	7	1	3713	-243	29	146552	11	6	69	0	0	0	0	0	0	0	0	0	0	0	0	0	0	
2443.681433	8	6	3	0	17	7	1	3712	-243	29	146613	11	6	70	0	0	0	0	0	0	0	0	0	0	0	0	0	0	
2444.666400	8	6	3	0	17	7	1	3684	-242	29	146672	11	6	70	0	0	0	0	0	0	0	0	0	0	0	0	0	0	
2445.672967	8	6	3	0	17	7	1	3683	-246	29	146732	11	6	70	0	0	0	0	0	0	0	0	0	0	0	0	0	0	
2446.678083	8	6	3	0	17	7	1	3682	-245	29	146793	11	6	71	0	0	0	0	0	0	0	0	0	0	0	0	0	0	
2447.683200	8	6	3	0	17	7	1	3681	-241	29	146853	11	6	71	0	0	0	0	0	0	0	0	0	0	0	0	0	0	
2448.669600	8	6	3	0	17	7	1	3680	-243	29	146912	11	6	71	0	0	0	0	0	0	0	0	0	0	0	0	0	0	
2449.676167	8	6	3	0	17	7	1	3679	-245	29	146972	11	6	72	0	0	0	0	0	0	0	0	0	0	0	0	0	0	
2450.679833	8	6	3	0	17	7	1	3678	-244	29	147033	11	6	72	0	0	0	0	0	0	0	0	0	0	0	0	0	0	
2451.686400	8	6	3	0	17	7	1	3677	-247	29	147093	11	6	72	0	0	0	0	0	0	0	0	0	0	0	0	0	0	
2452.671367	8	6	3	0	17	7	1	3676	-244	29	147152	11	6	72	0	0	0	0	0	0	0	0	0	0	0	0	0	0	
2453.677917	8	6	3	0	17	7	1	3675	-246	29	147212	11	6	73	0	0	0	0	0	0	0	0	0	0	0	0	0	0	
2454.683033	8	6	3	0	17	7	1	3674	-244	29	147273	11	6	73	0	0	0	0	0	0	0	0	0	0	0	0	0	0	
2455.669433	8	6	3	0	17	7	1	3673	-246	29	147332	11	6	73	0	0	0	0	0	0	0	0	0	0	0	0	0	0	
2456.674567	8	6	3	0	17	7	1	3672	-246	29	147392	11	6	74	0	0	0	0	0	0	0	0	0	0	0	0	0	0	
2457.681117	8	6	3	0	17	7	1	3670	-245	29	147453	11	6	74	0	0	0	0	0	0	0	0	0	0	0	0	0	0	
2458.684800	8	6	3	0	17	7	1	3669	-247	29	147513	11	6	74	0	0	0	0	0	0	0	0	0	0	0	0	0	0	
2459.672633	8	6	3	0	17	7	1	3669	-244	29	147572	11	6	74	0	0	0	0	0	0	0	0	0	0	0	0	0	0	
2460.676317	8	6	3	0	17	7	1	3679	-242	29	147632	11	6	75	0	0	0	0	0	0	0	0	0	0	0	0	0	0	
2461.682883	8	6	3	0	17	7	1	3690	-244	29	147693	11	6	75	0	0	0	0	0	0	0	0	0	0	0	0	0	0	
2462.667833	8	6	3	0	17	7	1	3690	-245	29	147752	11	6	75	0	0	0	0	0	0	0	0	0	0	0	0	0	0	
2463.674400	8	6	3	0	17	7	1	3689	-245	29	147812	11	6	76	0	0	0	0	0	0	0	0	0	0	0	0	0	0	
2464.679517	8	6	3	0	17	7	1	3688	-249	29	147873	11	6	76	0	0	0	0	0	0	0	0	0	0	0	0	0	0	
2465.686083	8	6	3	0	17	7	1	3686	-248	29	147933	11	6	76	0	0	0	0	0	0	0	0	0	0	0	0	0	0	
2466.672483	8	6	3	0	17	7	1	3684	-242	29	147992	11	6	77	0	0	0	0	0	0	0	0	0	0	0	0	0	0	
2467.677600	8	6	3	0	17	7	1	3682	-244	29	148052	11	6	77	0	0	0	0	0	0	0	0	0	0	0	0	0	0	
2468.682717	8	6	3	0	17	7	1	3681	-239	29	148113	11	6	77	0	0	0	0	0	0	0	0	0	0	0	0	0	0	
2469.669117	8	6	3	0	17	7	1	3679	-240	29	148172	11	6	77	0	0	0	0	0	0	0	0	0	0	0	0	0	0	
2470.672800	8	6	3	0	17	7	1	3677	-245	29	148232	11	6	78	0	0	0	0	0	0	0	0	0	0	0	0	0	0	
2471.679367	8	6	3	0	17	7	1	3675	-246	29	148292	11	6	78	0	0	0	0	0	0	0	0	0	0	0	0	0	0	
2472.684483	8	6	3	0	17	7	1	3674	-242	29	148353	11	6	78	0	0	0	0	0	0	0	0	0	0	0	0	0	0	
2473.670883	8	6	3	0	17	7	1	3671	-246	29	148412	11	6	79	0	0	0	0	0	0	0	0	0	0	0	0	0	0	
2474.677433	8	6	3	0	17	7	1	3670	-241	29	148472	11	6	79	0	0	0	0	0	0	0	0	0	0	0	0	0	0	
2475.682567	8	6	3	0	17	7	1	3668	-245	29	148533	11	6	79	0	0	0	0	0	0	0	0	0	0	0	0	0	0	
2476.686233	8	6	3	0	17	7	1	3666	-246	29	148593	11	6	79	0	0	0	0	0	0	0	0	0	0	0	0	0	0	
2477.674083	8	6	3	0	17	7	1	3637	-242	29	148652	11	6	80	0	0	0	0	0	0	0	0	0	0	0	0	0	0	
2478.677767	8	6	3	0	17	7	1	3636	-245	29	148712	11	6	80	0	0	0	0	0	0	0	0	0	0	0	0	0	0	
2479.684317	8	6	3	0	17	7	1	3635	-244	29	148773	11	6	80	0	0	0	0	0	0	0	0	0	0	0	0	0	0	
2480.672167	8	6	3	0	17	7	1	3633	-240	29	148832	11	6	81	0	0	0	0	0	0	0	0	0	0	0	0	0	0	
2481.675833	8	6	3	0	17	7	1	3632	-245	29	148892	11	6	81	0	0	0	0	0	0	0	0	0	0	0	0	0	0	
2482.682400	8	6	3	0	17	7	1	3631	-240	29	148953	11	6	81	0	0	0	0	0	0	0	0	0	0	0	0	0	0	
2483.687517	8	6	3	0	17	7	1	3630	-249	29	149013	11	6	82	0	0	0	0	0	0	0	0	0	0	0	0	0	0	
2484.673917	8	6	3	0	17	7	1	3629	-244	29	149072	11	6	82	0	0	0	0	0	0	0	0	0	0	0	0	0	0	
2485.679033	8	6	3	0	17	7	1	3629	-241	29	149132	11	6	82	0	0	0	0	0	0	0	0	0	0	0	0	0	0	
2486.685600	8	6	3	0	17	7	1	3628	-245	29	149193	11	6	82	0	0	0	0	0	0	0	0	0	0	0	0	0	0	
2487.670567	8	6	3	0	17	7	1	3627	-247	29	149252	11	6	83	0	0	0	0	0	0	0	0	0	0	0	0	0	0	
2488.677117	8	6	3	0	17	7	1	3627	-245	29	149312	11	6	83	0	0	0	0	0	0	0	0	0	0	0	0	0	0	
2489.680800	8	6	3	0	17	7	1	3626	-245	29	149372	11	6	83	0	0	0	0	0	0	0	0	0	0	0	0	0	0	
2490.687367	8	6	3	0	17	7	1	3625	-245	29	149433	11	6	84	0	0	0	0	0	0	0	0	0	0	0	0	0	0	
2491.673767	8	6	3	0	17	7	1	3625	-239	29	149492	11	6	84	0	0	0	0	0	0	0	0	0	0	0	0	0	0	
2492.678883	8	6	3	0	17	7	1	3625	-246	29	149552	11	6	84	0	0	0	0	0	0	0	0	0	0	0	0	0	0	
2493.684000	8	6	3	0	17	7	1	3624	-243	29	149613	11	6	84	0	0	0	0	0	0	0	0	0	0	0	0	0	0	
2494.670400	8	6	3	0	17	7	1	3650	-242	29	149672	11	6	85	0	0	0	0	0	0	0	0	0	0	0	0	0	0	
2495.675517	8	6	3	0	17	7	1	3649	-241	29	149732	11	6	85	0	0	0	0	0	0	0	0	0	0	0	0	0	0	
2496.682083	8	6	3	0	17	7	1	3648	-246	29	149792	11	6	85	0	0	0	0	0	0	0	0	0	0	0	0	0	0	
2497.685767	8	6	3	0	17	7	1	3647	-240	29	149853	11	6	86	0	0	0	0	0	0	0	0	0	0	0	0	0	0	
2498.673600	8	6	3	0	17	7	1	3645	-249	29	149912	11	6	86	0	0	0	0	0	0	0	0	0	0	0	0	0	0	
2499.678717	8	6	3	0	17	7	1	3644	-244	29	149972	11	6	86	0	0	0	0	0	0	0	0	0	0	0	0	0	0	
2500.683833	8	6	3	0	17	7	1	3643	-244	29	150033	11	6	87	0	0	0	0	0	0	0	0	0	0	0	0	0	0	
2501.688967	8	6	3	0	17	7	1	3642	-245	29	150093	11	6	87	0	0	0	0	0	0	0	0	0	0	0	0	0	0	
2502.676800	8	6	3	0	17	7	1	3640	-247	29	150152	11	6	87	0	0	0	0	0	0	0	0	0	0	0	0	0	0	
2503.680483	8	6	3	0	17	7	1	3639	-240	29	150212	11	6	87	0	0	0	0	0	0	0	0	0	0	0	0	0	0	
2504.687033	8	6	3	0	17	7	1	3637	-245	29	150273	11	6	88	0	0	0	0	0	0	0	0	0	0	0	0	0	0	
2505.672000	8	6	3	0	17	7	1	3635	-248	29	150332	11	6	88	0	0	0	0	0	0	0	0	0	0	0	0	0	0	
2506.678567	8	6	3	0	17	7	1	3632	-244	29	150392	11	6	88	0	0	0	0	0	0	0	0	0	0	0	0	0	0	
2507.683683	8	6	3	0	17	7	1	3630	-247	29	150453	11	6	89	0	0	0	0	0	0	0	0	0	0	0	0	0	0	
2508.690233	8	6	3	0	17	7	1	3627	-242	29	150513	11	6	89	0	0	0	0	0	0	0	0	0	0	0	0	0	0	
2509.675200	8	6	3	0	17	7	1	3623	-240	29	150572	11	6	89	0	0	0	0	0	0	0	0	0	0	0	0	0	0	
2510.681767	8	6	3	0	17	7	1	3609	-246	29	150632	11	6	90	0	0	0	0	0	0	0	0	0	0	0	0	0	0	
2511.685433	8	6	3	0	17	7	1	3592	-246	29	150693	11	6	90	0	0	0	0	0	0	0	0	0	0	0	0	0	0	
2512.673283	8	6	3	0	17	7	1	3582	-240	29	150752	11	6	90	0	0	0	0	0	0	0	0	0	0	0	0	0	0	
2513.678400	8	6	3	0	17	7	1	3576	-248	29	150812	11	6	90	0	0	0	0	0	0	0	0	0	0	0	0	0	0	
2514.683517	8	6	3	0	17	7	1	3569	-242	29	150873	11	6	91	0	0	0	0	0	0	0	0	0	0	0	0	0	0	
2515.688633	8	6	3	0	17	7	1	3561	-245	29	150933	11	6	91	0	0	0	0	0	0	0	0	0	0	0	0	0	0	
2516.677917	8	6	3	0	17	7	1	3553	-244	29	150992	11	6	91	0	0	0	0	0	0	0	0	0	0	0	0	0	0	
2517.685917	8	6	3	0	17	7	1	3542	-245	29	151053	11	6	92	0	0	0	0	0	0	0	0	0	0	0	0	0	0	
2518.673767	8	6	3	0	17	7	1	3531	-241	29	151112	11	6	92	0	0	0	0	0	0	0	0	0	0	0	0	0	0	
2519.677433	8	6	3	0	17	7	1	3517	-246	29	151172	11	6	92	0	0	0	0	0	0	0	0	0	0	0	0	0	0	
2520.682567	8	6	3	0	17	7	1	3502	-243	29	151232	11	6	92	0	0	0	0	0	0	0	0	0	0	0	0	0	0	
2521.689117	8	6	3	0	17	7	1	3485	-245	29	151293	11	6	93	0	0	0	0	0	0	0	0	0	0	0	0	0	0	
2522.674083	8	6	3	0	17	7	1	3467	-244	29	151352	11	6	93	0	0	0	0	0	0	0	0	0	0	0	0	0	0	
2523.680633	8	6	3	0	17	7	1	3447	-246	29	151412	11	6	93	0	0	0	0	0	0	0	0	0	0	0	0	0	0	
2524.684317	8	6	3	0	17	7	1	3424	-246	29	151473	11	6	94	0	0	0	0	0	0	0	0	0	0	0	0	0	0	
2525.690883	8	6	3	0	17	7	1	3399	-243	29	151533	11	6	94	0	0	0	0	0	0	0	0	0	0	0	0	0	0	
2526.675833	8	6	3	0	17	7	1	3376	-243	29	151592	11	6	94	0	0	0	0	0	0	0	0	0	0	0	0	0	0	
2527.686717	8	6	3	0	17	7	1	3344	-248	29	151653	11	6	95	0	0	0	0	0	0	0	0	0	0	0	0	0	0	
2528.673117	8	6	3	0	17	7	1	3332	-246	29	151712	11	6	95	0	0	0	0	0	0	0	0	0	0	0	0	0	0	
2529.678233	8	6	3	0	17	7	1	3288	-246	29	151772	11	6	95	0	0	0	0	0	0	0	0	0	0	0	0	0	0	
2530.684800	8	6	3	0	17	7	1	3235	-243	29	151833	11	6	95	0	0	0	0	0	0	0	0	0	0	0	0	0	0	
2531.689917	8	6	3	0	17	7	1	3166	-245	29	151893	11	6	96	0	0	0	0	0	0	0	0	0	0	0	0	0	0	
2532.676317	8	6	3	0	17	7	1	3034	-248	29	151952	11	6	96	0	0	0	0	0	0	0	0	0	0	0	0	0	0	
2533.682883	8	6	3	0	17	7	1	2785	-245	29	152012	11	6	96	0	0	0	0	0	0	0	0	0	0	0	0	0	0	
2533.890233	8	15	3	0	18	31	2	2732	58	29	152025	12	6	96	0	0	0	0	0	0	0	0	0	0	0	0	0	0	
2533.910400	8	4	3	0	18	3	2	2755	66	29	152026	12	6	96	0	0	0	0	0	0	0	0	0	0	0	0	0	0	
2534.689433	8	4	3	0	18	3	2	2934	67	29	152073	12	6	96	0	0	0	0	0	0	0	0	0	0	0	0	0	0	
2535.184800	8	3	3	0	18	2	2	3035	283	29	152103	13	6	96	0	0	0	0	0	0	0	0	0	0	0	0	0	0	
2535.685917	8	3	3	0	18	2	2	3347	675	29	152133	13	6	96	0	0	0	0	0	0	0	0	0	0	0	0	0	0	
2536.689600	8	3	3	0	18	2	2	3509	674	29	152193	13	6	96	0	0	0	0	0	0	0	0	0	0	0	0	0	0	
2537.676000	8	3	3	0	18	2	2	3600	675	29	152252	13	6	96	0	0	0	0	0	0	0	0	0	0	0	0	0	0	
2538.681117	8	3	3	0	18	2	2	3665	674	29	152312	13	6	96	0	0	0	0	0	0	0	0	0	0	0	0	0	0	
2539.677600	8	3	3	0	18	2	2	3715	674	29	152372	13	6	96	0	0	0	0	0	0	0	0	0	0	0	0	0	0	
2540.678400	8	3	3	0	18	2	2	3753	673	29	152432	13	6	96	0	0	0	0	0	0	0	0	0	0	0	0	0	0	
2541.692167	8	3	3	0	18	2	2	3782	675	29	152493	13	6	96	0	0	0	0	0	0	0	0	0	0	0	0	0	0	
2542.688633	8	3	3	0	18	2	2	3793	676	29	152553	13	6	96	0	0	0	0	0	0	0	0	0	0	0	0	0	0	
2543.679367	8	3	3	0	18	2	2	3799	674	29	152612	13	6	96	0	0	0	0	0	0	0	0	0	0	0	0	0	0	
2544.693117	8	3	3	0	18	2	2	3804	675	29	152673	13	6	96	0	0	0	0	0	0	0	0	0	0	0	0	0	0	
2545.692483	8	3	3	0	18	2	2	3809	675	29	152733	13	6	96	0	0	0	0	0	0	0	0	0	0	0	0	0	0	
2546.688967	8	3	3	0	18	2	2	3813	673	29	152793	13	6	96	0	0	0	0	0	0	0	0	0	0	0	0	0	0	
2547.686883	8	3	3	0	18	2	2	3818	674	29	152853	13	6	96	0	0	0	0	0	0	0	0	0	0	0	0	0	0	
2548.683367	8	3	3	0	18	2	2	3823	674	29	152912	13	6	96	0	0	0	0	0	0	0	0	0	0	0	0	0	0	
2549.678400	8	3	3	0	18	2	2	3829	675	29	152972	13	6	96	0	0	0	0	0	0	0	0	0	0	0	0	0	0	
2550.677767	8	3	3	0	18	2	2	3834	675	29	153032	13	6	96	0	0	0	0	0	0	0	0	0	0	0	0	0	0	
2551.695833	8	3	3	0	18	2	2	3839	674	29	153093	13	6	96	0	0	0	0	0	0	0	0	0	0	0	0	0	0	
2552.690883	8	3	3	0	18	2	2	3845	676	29	153153	13	6	96	0	0	0	0	0	0	0	0	0	0	0	0	0	0	
2553.680167	8	3	3	0	18	2	2	3850	674	29	153212	13	6	96	0	0	0	0	0	0	0	0	0	0	0	0	0	0	
2554.676633	8	3	3	0	18	2	2	3856	675	29	153272	13	6	96	0	0	0	0	0	0	0	0	0	0	0	0	0	0	
2555.690400	8	3	3	0	18	2	2	3862	675	29	153333	13	6	96	0	0	0	0	0	0	0	0	0	0	0	0	0	0	
2556.682567	8	3	3	0	18	2	2	3866	674	29	153392	13	6	96	0	0	0	0	0	0	0	0	0	0	0	0	0	0	
2557.684800	8	3	3	0	18	2	2	3871	675	29	153452	13	6	96	0	0	0	0	0	0	0	0	0	0	0	0	0	0	
2558.678400	8	3	3	0	18	2	2	3876	674	29	153512	13	6	96	0	0	0	0	0	0	0	0	0	0	0	0	0	0	
2559.680633	8	3	3	0	18	2	2	3879	675	29	153572	13	6	96	0	0	0	0	0	0	0	0	0	0	0	0	0	0	
2560.675683	8	3	3	0	18	2	2	3883	674	29	153632	13	6	96	0	0	0	0	0	0	0	0	0	0	0	0	0	0	
2561.690883	8	3	3	0	18	2	2	3886	674	29	153693	13	6	96	0	0	0	0	0	0	0	0	0	0	0	0	0	0	
2562.690233	8	3	3	0	18	2	2	3889	675	29	153753	13	6	96	0	0	0	0	0	0	0	0	0	0	0	0	0	0	
2563.686717	8	3	3	0	18	2	2	3892	675	29	153812	13	6	96	0	0	0	0	0	0	0	0	0	0	0	0	0	0	
2564.688967	8	3	3	0	18	2	2	3894	672	29	153873	13	6	96	0	0	0	0	0	0	0	0	0	0	0	0	0	0	
2565.691200	8	3	3	0	18	2	2	3896	674	29	153933	13	6	96	0	0	0	0	0	0	0	0	0	0	0	0	0	0	
2566.684800	8	3	3	0	18	2	2	3898	674	29	153992	13	6	96	0	0	0	0	0	0	0	0	0	0	0	0	0	0	
2567.685600	8	3	3	0	18	2	2	3901	674	29	154052	13	6	96	0	0	0	0	0	0	0	0	0	0	0	0	0	0	
2568.680633	8	3	3	0	18	2	2	3902	675	29	154112	13	6	96	0	0	0	0	0	0	0	0	0	0	0	0	0	0	
2569.694400	8	3	3	0	18	2	2	3905	674	29	154173	13	6	96	0	0	0	0	0	0	0	0	0	0	0	0	0	0	
2570.680800	8	3	3	0	18	2	2	3907	674	29	154232	13	6	96	0	0	0	0	0	0	0	0	0	0	0	0	0	0	
2571.687367	8	3	3	0	18	2	2	3908	674	29	154292	13	6	96	0	0	0	0	0	0	0	0	0	0	0	0	0	0	
2572.689600	8	3	3	0	18	2	2	3911	674	29	154353	13	6	96	0	0	0	0	0	0	0	0	0	0	0	0	0	0	
2573.688967	8	3	3	0	18	2	2	3913	674	29	154413	13	6	96	0	0	0	0	0	0	0	0	0	0	0	0	0	0	
2574.686883	8	3	3	0	18	2	2	3915	674	29	154472	13	6	96	0	0	0	0	0	0	0	0	0	0	0	0	0	0	
2575.681917	8	3	3	0	18	2	2	3918	674	29	154532	13	6	96	0	0	0	0	0	0	0	0	0	0	0	0	0	0	
2576.679833	8	3	3	0	18	2	2	3920	674	29	154592	13	6	96	0	0	0	0	0	0	0	0	0	0	0	0	0	0	
2577.693600	8	3	3	0	18	2	2	3923	675	29	154653	13	6	96	0	0	0	0	0	0	0	0	0	0	0	0	0	0	
2578.688633	8	3	3	0	18	2	2	3925	676	29	154713	13	6	96	0	0	0	0	0	0	0	0	0	0	0	0	0	0	
2579.683683	8	3	3	0	18	2	2	3928	674	29	154772	13	6	96	0	0	0	0	0	0	0	0	0	0	0	0	0	0	
2580.684483	8	3	3	0	18	2	2	3930	675	29	154832	13	6	96	0	0	0	0	0	0	0	0	0	0	0	0	0	0	
2581.679517	8	3	3	0	18	2	2	3932	675	29	154892	13	6	96	0	0	0	0	0	0	0	0	0	0	0	0	0	0	
2582.694717	8	3	3	0	18	2	2	3935	674	29	154953	13	6	96	0	0	0	0	0	0	0	0	0	0	0	0	0	0	
2583.689767	8	3	3	0	18	2	2	3938	676	29	155013	13	6	96	0	0	0	0	0	0	0	0	0	0	0	0	0	0	
2584.686233	8	3	3	0	18	2	2	3940	675	29	155072	13	6	96	0	0	0	0	0	0	0	0	0	0	0	0	0	0	
2585.681283	8	3	3	0	18	2	2	3943	675	29	155132	13	6	96	0	0	0	0	0	0	0	0	0	0	0	0	0	0	
2586.677767	8	3	3	0	18	2	2	3946	675	29	155192	13	6	96	0	0	0	0	0	0	0	0	0	0	0	0	0	0	
2587.688633	8	3	3	0	18	2	2	3948	675	29	155253	13	6	96	0	0	0	0	0	0	0	0	0	0	0	0	0	0	
2588.690883	8	3	3	0	18	2	2	3951	675	29	155313	13	6	96	0	0	0	0	0	0	0	0	0	0	0	0	0	0	
2589.687367	8	3	3	0	18	2	2	3954	674	29	155372	13	6	96	0	0	0	0	0	0	0	0	0	0	0	0	0	0	
2590.689600	8	3	3	0	18	2	2	3957	675	29	155432	13	6	96	0	0	0	0	0	0	0	0	0	0	0	0	0	0	
2591.684633	8	3	3	0	18	2	2	3960	674	29	155492	13	6	96	0	0	0	0	0	0	0	0	0	0	0	0	0	0	
2592.681117	8	3	3	0	18	2	2	3963	675	29	155552	13	6	96	0	0	0	0	0	0	0	0	0	0	0	0	0	0	
2593.692000	8	3	3	0	18	2	2	3967	675	29	155613	13	6	96	0	0	0	0	0	0	0	0	0	0	0	0	0	0	
2594.679833	8	3	3	0	18	2	2	3969	674	29	155672	13	6	96	0	0	0	0	0	0	0	0	0	0	0	0	0	0	
2595.695033	8	3	3	0	18	2	2	3973	675	29	155733	13	6	96	0	0	0	0	0	0	0	0	0	0	0	0	0	0	
2596.692967	8	3	3	0	18	2	2	3976	674	29	155793	13	6	96	0	0	0	0	0	0	0	0	0	0	0	0	0	0	
2597.686567	8	3	3	0	18	2	2	3980	675	29	155852	13	6	96	0	0	0	0	0	0	0	0	0	0	0	0	0	0	
2598.683033	8	3	3	0	18	2	2	3983	674	29	155912	13	6	96	0	0	0	0	0	0	0	0	0	0	0	0	0	0	
2599.696800	8	3	3	0	18	2	2	3987	674	29	155973	13	6	96	0	0	0	0	0	0	0	0	0	0	0	0	0	0	
2600.691833	8	3	3	0	18	2	2	3991	674	29	156033	13	6	96	0	0	0	0	0	0	0	0	0	0	0	0	0	0	
2601.688317	8	3	3	0	18	2	2	3995	674	29	156092	13	6	96	0	0	0	0	0	0	0	0	0	0	0	0	0	0	
2602.684800	8	3	3	0	18	2	2	3999	674	29	156152	13	6	96	0	0	0	0	0	0	0	0	0	0	0	0	0	0	
2603.679833	8	3	3	0	18	2	2	4003	673	29	156212	13	6	96	0	0	0	0	0	0	0	0	0	0	0	0	0	0	
2604.693600	8	3	3	0	18	2	2	4007	674	29	156273	13	6	96	0	0	0	0	0	0	0	0	0	0	0	0	0	0	
2605.692967	8	3	3	0	18	2	2	4011	675	29	156333	13	6	96	0	0	0	0	0	0	0	0	0	0	0	0	0	0	
2606.690883	8	3	3	0	18	2	2	4015	676	29	156393	13	6	96	0	0	0	0	0	0	0	0	0	0	0	0	0	0	
2607.693117	8	3	3	0	18	2	2	4020	675	29	156453	13	6	96	0	0	0	0	0	0	0	0	0	0	0	0	0	0	
2608.691033	8	3	3	0	18	2	2	4024	674	29	156513	13	6	96	0	0	0	0	0	0	0	0	0	0	0	0	0	0	
2609.691833	8	3	3	0	18	2	2	4028	675	29	156573	13	6	96	0	0	0	0	0	0	0	0	0	0	0	0	0	0	
2610.691200	8	3	3	0	18	2	2	4032	674	29	156633	13	6	96	0	0	0	0	0	0	0	0	0	0	0	0	0	0	
2611.686233	8	3	3	0	18	2	2	4037	675	29	156692	13	6	96	0	0	0	0	0	0	0	0	0	0	0	0	0	0	
2612.682717	8	3	3	0	18	2	2	4042	675	29	156752	13	6	96	0	0	0	0	0	0	0	0	0	0	0	0	0	0	
2613.680633	8	3	3	0	18	2	2	4046	674	29	156812	13	6	96	0	0	0	0	0	0	0	0	0	0	0	0	0	0	
2614.684317	8	3	3	0	18	2	2	4051	674	29	156872	13	6	96	0	0	0	0	0	0	0	0	0	0	0	0	0	0	
2615.679367	8	3	3	0	18	2	2	4056	675	29	156932	13	6	96	0	0	0	0	0	0	0	0	0	0	0	0	0	0	
2616.680167	8	3	3	0	18	2	2	4061	676	29	156992	13	6	96	0	0	0	0	0	0	0	0	0	0	0	0	0	0	
2617.683833	8	3	3	0	18	2	2	4066	675	29	157052	13	6	96	0	0	0	0	0	0	0	0	0	0	0	0	0	0	
2618.690400	8	3	3	0	18	2	2	4071	675	29	157112	13	6	96	0	0	0	0	0	0	0	0	0	0	0	0	0	0	
2619.682567	8	3	3	0	18	2	2	4076	674	29	157172	13	6	96	0	0	0	0	0	0	0	0	0	0	0	0	0	0	
2620.681917	8	3	3	0	18	2	2	4081	675	29	157232	13	6	96	0	0	0	0	0	0	0	0	0	0	0	0	0	0	
2621.684167	8	3	3	0	18	2	2	4087	675	29	157292	13	6	96	0	0	0	0	0	0	0	0	0	0	0	0	0	0	
2622.699367	8	3	3	0	18	2	2	4093	677	29	157353	13	6	96	0	0	0	0	0	0	0	0	0	0	0	0	0	0	
2623.697283	8	3	3	0	18	2	2	4098	676	29	157413	13	6	96	0	0	0	0	0	0	0	0	0	0	0	0	0	0	
2624.693767	8	3	3	0	18	2	2	4103	675	29	157473	13	6	96	0	0	0	0	0	0	0	0	0	0	0	0	0	0	
2625.688800	8	3	3	0	18	2	2	4109	673	29	157532	13	6	96	0	0	0	0	0	0	0	0	0	0	0	0	0	0	
2626.689600	8	3	3	0	18	2	2	4115	674	29	157592	13	6	96	0	0	0	0	0	0	0	0	0	0	0	0	0	0	
2627.696167	8	3	3	0	18	2	2	4120	665	29	157653	13	6	96	0	0	0	0	0	0	0	0	0	0	0	0	0	0	
2628.692633	8	3	3	0	18	2	2	4125	664	29	157713	13	6	96	0	0	0	0	0	0	0	0	0	0	0	0	0	0	
2629.689117	8	3	3	0	18	2	2	4131	665	29	157772	13	6	96	0	0	0	0	0	0	0	0	0	0	0	0	0	0	
2630.687033	8	3	3	0	18	2	2	4137	663	29	157832	13	6	96	0	0	0	0	0	0	0	0	0	0	0	0	0	0	
2631.683517	8	3	3	0	18	2	2	4143	662	29	157892	13	6	96	0	0	0	0	0	0	0	0	0	0	0	0	0	0	
2632.687200	8	3	3	0	18	2	2	4150	661	29	157952	13	6	96	0	0	0	0	0	0	0	0	0	0	0	0	0	0	
2633.685117	8	3	3	0	18	2	2	4155	660	29	158012	13	6	96	0	0	0	0	0	0	0	0	0	0	0	0	0	0	
2634.681600	8	3	3	0	18	2	2	4162	659	29	158072	13	6	96	0	0	0	0	0	0	0	0	0	0	0	0	0	0	
2635.699683	8	3	3	0	18	2	2	4168	658	29	158133	13	6	96	0	0	0	0	0	0	0	0	0	0	0	0	0	0	
2636.683200	8	3	3	0	18	2	2	4175	657	29	158192	13	6	96	0	0	0	0	0	0	0	0	0	0	0	0	0	0	
2637.688317	8	3	3	0	18	2	2	4182	657	29	158252	13	6	96	0	0	0	0	0	0	0	0	0	0	0	0	0	0	
2638.683367	8	3	3	0	18	2	2	4189	656	29	158312	13	6	96	0	0	0	0	0	0	0	0	0	0	0	0	0	0	
2639.687033	8	3	3	0	18	2	2	4195	655	29	158372	13	6	96	0	0	0	0	0	0	0	0	0	0	0	0	0	0	
2640.697917	8	3	3	0	18	2	2	4202	654	29	158433	13	6	96	0	0	0	0	0	0	0	0	0	0	0	0	0	0	
2641.684317	8	3	3	0	18	2	2	4210	651	29	158492	13	6	96	0	0	0	0	0	0	0	0	0	0	0	0	0	0	
2642.686567	8	3	3	0	18	2	2	4210	610	29	158552	13	6	96	0	0	0	0	0	0	0	0	0	0	0	0	0	0	
2643.683033	8	3	3	0	18	2	2	4210	577	29	158612	13	6	96	0	0	0	0	0	0	0	0	0	0	0	0	0	0	
2644.695367	8	3	3	0	18	2	2	4210	546	29	158673	13	6	96	0	0	0	0	0	0	0	0	0	0	0	0	0	0	
2645.696167	8	3	3	0	18	2	2	4210	517	29	158733	13	6	96	0	0	0	0	0	0	0	0	0	0	0	0	0	0	
2646.698400	8	3	3	0	18	2	2	4210	489	29	158793	13	6	96	0	0	0	0	0	0	0	0	0	0	0	0	0	0	
2647.687683	8	3	3	0	18	2	2	4210	464	29	158852	13	6	96	0	0	0	0	0	0	0	0	0	0	0	0	0	0	
2648.685600	8	3	3	0	18	2	2	4210	439	29	158912	13	6	96	0	0	0	0	0	0	0	0	0	0	0	0	0	0	
2649.699367	8	3	3	0	18	2	2	4210	417	29	158973	13	6	96	0	0	0	0	0	0	0	0	0	0	0	0	0	0	
2650.687200	8	3	3	0	18	2	2	4210	396	29	159032	13	6	96	0	0	0	0	0	0	0	0	0	0	0	0	0	0	
2651.692317	8	3	3	0	18	2	2	4210	375	29	159092	13	6	96	0	0	0	0	0	0	0	0	0	0	0	0	0	0	
2652.691683	8	3	3	0	18	2	2	4210	355	29	159152	13	6	96	0	0	0	0	0	0	0	0	0	0	0	0	0	0	
2653.688167	8	3	3	0	18	2	2	4210	337	29	159212	13	6	96	0	0	0	0	0	0	0	0	0	0	0	0	0	0	
2654.686083	8	3	3	0	18	2	2	4210	319	29	159272	13	6	96	0	0	0	0	0	0	0	0	0	0	0	0	0	0	
2655.682567	8	3	3	0	18	2	2	4210	303	29	159332	13	6	96	0	0	0	0	0	0	0	0	0	0	0	0	0	0	
2656.699200	8	3	3	0	18	2	2	4210	287	29	159393	13	6	96	0	0	0	0	0	0	0	0	0	0	0	0	0	0	
2657.698567	8	3	3	0	18	2	2	4210	272	29	159453	13	6	96	0	0	0	0	0	0	0	0	0	0	0	0	0	0	
2658.693600	8	3	3	0	18	2	2	4210	258	29	159512	13	6	96	0	0	0	0	0	0	0	0	0	0	0	0	0	0	
2659.697283	8	3	3	0	18	2	2	4210	245	29	159573	13	6	96	0	0	0	0	0	0	0	0	0	0	0	0	0	0	
2660.685117	8	3	3	0	18	2	2	4210	232	29	159632	13	6	96	0	0	0	0	0	0	0	0	0	0	0	0	0	0	
2661.700317	8	3	3	0	18	2	2	4210	221	29	159693	13	6	96	0	0	0	0	0	0	0	0	0	0	0	0	0	0	
2662.683833	8	3	3	0	18	2	2	4210	210	29	159752	13	6	96	0	0	0	0	0	0	0	0	0	0	0	0	0	0	
2663.688967	8	3	3	0	18	2	2	4210	199	29	159812	13	6	96	0	0	0	0	0	0	0	0	0	0	0	0	0	0	
2664.694083	8	3	3	0	18	2	2	4211	190	29	159872	13	6	96	0	0	0	0	0	0	0	0	0	0	0	0	0	0	
2665.689117	8	3	3	0	18	2	2	4210	180	29	159932	13	6	96	0	0	0	0	0	0	0	0	0	0	0	0	0	0	
2666.687033	8	3	3	0	18	2	2	4210	172	29	159992	13	6	96	0	0	0	0	0	0	0	0	0	0	0	0	0	0	
2667.693600	8	3	3	0	18	2	2	4210	164	29	160052	13	6	96	0	0	0	0	0	0	0	0	0	0	0	0	0	0	
2668.690083	8	3	3	0	18	2	2	4210	155	29	160112	13	6	96	0	0	0	0	0	0	0	0	0	0	0	0	0	0	
2669.690883	8	3	3	0	18	2	2	4210	147	29	160172	13	6	96	0	0	0	0	0	0	0	0	0	0	0	0	0	0	
2670.696000	8	3	3	0	18	2	2	4210	141	29	160232	13	6	96	0	0	0	0	0	0	0	0	0	0	0	0	0	0	
2671.689600	8	3	3	0	18	2	2	4210	134	29	160292	13	6	96	0	0	0	0	0	0	0	0	0	0	0	0	0	0	
2672.683200	8	3	3	0	18	2	2	4210	127	29	160352	13	6	96	0	0	0	0	0	0	0	0	0	0	0	0	0	0	
2673.699833	8	3	3	0	18	2	2	4210	121	29	160413	13	6	96	0	0	0	0	0	0	0	0	0	0	0	0	0	0	
2674.689117	8	3	3	0	18	2	2	4210	116	29	160472	13	6	96	0	0	0	0	0	0	0	0	0	0	0	0	0	0	
2675.685600	8	3	3	0	18	2	2	4210	111	29	160532	13	6	96	0	0	0	0	0	0	0	0	0	0	0	0	0	0	
2676.690717	8	3	3	0	18	2	2	4210	106	29	160592	13	6	96	0	0	0	0	0	0	0	0	0	0	0	0	0	0	
2677.688633	8	3	3	0	18	2	2	4210	101	29	160652	13	6	96	0	0	0	0	0	0	0	0	0	0	0	0	0	0	
2678.702400	8	3	3	0	18	2	2	4210	97	29	160713	13	6	96	0	0	0	0	0	0	0	0	0	0	0	0	0	0	
2679.703200	8	3	3	0	18	2	2	4210	93	29	160773	13	6	96	0	0	0	0	0	0	0	0	0	0	0	0	0	0	
2680.692483	8	3	3	0	18	2	2	4210	89	29	160832	13	6	96	0	0	0	0	0	0	0	0	0	0	0	0	0	0	
2681.703367	8	3	3	0	18	2	2	4210	84	29	160893	13	6	96	0	0	0	0	0	0	0	0	0	0	0	0	0	0	
2682.688317	8	3	3	0	18	2	2	4210	81	29	160952	13	6	96	0	0	0	0	0	0	0	0	0	0	0	0	0	0	
2683.684800	8	3	3	0	18	2	2	4210	77	29	161012	13	6	96	0	0	0	0	0	0	0	0	0	0	0	0	0	0	
2684.700000	8	3	3	0	18	2	2	4210	74	29	161073	13	6	96	0	0	0	0	0	0	0	0	0	0	0	0	0	0	
2685.696483	8	3	3	0	18	2	2	4210	71	29	161132	13	6	96	0	0	0	0	0	0	0	0	0	0	0	0	0	0	
2686.690083	8	3	3	0	18	2	2	4210	68	29	161192	13	6	96	0	0	0	0	0	0	0	0	0	0	0	0	0	0	
2687.100483	10	0	5	0	0	15	0	4201	0	29	161217	13	6	96	0	0	0	0	0	0	0	0	0	0	0	0	0	0	
2687.109117	10	0	5	0	0	15	0	4202	0	29	161217	13	6	96	0	0	0	0	0	0	0	0	0	0	0	0	0	0	
