Time	Status code	Status category	Status color	Pgm code	Pgm step	Pgm para	Pgm cycle	mV	mA	Temperature	Duration	Charge count	Discharge count	Capacity	Analog input 1	Analog input 2	Analog input 3	Analog input 4	Digital input 1	Digital input 2	Digital input 3	Digital input 4	Digital output 1	Digital output 2	Digital output 3	Digital output 4	Analog output 1	Analog output 2	
0.000000	8	3	3	0	1	2	2	3969	248	25	2	1	0	0	0	0	0	0	0	0	0	0	0	0	0	0	0	0	
0.993600	8	3	3	0	1	2	2	4051	674	25	62	1	0	0	0	0	0	0	0	0	0	0	0	0	0	0	0	0	
1.991517	8	3	3	0	1	2	2	4020	674	25	122	1	0	0	0	0	0	0	0	0	0	0	0	0	0	0	0	0	
2.985117	8	3	3	0	1	2	2	4025	675	25	181	1	0	0	0	0	0	0	0	0	0	0	0	0	0	0	0	0	
3.983033	8	3	3	0	1	2	2	4015	674	25	241	1	0	0	0	0	0	0	0	0	0	0	0	0	0	0	0	0	
4.978083	8	3	3	0	1	2	2	4016	674	25	301	1	0	0	0	0	0	0	0	0	0	0	0	0	0	0	0	0	
5.993283	8	3	3	0	1	2	2	4020	674	25	362	1	0	0	0	0	0	0	0	0	0	0	0	0	0	0	0	0	
6.988317	8	3	3	0	1	2	2	4023	674	25	421	1	0	0	0	0	0	0	0	0	0	0	0	0	0	0	0	0	
7.984800	8	3	3	0	1	2	2	4026	674	25	481	1	0	0	0	0	0	0	0	0	0	0	0	0	0	0	0	0	
8.979833	8	3	3	0	1	2	2	4027	675	25	541	1	0	0	0	0	0	0	0	0	0	0	0	0	0	0	0	0	
9.995033	8	3	3	0	1	2	2	4030	675	25	602	1	0	0	0	0	0	0	0	0	0	0	0	0	0	0	0	0	
10.990083	8	3	3	0	1	2	2	4034	675	25	661	1	0	0	0	0	0	0	0	0	0	0	0	0	0	0	0	0	
11.982233	8	3	3	0	1	2	2	4039	674	25	721	1	0	0	0	0	0	0	0	0	0	0	0	0	0	0	0	0	
12.988800	8	3	3	0	1	2	2	4040	675	25	781	1	0	0	0	0	0	0	0	0	0	0	0	0	0	0	0	0	
13.995367	8	3	3	0	1	2	2	4046	675	25	842	1	0	0	0	0	0	0	0	0	0	0	0	0	0	0	0	0	
14.980317	8	3	3	0	1	2	2	4050	675	25	901	1	0	0	0	0	0	0	0	0	0	0	0	0	0	0	0	0	
15.986883	8	3	3	0	1	2	2	4056	674	25	961	1	0	0	0	0	0	0	0	0	0	0	0	0	0	0	0	0	
16.990567	8	3	3	0	1	2	2	4063	674	25	1021	1	0	0	0	0	0	0	0	0	0	0	0	0	0	0	0	0	
17.995683	8	3	3	0	1	2	2	4069	675	25	1082	1	0	0	0	0	0	0	0	0	0	0	0	0	0	0	0	0	
18.983517	8	3	3	0	1	2	2	4073	674	25	1141	1	0	0	0	0	0	0	0	0	0	0	0	0	0	0	0	0	
19.987200	8	3	3	0	1	2	2	4078	674	25	1201	1	0	0	0	0	0	0	0	0	0	0	0	0	0	0	0	0	
20.993767	8	3	3	0	1	2	2	4084	675	25	1262	1	0	0	0	0	0	0	0	0	0	0	0	0	0	0	0	0	
21.981600	8	3	3	0	1	2	2	4091	674	25	1321	1	0	0	0	0	0	0	0	0	0	0	0	0	0	0	0	0	
22.985283	8	3	3	0	1	2	2	4094	674	25	1381	1	0	0	0	0	0	0	0	0	0	0	0	0	0	0	0	0	
23.991833	8	3	3	0	1	2	2	4100	675	25	1441	1	0	0	0	0	0	0	0	0	0	0	0	0	0	0	0	0	
24.996967	8	3	3	0	1	2	2	4106	675	25	1502	1	0	0	0	0	0	0	0	0	0	0	0	0	0	0	0	0	
25.983367	8	3	3	0	1	2	2	4109	675	25	1561	1	0	0	0	0	0	0	0	0	0	0	0	0	0	0	0	0	
26.988483	8	3	3	0	1	2	2	4113	674	25	1621	1	0	0	0	0	0	0	0	0	0	0	0	0	0	0	0	0	
27.995033	8	3	3	0	1	2	2	4117	670	25	1682	1	0	0	0	0	0	0	0	0	0	0	0	0	0	0	0	0	
28.980000	8	3	3	0	1	2	2	4121	669	25	1741	1	0	0	0	0	0	0	0	0	0	0	0	0	0	0	0	0	
29.986567	8	3	3	0	1	2	2	4128	667	25	1801	1	0	0	0	0	0	0	0	0	0	0	0	0	0	0	0	0	
30.991683	8	3	3	0	1	2	2	4132	666	25	1861	1	0	0	0	0	0	0	0	0	0	0	0	0	0	0	0	0	
31.996800	8	3	3	0	1	2	2	4136	665	25	1922	1	0	0	0	0	0	0	0	0	0	0	0	0	0	0	0	0	
32.983200	8	3	3	0	1	2	2	4144	664	25	1981	1	0	0	0	0	0	0	0	0	0	0	0	0	0	0	0	0	
33.988317	8	3	3	0	1	2	2	4148	663	25	2041	1	0	0	0	0	0	0	0	0	0	0	0	0	0	0	0	0	
34.993433	8	3	3	0	1	2	2	4153	663	25	2102	1	0	0	0	0	0	0	0	0	0	0	0	0	0	0	0	0	
35.979833	8	3	3	0	1	2	2	4158	662	25	2161	1	0	0	0	0	0	0	0	0	0	0	0	0	0	0	0	0	
36.984967	8	3	3	0	1	2	2	4170	660	25	2221	1	0	0	0	0	0	0	0	0	0	0	0	0	0	0	0	0	
37.991517	8	3	3	0	1	2	2	4170	660	25	2281	1	0	0	0	0	0	0	0	0	0	0	0	0	0	0	0	0	
38.996633	8	3	3	0	1	2	2	4176	659	25	2342	1	0	0	0	0	0	0	0	0	0	0	0	0	0	0	0	0	
39.983033	8	3	3	0	1	2	2	4181	659	25	2401	1	0	0	0	0	0	0	0	0	0	0	0	0	0	0	0	0	
40.988167	8	3	3	0	1	2	2	4186	658	25	2461	1	0	0	0	0	0	0	0	0	0	0	0	0	0	0	0	0	
41.994717	8	3	3	0	1	2	2	4191	657	25	2522	1	0	0	0	0	0	0	0	0	0	0	0	0	0	0	0	0	
42.998400	8	3	3	0	1	2	2	4197	657	25	2582	1	0	0	0	0	0	0	0	0	0	0	0	0	0	0	0	0	
43.986233	8	3	3	0	1	2	2	4200	619	25	2641	1	0	0	0	0	0	0	0	0	0	0	0	0	0	0	0	0	
44.989917	8	3	3	0	1	2	2	4200	580	25	2701	1	0	0	0	0	0	0	0	0	0	0	0	0	0	0	0	0	
45.996483	8	3	3	0	1	2	2	4200	573	25	2762	1	0	0	0	0	0	0	0	0	0	0	0	0	0	0	0	0	
46.982883	8	3	3	0	1	2	2	4200	534	25	2821	1	0	0	0	0	0	0	0	0	0	0	0	0	0	0	0	0	
47.988000	8	3	3	0	1	2	2	4200	525	25	2881	1	0	0	0	0	0	0	0	0	0	0	0	0	0	0	0	0	
48.993117	8	3	3	0	1	2	2	4200	475	25	2941	1	0	0	0	0	0	0	0	0	0	0	0	0	0	0	0	0	
49.999683	8	3	3	0	1	2	2	4200	474	25	3002	1	0	0	0	0	0	0	0	0	0	0	0	0	0	0	0	0	
50.984633	8	3	3	0	1	2	2	4200	457	25	3061	1	0	0	0	0	0	0	0	0	0	0	0	0	0	0	0	0	
51.991200	8	3	3	0	1	2	2	4200	417	25	3121	1	0	0	0	0	0	0	0	0	0	0	0	0	0	0	0	0	
52.994883	8	3	3	0	1	2	2	4200	412	25	3182	1	0	0	0	0	0	0	0	0	0	0	0	0	0	0	0	0	
53.982717	8	3	3	0	1	2	2	4200	397	25	3241	1	0	0	0	0	0	0	0	0	0	0	0	0	0	0	0	0	
54.987833	8	3	3	0	1	2	2	4200	370	25	3301	1	0	0	0	0	0	0	0	0	0	0	0	0	0	0	0	0	
55.992967	8	3	3	0	1	2	2	4200	378	25	3361	1	0	0	0	0	0	0	0	0	0	0	0	0	0	0	0	0	
56.998083	8	3	3	0	1	2	2	4201	371	25	3422	1	0	0	0	0	0	0	0	0	0	0	0	0	0	0	0	0	
57.984483	8	3	3	0	1	2	2	4200	346	25	3481	1	0	0	0	0	0	0	0	0	0	0	0	0	0	0	0	0	
58.989600	8	3	3	0	1	2	2	4200	349	25	3541	1	0	0	0	0	0	0	0	0	0	0	0	0	0	0	0	0	
59.996167	8	3	3	0	1	2	2	4200	327	25	3602	1	0	0	0	0	0	0	0	0	0	0	0	0	0	0	0	0	
60.981117	8	3	3	0	1	2	2	4200	299	24	3661	1	0	0	0	0	0	0	0	0	0	0	0	0	0	0	0	0	
61.987683	8	3	3	0	1	2	2	4200	302	25	3721	1	0	0	0	0	0	0	0	0	0	0	0	0	0	0	0	0	
62.992800	8	3	3	0	1	2	2	4200	290	24	3781	1	0	0	0	0	0	0	0	0	0	0	0	0	0	0	0	0	
63.999367	8	3	3	0	1	2	2	4200	296	25	3842	1	0	0	0	0	0	0	0	0	0	0	0	0	0	0	0	0	
64.984317	8	3	3	0	1	2	2	4200	272	25	3901	1	0	0	0	0	0	0	0	0	0	0	0	0	0	0	0	0	
65.990883	8	3	3	0	1	2	2	4200	252	25	3961	1	0	0	0	0	0	0	0	0	0	0	0	0	0	0	0	0	
66.994567	8	3	3	0	1	2	2	4200	241	25	4022	1	0	0	0	0	0	0	0	0	0	0	0	0	0	0	0	0	
68.001117	8	3	3	0	1	2	2	4200	233	25	4082	1	0	0	0	0	0	0	0	0	0	0	0	0	0	0	0	0	
68.988967	8	3	3	0	1	2	2	4200	231	25	4141	1	0	0	0	0	0	0	0	0	0	0	0	0	0	0	0	0	
69.992633	8	3	3	0	1	2	2	4200	227	25	4201	1	0	0	0	0	0	0	0	0	0	0	0	0	0	0	0	0	
70.997767	8	3	3	0	1	2	2	4200	220	25	4262	1	0	0	0	0	0	0	0	0	0	0	0	0	0	0	0	0	
71.984167	8	3	3	0	1	2	2	4201	207	25	4321	1	0	0	0	0	0	0	0	0	0	0	0	0	0	0	0	0	
72.989283	8	3	3	0	1	2	2	4200	208	25	4381	1	0	0	0	0	0	0	0	0	0	0	0	0	0	0	0	0	
73.995833	8	3	3	0	1	2	2	4200	203	25	4441	1	0	0	0	0	0	0	0	0	0	0	0	0	0	0	0	0	
75.002400	8	3	3	0	1	2	2	4200	198	25	4502	1	0	0	0	0	0	0	0	0	0	0	0	0	0	0	0	0	
75.987367	8	3	3	0	1	2	2	4200	195	25	4561	1	0	0	0	0	0	0	0	0	0	0	0	0	0	0	0	0	
76.993917	8	3	3	0	1	2	2	4200	191	25	4621	1	0	0	0	0	0	0	0	0	0	0	0	0	0	0	0	0	
77.997600	8	3	3	0	1	2	2	4200	187	25	4682	1	0	0	0	0	0	0	0	0	0	0	0	0	0	0	0	0	
78.985433	8	3	3	0	1	2	2	4200	183	25	4741	1	0	0	0	0	0	0	0	0	0	0	0	0	0	0	0	0	
79.990567	8	3	3	0	1	2	2	4200	179	25	4801	1	0	0	0	0	0	0	0	0	0	0	0	0	0	0	0	0	
80.994233	8	3	3	0	1	2	2	4200	172	25	4861	1	0	0	0	0	0	0	0	0	0	0	0	0	0	0	0	0	
82.000800	8	3	3	0	1	2	2	4200	169	24	4922	1	0	0	0	0	0	0	0	0	0	0	0	0	0	0	0	0	
82.988633	8	3	3	0	1	2	2	4200	165	25	4981	1	0	0	0	0	0	0	0	0	0	0	0	0	0	0	0	0	
83.992317	8	3	3	0	1	2	2	4200	161	25	5041	1	0	0	0	0	0	0	0	0	0	0	0	0	0	0	0	0	
84.998883	8	3	3	0	1	2	2	4200	153	24	5102	1	0	0	0	0	0	0	0	0	0	0	0	0	0	0	0	0	
85.983833	8	3	3	0	1	2	2	4200	148	25	5161	1	0	0	0	0	0	0	0	0	0	0	0	0	0	0	0	0	
86.990400	8	3	3	0	1	2	2	4200	144	25	5221	1	0	0	0	0	0	0	0	0	0	0	0	0	0	0	0	0	
87.995517	8	3	3	0	1	2	2	4200	139	24	5281	1	0	0	0	0	0	0	0	0	0	0	0	0	0	0	0	0	
89.002083	8	3	3	0	1	2	2	4200	138	25	5342	1	0	0	0	0	0	0	0	0	0	0	0	0	0	0	0	0	
89.987033	8	3	3	0	1	2	2	4200	132	24	5401	1	0	0	0	0	0	0	0	0	0	0	0	0	0	0	0	0	
90.993600	8	3	3	0	1	2	2	4200	129	24	5461	1	0	0	0	0	0	0	0	0	0	0	0	0	0	0	0	0	
91.997283	8	3	3	0	1	2	2	4200	125	24	5522	1	0	0	0	0	0	0	0	0	0	0	0	0	0	0	0	0	
92.985117	8	3	3	0	1	2	2	4200	123	25	5581	1	0	0	0	0	0	0	0	0	0	0	0	0	0	0	0	0	
93.990233	8	3	3	0	1	2	2	4200	119	24	5641	1	0	0	0	0	0	0	0	0	0	0	0	0	0	0	0	0	
94.995367	8	3	3	0	1	2	2	4200	116	24	5701	1	0	0	0	0	0	0	0	0	0	0	0	0	0	0	0	0	
96.000483	8	3	3	0	1	2	2	4200	113	24	5762	1	0	0	0	0	0	0	0	0	0	0	0	0	0	0	0	0	
96.988317	8	3	3	0	1	2	2	4200	110	25	5821	1	0	0	0	0	0	0	0	0	0	0	0	0	0	0	0	0	
97.992000	8	3	3	0	1	2	2	4200	106	25	5881	1	0	0	0	0	0	0	0	0	0	0	0	0	0	0	0	0	
98.998567	8	3	3	0	1	2	2	4200	104	25	5942	1	0	0	0	0	0	0	0	0	0	0	0	0	0	0	0	0	
100.003683	8	3	3	0	1	2	2	4200	101	25	6002	1	0	0	0	0	0	0	0	0	0	0	0	0	0	0	0	0	
100.990083	8	3	3	0	1	2	2	4200	100	25	6061	1	0	0	0	0	0	0	0	0	0	0	0	0	0	0	0	0	
101.995200	8	3	3	0	1	2	2	4200	97	25	6121	1	0	0	0	0	0	0	0	0	0	0	0	0	0	0	0	0	
103.001767	8	3	3	0	1	2	2	4200	94	24	6182	1	0	0	0	0	0	0	0	0	0	0	0	0	0	0	0	0	
103.986717	8	3	3	0	1	2	2	4200	90	25	6241	1	0	0	0	0	0	0	0	0	0	0	0	0	0	0	0	0	
104.993283	8	3	3	0	1	2	2	4200	89	25	6301	1	0	0	0	0	0	0	0	0	0	0	0	0	0	0	0	0	
105.996967	8	3	3	0	1	2	2	4200	87	25	6361	1	0	0	0	0	0	0	0	0	0	0	0	0	0	0	0	0	
107.003517	8	3	3	0	1	2	2	4200	84	24	6422	1	0	0	0	0	0	0	0	0	0	0	0	0	0	0	0	0	
107.989917	8	3	3	0	1	2	2	4200	82	25	6481	1	0	0	0	0	0	0	0	0	0	0	0	0	0	0	0	0	
108.995033	8	3	3	0	1	2	2	4200	80	24	6541	1	0	0	0	0	0	0	0	0	0	0	0	0	0	0	0	0	
110.000167	8	3	3	0	1	2	2	4200	77	25	6602	1	0	0	0	0	0	0	0	0	0	0	0	0	0	0	0	0	
110.986567	8	3	3	0	1	2	2	4200	76	25	6661	1	0	0	0	0	0	0	0	0	0	0	0	0	0	0	0	0	
111.991683	8	3	3	0	1	2	2	4200	74	25	6721	1	0	0	0	0	0	0	0	0	0	0	0	0	0	0	0	0	
112.998233	8	3	3	0	1	2	2	4200	71	25	6781	1	0	0	0	0	0	0	0	0	0	0	0	0	0	0	0	0	
114.001917	8	3	3	0	1	2	2	4200	69	24	6842	1	0	0	0	0	0	0	0	0	0	0	0	0	0	0	0	0	
114.989767	8	3	3	0	1	2	2	4200	67	24	6901	1	0	0	0	0	0	0	0	0	0	0	0	0	0	0	0	0	
115.279200	8	6	3	0	2	7	1	4018	-534	24	6918	1	1	0	0	0	0	0	0	0	0	0	0	0	0	0	0	0	
115.999200	8	6	3	0	2	7	1	3975	-675	25	6961	1	1	0	0	0	0	0	0	0	0	0	0	0	0	0	0	0	
117.002883	8	6	3	0	2	7	1	3961	-675	25	7022	1	1	1	0	0	0	0	0	0	0	0	0	0	0	0	0	0	
117.990717	8	6	3	0	2	7	1	3949	-675	25	7081	1	1	2	0	0	0	0	0	0	0	0	0	0	0	0	0	0	
118.995833	8	6	3	0	2	7	1	3942	-675	24	7141	1	1	3	0	0	0	0	0	0	0	0	0	0	0	0	0	0	
120.000967	8	6	3	0	2	7	1	3932	-673	24	7202	1	1	3	0	0	0	0	0	0	0	0	0	0	0	0	0	0	
120.987367	8	6	3	0	2	7	1	3926	-673	24	7261	1	1	4	0	0	0	0	0	0	0	0	0	0	0	0	0	0	
121.993917	8	6	3	0	2	7	1	3918	-675	25	7321	1	1	5	0	0	0	0	0	0	0	0	0	0	0	0	0	0	
122.997600	8	6	3	0	2	7	1	3910	-674	24	7381	1	1	6	0	0	0	0	0	0	0	0	0	0	0	0	0	0	
124.004167	8	6	3	0	2	7	1	3901	-674	24	7442	1	1	7	0	0	0	0	0	0	0	0	0	0	0	0	0	0	
124.992000	8	6	3	0	2	7	1	3894	-673	24	7501	1	1	7	0	0	0	0	0	0	0	0	0	0	0	0	0	0	
125.995683	8	6	3	0	2	7	1	3885	-676	24	7561	1	1	8	0	0	0	0	0	0	0	0	0	0	0	0	0	0	
127.000800	8	6	3	0	2	7	1	3878	-675	24	7622	1	1	9	0	0	0	0	0	0	0	0	0	0	0	0	0	0	
127.987200	8	6	3	0	2	7	1	3870	-676	24	7681	1	1	10	0	0	0	0	0	0	0	0	0	0	0	0	0	0	
128.992317	8	6	3	0	2	7	1	3863	-674	24	7741	1	1	11	0	0	0	0	0	0	0	0	0	0	0	0	0	0	
129.998883	8	6	3	0	2	7	1	3855	-675	24	7801	1	1	12	0	0	0	0	0	0	0	0	0	0	0	0	0	0	
131.004000	8	6	3	0	2	7	1	3848	-674	24	7862	1	1	12	0	0	0	0	0	0	0	0	0	0	0	0	0	0	
131.990400	8	6	3	0	2	7	1	3840	-674	24	7921	1	1	13	0	0	0	0	0	0	0	0	0	0	0	0	0	0	
132.995517	8	6	3	0	2	7	1	3833	-674	24	7981	1	1	14	0	0	0	0	0	0	0	0	0	0	0	0	0	0	
134.002083	8	6	3	0	2	7	1	3826	-675	24	8042	1	1	15	0	0	0	0	0	0	0	0	0	0	0	0	0	0	
134.988483	8	6	3	0	2	7	1	3818	-674	24	8101	1	1	16	0	0	0	0	0	0	0	0	0	0	0	0	0	0	
135.993600	8	6	3	0	2	7	1	3811	-674	24	8161	1	1	17	0	0	0	0	0	0	0	0	0	0	0	0	0	0	
137.000167	8	6	3	0	2	7	1	3805	-675	24	8221	1	1	17	0	0	0	0	0	0	0	0	0	0	0	0	0	0	
138.003833	8	6	3	0	2	7	1	3798	-674	24	8282	1	1	18	0	0	0	0	0	0	0	0	0	0	0	0	0	0	
138.991683	8	6	3	0	2	7	1	3792	-673	24	8341	1	1	19	0	0	0	0	0	0	0	0	0	0	0	0	0	0	
139.995367	8	6	3	0	2	7	1	3785	-673	24	8401	1	1	20	0	0	0	0	0	0	0	0	0	0	0	0	0	0	
141.000483	8	6	3	0	2	7	1	3779	-674	24	8462	1	1	21	0	0	0	0	0	0	0	0	0	0	0	0	0	0	
142.007033	8	6	3	0	2	7	1	3770	-674	24	8522	1	1	22	0	0	0	0	0	0	0	0	0	0	0	0	0	0	
142.993433	8	6	3	0	2	7	1	3764	-675	24	8581	1	1	22	0	0	0	0	0	0	0	0	0	0	0	0	0	0	
143.998567	8	6	3	0	2	7	1	3758	-674	24	8641	1	1	23	0	0	0	0	0	0	0	0	0	0	0	0	0	0	
145.005117	8	6	3	0	2	7	1	3753	-673	24	8702	1	1	24	0	0	0	0	0	0	0	0	0	0	0	0	0	0	
145.990083	8	6	3	0	2	7	1	3747	-674	24	8761	1	1	25	0	0	0	0	0	0	0	0	0	0	0	0	0	0	
146.996633	8	6	3	0	2	7	1	3742	-675	24	8821	1	1	26	0	0	0	0	0	0	0	0	0	0	0	0	0	0	
148.000317	8	6	3	0	2	7	1	3736	-675	24	8881	1	1	26	0	0	0	0	0	0	0	0	0	0	0	0	0	0	
149.005433	8	6	3	0	2	7	1	3730	-674	24	8942	1	1	27	0	0	0	0	0	0	0	0	0	0	0	0	0	0	
149.993283	8	6	3	0	2	7	1	3725	-674	24	9001	1	1	28	0	0	0	0	0	0	0	0	0	0	0	0	0	0	
150.998400	8	6	3	0	2	7	1	3719	-675	24	9061	1	1	29	0	0	0	0	0	0	0	0	0	0	0	0	0	0	
152.003517	8	6	3	0	2	7	1	3714	-675	24	9122	1	1	30	0	0	0	0	0	0	0	0	0	0	0	0	0	0	
152.989917	8	6	3	0	2	7	1	3707	-675	24	9181	1	1	31	0	0	0	0	0	0	0	0	0	0	0	0	0	0	
153.995033	8	6	3	0	2	7	1	3702	-674	24	9241	1	1	31	0	0	0	0	0	0	0	0	0	0	0	0	0	0	
155.001600	8	6	3	0	2	7	1	3696	-675	24	9301	1	1	32	0	0	0	0	0	0	0	0	0	0	0	0	0	0	
156.006717	8	6	3	0	2	7	1	3691	-674	24	9362	1	1	33	0	0	0	0	0	0	0	0	0	0	0	0	0	0	
156.993117	8	6	3	0	2	7	1	3687	-674	24	9421	1	1	34	0	0	0	0	0	0	0	0	0	0	0	0	0	0	
157.998233	8	6	3	0	2	7	1	3682	-673	24	9481	1	1	35	0	0	0	0	0	0	0	0	0	0	0	0	0	0	
159.003367	8	6	3	0	2	7	1	3677	-675	24	9542	1	1	36	0	0	0	0	0	0	0	0	0	0	0	0	0	0	
159.989767	8	6	3	0	2	7	1	3673	-675	24	9601	1	1	36	0	0	0	0	0	0	0	0	0	0	0	0	0	0	
160.996317	8	6	3	0	2	7	1	3668	-675	24	9661	1	1	37	0	0	0	0	0	0	0	0	0	0	0	0	0	0	
162.000000	8	6	3	0	2	7	1	3663	-674	24	9721	1	1	38	0	0	0	0	0	0	0	0	0	0	0	0	0	0	
163.006567	8	6	3	0	2	7	1	3659	-676	24	9782	1	1	39	0	0	0	0	0	0	0	0	0	0	0	0	0	0	
163.991517	8	6	3	0	2	7	1	3655	-675	24	9841	1	1	40	0	0	0	0	0	0	0	0	0	0	0	0	0	0	
164.998083	8	6	3	0	2	7	1	3650	-674	24	9901	1	1	40	0	0	0	0	0	0	0	0	0	0	0	0	0	0	
166.003200	8	6	3	0	2	7	1	3646	-675	24	9962	1	1	41	0	0	0	0	0	0	0	0	0	0	0	0	0	0	
167.009767	8	6	3	0	2	7	1	3641	-675	24	10022	1	1	42	0	0	0	0	0	0	0	0	0	0	0	0	0	0	
167.994717	8	6	3	0	2	7	1	3637	-674	24	10081	1	1	43	0	0	0	0	0	0	0	0	0	0	0	0	0	0	
169.001283	8	6	3	0	2	7	1	3634	-675	24	10141	1	1	44	0	0	0	0	0	0	0	0	0	0	0	0	0	0	
170.004967	8	6	3	0	2	7	1	3629	-675	24	10202	1	1	45	0	0	0	0	0	0	0	0	0	0	0	0	0	0	
170.992800	8	6	3	0	2	7	1	3626	-674	24	10261	1	1	45	0	0	0	0	0	0	0	0	0	0	0	0	0	0	
171.997917	8	6	3	0	2	7	1	3621	-674	24	10321	1	1	46	0	0	0	0	0	0	0	0	0	0	0	0	0	0	
173.003033	8	6	3	0	2	7	1	3617	-674	24	10381	1	1	47	0	0	0	0	0	0	0	0	0	0	0	0	0	0	
174.008167	8	6	3	0	2	7	1	3614	-675	24	10442	1	1	48	0	0	0	0	0	0	0	0	0	0	0	0	0	0	
174.996000	8	6	3	0	2	7	1	3610	-677	24	10501	1	1	49	0	0	0	0	0	0	0	0	0	0	0	0	0	0	
175.999683	8	6	3	0	2	7	1	3607	-674	24	10561	1	1	50	0	0	0	0	0	0	0	0	0	0	0	0	0	0	
177.006233	8	6	3	0	2	7	1	3603	-675	24	10622	1	1	50	0	0	0	0	0	0	0	0	0	0	0	0	0	0	
177.991200	8	6	3	0	2	7	1	3600	-675	24	10681	1	1	51	0	0	0	0	0	0	0	0	0	0	0	0	0	0	
178.997767	8	6	3	0	2	7	1	3596	-675	24	10741	1	1	52	0	0	0	0	0	0	0	0	0	0	0	0	0	0	
180.002883	8	6	3	0	2	7	1	3593	-675	24	10801	1	1	53	0	0	0	0	0	0	0	0	0	0	0	0	0	0	
181.009433	8	6	3	0	2	7	1	3589	-675	24	10862	1	1	54	0	0	0	0	0	0	0	0	0	0	0	0	0	0	
181.994400	8	6	3	0	2	7	1	3586	-674	24	10921	1	1	54	0	0	0	0	0	0	0	0	0	0	0	0	0	0	
183.000967	8	6	3	0	2	7	1	3582	-676	24	10981	1	1	55	0	0	0	0	0	0	0	0	0	0	0	0	0	0	
184.004633	8	6	3	0	2	7	1	3579	-675	24	11042	1	1	56	0	0	0	0	0	0	0	0	0	0	0	0	0	0	
184.992483	8	6	3	0	2	7	1	3576	-674	24	11101	1	1	57	0	0	0	0	0	0	0	0	0	0	0	0	0	0	
185.997600	8	6	3	0	2	7	1	3573	-675	24	11161	1	1	58	0	0	0	0	0	0	0	0	0	0	0	0	0	0	
187.002717	8	6	3	0	2	7	1	3570	-673	24	11221	1	1	59	0	0	0	0	0	0	0	0	0	0	0	0	0	0	
188.007833	8	6	3	0	2	7	1	3564	-675	24	11282	1	1	59	0	0	0	0	0	0	0	0	0	0	0	0	0	0	
188.995683	8	6	3	0	2	7	1	3561	-675	24	11341	1	1	60	0	0	0	0	0	0	0	0	0	0	0	0	0	0	
189.999367	8	6	3	0	2	7	1	3559	-674	24	11401	1	1	61	0	0	0	0	0	0	0	0	0	0	0	0	0	0	
191.005917	8	6	3	0	2	7	1	3553	-674	24	11462	1	1	62	0	0	0	0	0	0	0	0	0	0	0	0	0	0	
191.993767	8	6	3	0	2	7	1	3549	-675	24	11521	1	1	63	0	0	0	0	0	0	0	0	0	0	0	0	0	0	
192.997433	8	6	3	0	2	7	1	3533	-674	24	11581	1	1	64	0	0	0	0	0	0	0	0	0	0	0	0	0	0	
194.002567	8	6	3	0	2	7	1	3527	-676	24	11641	1	1	64	0	0	0	0	0	0	0	0	0	0	0	0	0	0	
195.009117	8	6	3	0	2	7	1	3526	-675	24	11702	1	1	65	0	0	0	0	0	0	0	0	0	0	0	0	0	0	
195.995517	8	6	3	0	2	7	1	3522	-674	24	11761	1	1	66	0	0	0	0	0	0	0	0	0	0	0	0	0	0	
197.000633	8	6	3	0	2	7	1	3512	-675	24	11821	1	1	67	0	0	0	0	0	0	0	0	0	0	0	0	0	0	
198.005767	8	6	3	0	2	7	1	3510	-675	24	11882	1	1	68	0	0	0	0	0	0	0	0	0	0	0	0	0	0	
199.010883	8	6	3	0	2	7	1	3508	-676	24	11942	1	1	68	0	0	0	0	0	0	0	0	0	0	0	0	0	0	
199.998717	8	6	3	0	2	7	1	3504	-673	24	12001	1	1	69	0	0	0	0	0	0	0	0	0	0	0	0	0	0	
201.002400	8	6	3	0	2	7	1	3501	-675	24	12061	1	1	70	0	0	0	0	0	0	0	0	0	0	0	0	0	0	
202.007517	8	6	3	0	2	7	1	3499	-675	24	12122	1	1	71	0	0	0	0	0	0	0	0	0	0	0	0	0	0	
202.993917	8	6	3	0	2	7	1	3498	-674	24	12181	1	1	72	0	0	0	0	0	0	0	0	0	0	0	0	0	0	
204.000483	8	6	3	0	2	7	1	3495	-674	24	12241	1	1	73	0	0	0	0	0	0	0	0	0	0	0	0	0	0	
205.005600	8	6	3	0	2	7	1	3493	-674	25	12301	1	1	73	0	0	0	0	0	0	0	0	0	0	0	0	0	0	
206.012167	8	6	3	0	2	7	1	3491	-674	24	12362	1	1	74	0	0	0	0	0	0	0	0	0	0	0	0	0	0	
206.997117	8	6	3	0	2	7	1	3489	-674	25	12421	1	1	75	0	0	0	0	0	0	0	0	0	0	0	0	0	0	
208.003683	8	6	3	0	2	7	1	3486	-674	24	12481	1	1	76	0	0	0	0	0	0	0	0	0	0	0	0	0	0	
209.007367	8	6	3	0	2	7	1	3483	-675	24	12542	1	1	77	0	0	0	0	0	0	0	0	0	0	0	0	0	0	
209.995200	8	6	3	0	2	7	1	3477	-674	24	12601	1	1	78	0	0	0	0	0	0	0	0	0	0	0	0	0	0	
211.000317	8	6	3	0	2	7	1	3473	-676	24	12661	1	1	78	0	0	0	0	0	0	0	0	0	0	0	0	0	0	
212.005433	8	6	3	0	2	7	1	3469	-675	24	12721	1	1	79	0	0	0	0	0	0	0	0	0	0	0	0	0	0	
213.010567	8	6	3	0	2	7	1	3467	-675	24	12782	1	1	80	0	0	0	0	0	0	0	0	0	0	0	0	0	0	
213.998400	8	6	3	0	2	7	1	3464	-674	24	12841	1	1	81	0	0	0	0	0	0	0	0	0	0	0	0	0	0	
215.002083	8	6	3	0	2	7	1	3463	-674	24	12901	1	1	82	0	0	0	0	0	0	0	0	0	0	0	0	0	0	
216.008633	8	6	3	0	2	7	1	3459	-674	24	12962	1	1	83	0	0	0	0	0	0	0	0	0	0	0	0	0	0	
216.995033	8	6	3	0	2	7	1	3454	-675	25	13021	1	1	83	0	0	0	0	0	0	0	0	0	0	0	0	0	0	
218.000167	8	6	3	0	2	7	1	3448	-674	24	13081	1	1	84	0	0	0	0	0	0	0	0	0	0	0	0	0	0	
219.005283	8	6	3	0	2	7	1	3444	-673	25	13141	1	1	85	0	0	0	0	0	0	0	0	0	0	0	0	0	0	
220.011833	8	6	3	0	2	7	1	3438	-675	25	13202	1	1	86	0	0	0	0	0	0	0	0	0	0	0	0	0	0	
220.996800	8	6	3	0	2	7	1	3431	-674	25	13261	1	1	87	0	0	0	0	0	0	0	0	0	0	0	0	0	0	
222.003367	8	6	3	0	2	7	1	3423	-675	24	13321	1	1	87	0	0	0	0	0	0	0	0	0	0	0	0	0	0	
223.007033	8	6	3	0	2	7	1	3404	-676	25	13382	1	1	88	0	0	0	0	0	0	0	0	0	0	0	0	0	0	
223.994883	8	6	3	0	2	7	1	3392	-675	25	13441	1	1	89	0	0	0	0	0	0	0	0	0	0	0	0	0	0	
225.000000	8	6	3	0	2	7	1	3373	-673	25	13501	1	1	90	0	0	0	0	0	0	0	0	0	0	0	0	0	0	
226.005117	8	6	3	0	2	7	1	3359	-675	25	13561	1	1	91	0	0	0	0	0	0	0	0	0	0	0	0	0	0	
226.997283	8	6	3	0	2	7	1	3335	-675	25	13621	1	1	92	0	0	0	0	0	0	0	0	0	0	0	0	0	0	
228.002400	8	6	3	0	2	7	1	3315	-674	25	13681	1	1	92	0	0	0	0	0	0	0	0	0	0	0	0	0	0	
229.007517	8	6	3	0	2	7	1	3287	-675	25	13741	1	1	93	0	0	0	0	0	0	0	0	0	0	0	0	0	0	
230.012633	8	6	3	0	2	7	1	3252	-672	24	13802	1	1	94	0	0	0	0	0	0	0	0	0	0	0	0	0	0	
231.000483	8	6	3	0	2	7	1	3198	-673	24	13861	1	1	95	0	0	0	0	0	0	0	0	0	0	0	0	0	0	
232.004167	8	6	3	0	2	7	1	3130	-674	25	13921	1	1	96	0	0	0	0	0	0	0	0	0	0	0	0	0	0	
233.010717	8	6	3	0	2	7	1	3022	-675	25	13982	1	1	97	0	0	0	0	0	0	0	0	0	0	0	0	0	0	
233.995683	8	6	3	0	2	7	1	2734	-675	25	14041	1	1	97	0	0	0	0	0	0	0	0	0	0	0	0	0	0	
234.113767	8	15	3	0	1	31	2	2785	27	25	14048	2	1	97	0	0	0	0	0	0	0	0	0	0	0	0	0	0	
234.135367	8	4	3	0	1	3	2	2917	68	25	14049	2	1	97	0	0	0	0	0	0	0	0	0	0	0	0	0	0	
234.344167	8	3	3	0	1	2	2	3133	456	25	14062	3	1	97	0	0	0	0	0	0	0	0	0	0	0	0	0	0	
235.006567	8	3	3	0	1	2	2	3464	675	25	14101	3	1	97	0	0	0	0	0	0	0	0	0	0	0	0	0	0	
236.013117	8	3	3	0	1	2	2	3620	674	24	14162	3	1	97	0	0	0	0	0	0	0	0	0	0	0	0	0	0	
236.998083	8	3	3	0	1	2	2	3704	674	25	14221	3	1	97	0	0	0	0	0	0	0	0	0	0	0	0	0	0	
238.004633	8	3	3	0	1	2	2	3767	674	25	14281	3	1	97	0	0	0	0	0	0	0	0	0	0	0	0	0	0	
239.009767	8	3	3	0	1	2	2	3823	675	24	14342	3	1	97	0	0	0	0	0	0	0	0	0	0	0	0	0	0	
239.996167	8	3	3	0	1	2	2	3860	674	25	14401	3	1	97	0	0	0	0	0	0	0	0	0	0	0	0	0	0	
241.001283	8	3	3	0	1	2	2	3878	675	25	14461	3	1	97	0	0	0	0	0	0	0	0	0	0	0	0	0	0	
242.007833	8	3	3	0	1	2	2	3893	675	25	14521	3	1	97	0	0	0	0	0	0	0	0	0	0	0	0	0	0	
243.011517	8	3	3	0	1	2	2	3897	674	24	14582	3	1	97	0	0	0	0	0	0	0	0	0	0	0	0	0	0	
243.999367	8	3	3	0	1	2	2	3902	674	24	14641	3	1	97	0	0	0	0	0	0	0	0	0	0	0	0	0	0	
245.003033	8	3	3	0	1	2	2	3912	675	24	14701	3	1	97	0	0	0	0	0	0	0	0	0	0	0	0	0	0	
246.009600	8	3	3	0	1	2	2	3913	674	24	14762	3	1	97	0	0	0	0	0	0	0	0	0	0	0	0	0	0	
247.014717	8	3	3	0	1	2	2	3924	675	24	14822	3	1	97	0	0	0	0	0	0	0	0	0	0	0	0	0	0	
248.001117	8	3	3	0	1	2	2	3927	674	24	14881	3	1	97	0	0	0	0	0	0	0	0	0	0	0	0	0	0	
249.006233	8	3	3	0	1	2	2	3937	673	24	14941	3	1	97	0	0	0	0	0	0	0	0	0	0	0	0	0	0	
250.011367	8	3	3	0	1	2	2	3939	675	24	15002	3	1	97	0	0	0	0	0	0	0	0	0	0	0	0	0	0	
250.999200	8	3	3	0	1	2	2	3941	674	24	15061	3	1	97	0	0	0	0	0	0	0	0	0	0	0	0	0	0	
252.004317	8	3	3	0	1	2	2	3944	675	24	15121	3	1	97	0	0	0	0	0	0	0	0	0	0	0	0	0	0	
253.009433	8	3	3	0	1	2	2	3955	674	24	15181	3	1	97	0	0	0	0	0	0	0	0	0	0	0	0	0	0	
254.014567	8	3	3	0	1	2	2	3966	675	24	15242	3	1	97	0	0	0	0	0	0	0	0	0	0	0	0	0	0	
254.999517	8	3	3	0	1	2	2	3964	675	24	15301	3	1	97	0	0	0	0	0	0	0	0	0	0	0	0	0	0	
256.006083	8	3	3	0	1	2	2	3969	675	24	15361	3	1	97	0	0	0	0	0	0	0	0	0	0	0	0	0	0	
257.011200	8	3	3	0	1	2	2	3979	674	24	15422	3	1	97	0	0	0	0	0	0	0	0	0	0	0	0	0	0	
257.997600	8	3	3	0	1	2	2	3982	675	24	15481	3	1	97	0	0	0	0	0	0	0	0	0	0	0	0	0	0	
259.004167	8	3	3	0	1	2	2	3984	675	24	15541	3	1	97	0	0	0	0	0	0	0	0	0	0	0	0	0	0	
260.009283	8	3	3	0	1	2	2	3999	675	24	15601	3	1	97	0	0	0	0	0	0	0	0	0	0	0	0	0	0	
261.012967	8	3	3	0	1	2	2	3994	674	24	15662	3	1	97	0	0	0	0	0	0	0	0	0	0	0	0	0	0	
262.000800	8	3	3	0	1	2	2	3997	674	24	15721	3	1	97	0	0	0	0	0	0	0	0	0	0	0	0	0	0	
263.007367	8	3	3	0	1	2	2	3998	675	24	15781	3	1	97	0	0	0	0	0	0	0	0	0	0	0	0	0	0	
264.011033	8	3	3	0	1	2	2	3998	674	24	15842	3	1	97	0	0	0	0	0	0	0	0	0	0	0	0	0	0	
264.998883	8	3	3	0	1	2	2	4014	675	24	15901	3	1	97	0	0	0	0	0	0	0	0	0	0	0	0	0	0	
266.002567	8	3	3	0	1	2	2	4007	674	24	15961	3	1	97	0	0	0	0	0	0	0	0	0	0	0	0	0	0	
267.009117	8	3	3	0	1	2	2	4006	675	24	16021	3	1	97	0	0	0	0	0	0	0	0	0	0	0	0	0	0	
268.014233	8	3	3	0	1	2	2	4004	675	24	16082	3	1	97	0	0	0	0	0	0	0	0	0	0	0	0	0	0	
269.000633	8	3	3	0	1	2	2	4009	675	24	16141	3	1	97	0	0	0	0	0	0	0	0	0	0	0	0	0	0	
270.005767	8	3	3	0	1	2	2	4009	675	24	16201	3	1	97	0	0	0	0	0	0	0	0	0	0	0	0	0	0	
271.012317	8	3	3	0	1	2	2	4010	675	24	16262	3	1	97	0	0	0	0	0	0	0	0	0	0	0	0	0	0	
272.016000	8	3	3	0	1	2	2	4014	675	24	16322	3	1	97	0	0	0	0	0	0	0	0	0	0	0	0	0	0	
273.003833	8	3	3	0	1	2	2	4015	674	24	16381	3	1	97	0	0	0	0	0	0	0	0	0	0	0	0	0	0	
274.008967	8	3	3	0	1	2	2	4017	674	24	16441	3	1	97	0	0	0	0	0	0	0	0	0	0	0	0	0	0	
275.014083	8	3	3	0	1	2	2	4019	674	24	16502	3	1	97	0	0	0	0	0	0	0	0	0	0	0	0	0	0	
276.000483	8	3	3	0	1	2	2	4023	674	24	16561	3	1	97	0	0	0	0	0	0	0	0	0	0	0	0	0	0	
277.005600	8	3	3	0	1	2	2	4024	675	24	16621	3	1	97	0	0	0	0	0	0	0	0	0	0	0	0	0	0	
278.010717	8	3	3	0	1	2	2	4026	674	24	16681	3	1	97	0	0	0	0	0	0	0	0	0	0	0	0	0	0	
279.017283	8	3	3	0	1	2	2	4029	675	24	16742	3	1	97	0	0	0	0	0	0	0	0	0	0	0	0	0	0	
280.002233	8	3	3	0	1	2	2	4034	675	24	16801	3	1	97	0	0	0	0	0	0	0	0	0	0	0	0	0	0	
281.008800	8	3	3	0	1	2	2	4035	674	24	16861	3	1	97	0	0	0	0	0	0	0	0	0	0	0	0	0	0	
282.012483	8	3	3	0	1	2	2	4038	675	24	16922	3	1	97	0	0	0	0	0	0	0	0	0	0	0	0	0	0	
283.000317	8	3	3	0	1	2	2	4039	674	24	16981	3	1	97	0	0	0	0	0	0	0	0	0	0	0	0	0	0	
284.005433	8	3	3	0	1	2	2	4042	674	24	17041	3	1	97	0	0	0	0	0	0	0	0	0	0	0	0	0	0	
285.010567	8	3	3	0	1	2	2	4046	674	24	17101	3	1	97	0	0	0	0	0	0	0	0	0	0	0	0	0	0	
286.015683	8	3	3	0	1	2	2	4050	675	24	17162	3	1	97	0	0	0	0	0	0	0	0	0	0	0	0	0	0	
287.002083	8	3	3	0	1	2	2	4050	675	24	17221	3	1	97	0	0	0	0	0	0	0	0	0	0	0	0	0	0	
288.007200	8	3	3	0	1	2	2	4053	675	24	17281	3	1	97	0	0	0	0	0	0	0	0	0	0	0	0	0	0	
289.013767	8	3	3	0	1	2	2	4064	674	24	17342	3	1	97	0	0	0	0	0	0	0	0	0	0	0	0	0	0	
289.998717	8	3	3	0	1	2	2	4062	675	24	17401	3	1	97	0	0	0	0	0	0	0	0	0	0	0	0	0	0	
291.005283	8	3	3	0	1	2	2	4064	674	24	17461	3	1	97	0	0	0	0	0	0	0	0	0	0	0	0	0	0	
292.010400	8	3	3	0	1	2	2	4074	674	24	17521	3	1	97	0	0	0	0	0	0	0	0	0	0	0	0	0	0	
293.015517	8	3	3	0	1	2	2	4072	674	24	17582	3	1	97	0	0	0	0	0	0	0	0	0	0	0	0	0	0	
294.001917	8	3	3	0	1	2	2	4073	674	24	17641	3	1	97	0	0	0	0	0	0	0	0	0	0	0	0	0	0	
295.008483	8	3	3	0	1	2	2	4081	675	24	17701	3	1	97	0	0	0	0	0	0	0	0	0	0	0	0	0	0	
296.012167	8	3	3	0	1	2	2	4090	674	24	17761	3	1	97	0	0	0	0	0	0	0	0	0	0	0	0	0	0	
297.018717	8	3	3	0	1	2	2	4096	674	24	17822	3	1	97	0	0	0	0	0	0	0	0	0	0	0	0	0	0	
298.003683	8	3	3	0	1	2	2	4099	673	24	17881	3	1	97	0	0	0	0	0	0	0	0	0	0	0	0	0	0	
299.010233	8	3	3	0	1	2	2	4100	674	24	17941	3	1	97	0	0	0	0	0	0	0	0	0	0	0	0	0	0	
300.015367	8	3	3	0	1	2	2	4118	670	24	18002	3	1	97	0	0	0	0	0	0	0	0	0	0	0	0	0	0	
301.001767	8	3	3	0	1	2	2	4120	667	24	18061	3	1	97	0	0	0	0	0	0	0	0	0	0	0	0	0	0	
302.006883	8	3	3	0	1	2	2	4119	666	24	18121	3	1	97	0	0	0	0	0	0	0	0	0	0	0	0	0	0	
303.013433	8	3	3	0	1	2	2	4128	664	24	18181	3	1	97	0	0	0	0	0	0	0	0	0	0	0	0	0	0	
304.018567	8	3	3	0	1	2	2	4131	663	24	18242	3	1	97	0	0	0	0	0	0	0	0	0	0	0	0	0	0	
305.004967	8	3	3	0	1	2	2	4134	662	24	18301	3	1	97	0	0	0	0	0	0	0	0	0	0	0	0	0	0	
306.011517	8	3	3	0	1	2	2	4137	662	24	18361	3	1	97	0	0	0	0	0	0	0	0	0	0	0	0	0	0	
307.015200	8	3	3	0	1	2	2	4149	659	24	18422	3	1	97	0	0	0	0	0	0	0	0	0	0	0	0	0	0	
308.001600	8	3	3	0	1	2	2	4149	659	24	18481	3	1	97	0	0	0	0	0	0	0	0	0	0	0	0	0	0	
309.008167	8	3	3	0	1	2	2	4151	659	24	18541	3	1	97	0	0	0	0	0	0	0	0	0	0	0	0	0	0	
310.011833	8	3	3	0	1	2	2	4154	658	24	18601	3	1	97	0	0	0	0	0	0	0	0	0	0	0	0	0	0	
311.018400	8	3	3	0	1	2	2	4164	658	24	18662	3	1	97	0	0	0	0	0	0	0	0	0	0	0	0	0	0	
312.003367	8	3	3	0	1	2	2	4163	657	24	18721	3	1	97	0	0	0	0	0	0	0	0	0	0	0	0	0	0	
313.009917	8	3	3	0	1	2	2	4165	658	24	18781	3	1	97	0	0	0	0	0	0	0	0	0	0	0	0	0	0	
314.016483	8	3	3	0	1	2	2	4170	657	24	18842	3	1	97	0	0	0	0	0	0	0	0	0	0	0	0	0	0	
315.001433	8	3	3	0	1	2	2	4175	656	24	18901	3	1	97	0	0	0	0	0	0	0	0	0	0	0	0	0	0	
316.006567	8	3	3	0	1	2	2	4179	655	24	18961	3	1	97	0	0	0	0	0	0	0	0	0	0	0	0	0	0	
317.013117	8	3	3	0	1	2	2	4183	655	24	19021	3	1	97	0	0	0	0	0	0	0	0	0	0	0	0	0	0	
318.016800	8	3	3	0	1	2	2	4190	654	24	19082	3	1	97	0	0	0	0	0	0	0	0	0	0	0	0	0	0	
319.004633	8	3	3	0	1	2	2	4196	653	24	19141	3	1	97	0	0	0	0	0	0	0	0	0	0	0	0	0	0	
320.011200	8	3	3	0	1	2	2	4200	653	24	19201	3	1	97	0	0	0	0	0	0	0	0	0	0	0	0	0	0	
321.014883	8	3	3	0	1	2	2	4200	488	24	19262	3	1	97	0	0	0	0	0	0	0	0	0	0	0	0	0	0	
322.020000	8	3	3	0	1	2	2	4200	545	24	19322	3	1	97	0	0	0	0	0	0	0	0	0	0	0	0	0	0	
323.006400	8	3	3	0	1	2	2	4200	539	24	19381	3	1	97	0	0	0	0	0	0	0	0	0	0	0	0	0	0	
324.011517	8	3	3	0	1	2	2	4200	521	24	19441	3	1	97	0	0	0	0	0	0	0	0	0	0	0	0	0	0	
325.018083	8	3	3	0	1	2	2	4200	515	24	19502	3	1	97	0	0	0	0	0	0	0	0	0	0	0	0	0	0	
326.004483	8	3	3	0	1	2	2	4200	495	24	19561	3	1	97	0	0	0	0	0	0	0	0	0	0	0	0	0	0	
327.009600	8	3	3	0	1	2	2	4200	493	24	19621	3	1	97	0	0	0	0	0	0	0	0	0	0	0	0	0	0	
328.016167	8	3	3	0	1	2	2	4200	469	24	19681	3	1	97	0	0	0	0	0	0	0	0	0	0	0	0	0	0	
329.019833	8	3	3	0	1	2	2	4200	429	24	19742	3	1	97	0	0	0	0	0	0	0	0	0	0	0	0	0	0	
330.007683	8	3	3	0	1	2	2	4200	460	24	19801	3	1	97	0	0	0	0	0	0	0	0	0	0	0	0	0	0	
331.011367	8	3	3	0	1	2	2	4200	451	24	19861	3	1	97	0	0	0	0	0	0	0	0	0	0	0	0	0	0	
332.016483	8	3	3	0	1	2	2	4200	417	24	19922	3	1	97	0	0	0	0	0	0	0	0	0	0	0	0	0	0	
333.002883	8	3	3	0	1	2	2	4200	421	24	19981	3	1	97	0	0	0	0	0	0	0	0	0	0	0	0	0	0	
334.009433	8	3	3	0	1	2	2	4200	425	24	20041	3	1	97	0	0	0	0	0	0	0	0	0	0	0	0	0	0	
335.014567	8	3	3	0	1	2	2	4200	398	24	20101	3	1	97	0	0	0	0	0	0	0	0	0	0	0	0	0	0	
336.021117	8	3	3	0	1	2	2	4200	422	24	20162	3	1	97	0	0	0	0	0	0	0	0	0	0	0	0	0	0	
337.006083	8	3	3	0	1	2	2	4200	294	24	20221	3	1	97	0	0	0	0	0	0	0	0	0	0	0	0	0	0	
338.012633	8	3	3	0	1	2	2	4200	272	24	20281	3	1	97	0	0	0	0	0	0	0	0	0	0	0	0	0	0	
339.016317	8	3	3	0	1	2	2	4200	270	24	20342	3	1	97	0	0	0	0	0	0	0	0	0	0	0	0	0	0	
340.004167	8	3	3	0	1	2	2	4200	280	24	20401	3	1	97	0	0	0	0	0	0	0	0	0	0	0	0	0	0	
341.009283	8	3	3	0	1	2	2	4200	231	24	20461	3	1	97	0	0	0	0	0	0	0	0	0	0	0	0	0	0	
342.012967	8	3	3	0	1	2	2	4200	220	24	20521	3	1	97	0	0	0	0	0	0	0	0	0	0	0	0	0	0	
343.019517	8	3	3	0	1	2	2	4200	221	24	20582	3	1	97	0	0	0	0	0	0	0	0	0	0	0	0	0	0	
344.005917	8	3	3	0	1	2	2	4200	226	24	20641	3	1	97	0	0	0	0	0	0	0	0	0	0	0	0	0	0	
345.011033	8	3	3	0	1	2	2	4200	228	24	20701	3	1	97	0	0	0	0	0	0	0	0	0	0	0	0	0	0	
346.017600	8	3	3	0	1	2	2	4200	228	24	20761	3	1	97	0	0	0	0	0	0	0	0	0	0	0	0	0	0	
347.021283	8	3	3	0	1	2	2	4200	224	24	20822	3	1	97	0	0	0	0	0	0	0	0	0	0	0	0	0	0	
348.009117	8	3	3	0	1	2	2	4200	222	24	20881	3	1	97	0	0	0	0	0	0	0	0	0	0	0	0	0	0	
349.014233	8	3	3	0	1	2	2	4200	218	24	20941	3	1	97	0	0	0	0	0	0	0	0	0	0	0	0	0	0	
350.017917	8	3	3	0	1	2	2	4200	215	24	21002	3	1	97	0	0	0	0	0	0	0	0	0	0	0	0	0	0	
351.005767	8	3	3	0	1	2	2	4200	205	24	21061	3	1	97	0	0	0	0	0	0	0	0	0	0	0	0	0	0	
352.010883	8	3	3	0	1	2	2	4200	204	24	21121	3	1	97	0	0	0	0	0	0	0	0	0	0	0	0	0	0	
353.016000	8	3	3	0	1	2	2	4200	202	24	21181	3	1	97	0	0	0	0	0	0	0	0	0	0	0	0	0	0	
354.022567	8	3	3	0	1	2	2	4200	200	24	21242	3	1	97	0	0	0	0	0	0	0	0	0	0	0	0	0	0	
355.007517	8	3	3	0	1	2	2	4200	202	24	21301	3	1	97	0	0	0	0	0	0	0	0	0	0	0	0	0	0	
356.014083	8	3	3	0	1	2	2	4200	203	24	21361	3	1	97	0	0	0	0	0	0	0	0	0	0	0	0	0	0	
357.019200	8	3	3	0	1	2	2	4200	201	24	21422	3	1	97	0	0	0	0	0	0	0	0	0	0	0	0	0	0	
358.005600	8	3	3	0	1	2	2	4200	201	24	21481	3	1	97	0	0	0	0	0	0	0	0	0	0	0	0	0	0	
359.010717	8	3	3	0	1	2	2	4200	198	24	21541	3	1	97	0	0	0	0	0	0	0	0	0	0	0	0	0	0	
360.017283	8	3	3	0	1	2	2	4200	196	24	21601	3	1	97	0	0	0	0	0	0	0	0	0	0	0	0	0	0	
361.020967	8	3	3	0	1	2	2	4200	193	24	21662	3	1	97	0	0	0	0	0	0	0	0	0	0	0	0	0	0	
362.008800	8	3	3	0	1	2	2	4200	192	24	21721	3	1	97	0	0	0	0	0	0	0	0	0	0	0	0	0	0	
363.013917	8	3	3	0	1	2	2	4200	187	24	21781	3	1	97	0	0	0	0	0	0	0	0	0	0	0	0	0	0	
364.019033	8	3	3	0	1	2	2	4200	184	24	21842	3	1	97	0	0	0	0	0	0	0	0	0	0	0	0	0	0	
365.005433	8	3	3	0	1	2	2	4200	181	24	21901	3	1	97	0	0	0	0	0	0	0	0	0	0	0	0	0	0	
366.012000	8	3	3	0	1	2	2	4200	173	24	21961	3	1	97	0	0	0	0	0	0	0	0	0	0	0	0	0	0	
367.015683	8	3	3	0	1	2	2	4200	171	24	22021	3	1	97	0	0	0	0	0	0	0	0	0	0	0	0	0	0	
368.023683	8	3	3	0	1	2	2	4201	166	24	22082	3	1	97	0	0	0	0	0	0	0	0	0	0	0	0	0	0	
369.008633	8	3	3	0	1	2	2	4200	165	24	22141	3	1	97	0	0	0	0	0	0	0	0	0	0	0	0	0	0	
370.015200	8	3	3	0	1	2	2	4200	162	24	22201	3	1	97	0	0	0	0	0	0	0	0	0	0	0	0	0	0	
371.020317	8	3	3	0	1	2	2	4200	163	24	22262	3	1	97	0	0	0	0	0	0	0	0	0	0	0	0	0	0	
372.006717	8	3	3	0	1	2	2	4200	161	24	22321	3	1	97	0	0	0	0	0	0	0	0	0	0	0	0	0	0	
373.013283	8	3	3	0	1	2	2	4200	159	24	22381	3	1	97	0	0	0	0	0	0	0	0	0	0	0	0	0	0	
374.018400	8	3	3	0	1	2	2	4200	157	24	22441	3	1	97	0	0	0	0	0	0	0	0	0	0	0	0	0	0	
375.022083	8	3	3	0	1	2	2	4200	153	24	22502	3	1	97	0	0	0	0	0	0	0	0	0	0	0	0	0	0	
376.009917	8	3	3	0	1	2	2	4200	147	24	22561	3	1	97	0	0	0	0	0	0	0	0	0	0	0	0	0	0	
377.016483	8	3	3	0	1	2	2	4200	144	24	22621	3	1	97	0	0	0	0	0	0	0	0	0	0	0	0	0	0	
378.020167	8	3	3	0	1	2	2	4200	143	24	22682	3	1	97	0	0	0	0	0	0	0	0	0	0	0	0	0	0	
379.008000	8	3	3	0	1	2	2	4200	140	24	22741	3	1	97	0	0	0	0	0	0	0	0	0	0	0	0	0	0	
380.011683	8	3	3	0	1	2	2	4200	139	24	22801	3	1	97	0	0	0	0	0	0	0	0	0	0	0	0	0	0	
381.018233	8	3	3	0	1	2	2	4200	137	24	22861	3	1	97	0	0	0	0	0	0	0	0	0	0	0	0	0	0	
382.023367	8	3	3	0	1	2	2	4200	134	24	22922	3	1	97	0	0	0	0	0	0	0	0	0	0	0	0	0	0	
383.009767	8	3	3	0	1	2	2	4200	131	24	22981	3	1	97	0	0	0	0	0	0	0	0	0	0	0	0	0	0	
384.014883	8	3	3	0	1	2	2	4200	131	24	23041	3	1	97	0	0	0	0	0	0	0	0	0	0	0	0	0	0	
385.021433	8	3	3	0	1	2	2	4200	129	24	23102	3	1	97	0	0	0	0	0	0	0	0	0	0	0	0	0	0	
386.025117	8	3	3	0	1	2	2	4200	125	24	23162	3	1	97	0	0	0	0	0	0	0	0	0	0	0	0	0	0	
387.012967	8	3	3	0	1	2	2	4200	123	24	23221	3	1	97	0	0	0	0	0	0	0	0	0	0	0	0	0	0	
388.016633	8	3	3	0	1	2	2	4200	119	24	23281	3	1	97	0	0	0	0	0	0	0	0	0	0	0	0	0	0	
389.023200	8	3	3	0	1	2	2	4200	118	24	23342	3	1	97	0	0	0	0	0	0	0	0	0	0	0	0	0	0	
390.008167	8	3	3	0	1	2	2	4200	115	24	23401	3	1	97	0	0	0	0	0	0	0	0	0	0	0	0	0	0	
391.014717	8	3	3	0	1	2	2	4200	113	24	23461	3	1	97	0	0	0	0	0	0	0	0	0	0	0	0	0	0	
392.019833	8	3	3	0	1	2	2	4200	111	24	23521	3	1	97	0	0	0	0	0	0	0	0	0	0	0	0	0	0	
393.026400	8	3	3	0	1	2	2	4200	110	24	23582	3	1	97	0	0	0	0	0	0	0	0	0	0	0	0	0	0	
394.011367	8	3	3	0	1	2	2	4200	108	24	23641	3	1	97	0	0	0	0	0	0	0	0	0	0	0	0	0	0	
395.017917	8	3	3	0	1	2	2	4200	106	24	23701	3	1	97	0	0	0	0	0	0	0	0	0	0	0	0	0	0	
396.021600	8	3	3	0	1	2	2	4200	104	24	23762	3	1	97	0	0	0	0	0	0	0	0	0	0	0	0	0	0	
397.009433	8	3	3	0	1	2	2	4201	103	24	23821	3	1	97	0	0	0	0	0	0	0	0	0	0	0	0	0	0	
398.014567	8	3	3	0	1	2	2	4200	101	24	23881	3	1	97	0	0	0	0	0	0	0	0	0	0	0	0	0	0	
399.019683	8	3	3	0	1	2	2	4200	100	24	23941	3	1	97	0	0	0	0	0	0	0	0	0	0	0	0	0	0	
400.024800	8	3	3	0	1	2	2	4200	98	24	24002	3	1	97	0	0	0	0	0	0	0	0	0	0	0	0	0	0	
401.011200	8	3	3	0	1	2	2	4200	97	24	24061	3	1	97	0	0	0	0	0	0	0	0	0	0	0	0	0	0	
402.016317	8	3	3	0	1	2	2	4200	95	24	24121	3	1	97	0	0	0	0	0	0	0	0	0	0	0	0	0	0	
403.022883	8	3	3	0	1	2	2	4200	93	24	24182	3	1	97	0	0	0	0	0	0	0	0	0	0	0	0	0	0	
404.007833	8	3	3	0	1	2	2	4200	92	24	24241	3	1	97	0	0	0	0	0	0	0	0	0	0	0	0	0	0	
405.014400	8	3	3	0	1	2	2	4200	90	24	24301	3	1	97	0	0	0	0	0	0	0	0	0	0	0	0	0	0	
406.019517	8	3	3	0	1	2	2	4200	89	24	24361	3	1	97	0	0	0	0	0	0	0	0	0	0	0	0	0	0	
407.026083	8	3	3	0	1	2	2	4200	87	24	24422	3	1	97	0	0	0	0	0	0	0	0	0	0	0	0	0	0	
408.011033	8	3	3	0	1	2	2	4200	86	24	24481	3	1	97	0	0	0	0	0	0	0	0	0	0	0	0	0	0	
409.017600	8	3	3	0	1	2	2	4200	84	24	24541	3	1	97	0	0	0	0	0	0	0	0	0	0	0	0	0	0	
410.021283	8	3	3	0	1	2	2	4200	82	24	24602	3	1	97	0	0	0	0	0	0	0	0	0	0	0	0	0	0	
411.027833	8	3	3	0	1	2	2	4200	80	24	24662	3	1	97	0	0	0	0	0	0	0	0	0	0	0	0	0	0	
412.012800	8	3	3	0	1	2	2	4200	78	24	24721	3	1	97	0	0	0	0	0	0	0	0	0	0	0	0	0	0	
413.019367	8	3	3	0	1	2	2	4200	79	24	24781	3	1	97	0	0	0	0	0	0	0	0	0	0	0	0	0	0	
414.024483	8	3	3	0	1	2	2	4200	80	24	24842	3	1	97	0	0	0	0	0	0	0	0	0	0	0	0	0	0	
415.010883	8	3	3	0	1	2	2	4200	81	24	24901	3	1	97	0	0	0	0	0	0	0	0	0	0	0	0	0	0	
416.016000	8	3	3	0	1	2	2	4200	78	24	24961	3	1	97	0	0	0	0	0	0	0	0	0	0	0	0	0	0	
417.022567	8	3	3	0	1	2	2	4200	76	24	25021	3	1	97	0	0	0	0	0	0	0	0	0	0	0	0	0	0	
418.026233	8	3	3	0	1	2	2	4200	75	24	25082	3	1	97	0	0	0	0	0	0	0	0	0	0	0	0	0	0	
419.014083	8	3	3	0	1	2	2	4200	75	24	25141	3	1	97	0	0	0	0	0	0	0	0	0	0	0	0	0	0	
420.020633	8	3	3	0	1	2	2	4200	75	24	25201	3	1	97	0	0	0	0	0	0	0	0	0	0	0	0	0	0	
421.024317	8	3	3	0	1	2	2	4201	75	24	25262	3	1	97	0	0	0	0	0	0	0	0	0	0	0	0	0	0	
422.010717	8	3	3	0	1	2	2	4200	74	24	25321	3	1	97	0	0	0	0	0	0	0	0	0	0	0	0	0	0	
423.015833	8	3	3	0	1	2	2	4200	69	25	25381	3	1	97	0	0	0	0	0	0	0	0	0	0	0	0	0	0	
424.020967	8	3	3	0	1	2	2	4200	70	25	25441	3	1	97	0	0	0	0	0	0	0	0	0	0	0	0	0	0	
425.027517	8	3	3	0	1	2	2	4200	71	25	25502	3	1	97	0	0	0	0	0	0	0	0	0	0	0	0	0	0	
426.012483	8	3	3	0	1	2	2	4200	67	25	25561	3	1	97	0	0	0	0	0	0	0	0	0	0	0	0	0	0	
426.432967	8	6	3	0	2	7	1	3908	-675	25	25586	3	2	0	0	0	0	0	0	0	0	0	0	0	0	0	0	0	
427.020483	8	6	3	0	2	7	1	3911	-675	25	25621	3	2	0	0	0	0	0	0	0	0	0	0	0	0	0	0	0	
428.027033	8	6	3	0	2	7	1	3895	-674	25	25682	3	2	1	0	0	0	0	0	0	0	0	0	0	0	0	0	0	
429.012000	8	6	3	0	2	7	1	3885	-674	25	25741	3	2	2	0	0	0	0	0	0	0	0	0	0	0	0	0	0	
430.018567	8	6	3	0	2	7	1	3885	-677	25	25801	3	2	2	0	0	0	0	0	0	0	0	0	0	0	0	0	0	
431.023683	8	6	3	0	2	7	1	3878	-674	25	25861	3	2	3	0	0	0	0	0	0	0	0	0	0	0	0	0	0	
432.027367	8	6	3	0	2	7	1	3881	-674	25	25922	3	2	4	0	0	0	0	0	0	0	0	0	0	0	0	0	0	
433.015200	8	6	3	0	2	7	1	3869	-673	25	25981	3	2	5	0	0	0	0	0	0	0	0	0	0	0	0	0	0	
434.020317	8	6	3	0	2	7	1	3860	-673	25	26041	3	2	6	0	0	0	0	0	0	0	0	0	0	0	0	0	0	
435.025433	8	6	3	0	2	7	1	3855	-674	25	26102	3	2	7	0	0	0	0	0	0	0	0	0	0	0	0	0	0	
436.013283	8	6	3	0	2	7	1	3845	-676	25	26161	3	2	7	0	0	0	0	0	0	0	0	0	0	0	0	0	0	
437.016967	8	6	3	0	2	7	1	3840	-674	25	26221	3	2	8	0	0	0	0	0	0	0	0	0	0	0	0	0	0	
438.023517	8	6	3	0	2	7	1	3834	-673	25	26281	3	2	9	0	0	0	0	0	0	0	0	0	0	0	0	0	0	
439.028633	8	6	3	0	2	7	1	3827	-674	25	26342	3	2	10	0	0	0	0	0	0	0	0	0	0	0	0	0	0	
440.015033	8	6	3	0	2	7	1	3814	-677	25	26401	3	2	11	0	0	0	0	0	0	0	0	0	0	0	0	0	0	
441.020167	8	6	3	0	2	7	1	3806	-674	25	26461	3	2	11	0	0	0	0	0	0	0	0	0	0	0	0	0	0	
442.026717	8	6	3	0	2	7	1	3802	-674	25	26522	3	2	12	0	0	0	0	0	0	0	0	0	0	0	0	0	0	
443.011683	8	6	3	0	2	7	1	3795	-675	25	26581	3	2	13	0	0	0	0	0	0	0	0	0	0	0	0	0	0	
444.018233	8	6	3	0	2	7	1	3786	-675	25	26641	3	2	14	0	0	0	0	0	0	0	0	0	0	0	0	0	0	
445.023367	8	6	3	0	2	7	1	3779	-673	25	26701	3	2	15	0	0	0	0	0	0	0	0	0	0	0	0	0	0	
446.028483	8	6	3	0	2	7	1	3772	-674	25	26762	3	2	16	0	0	0	0	0	0	0	0	0	0	0	0	0	0	
447.014883	8	6	3	0	2	7	1	3766	-676	25	26821	3	2	16	0	0	0	0	0	0	0	0	0	0	0	0	0	0	
448.021433	8	6	3	0	2	7	1	3756	-675	25	26881	3	2	17	0	0	0	0	0	0	0	0	0	0	0	0	0	0	
449.025117	8	6	3	0	2	7	1	3752	-674	25	26942	3	2	18	0	0	0	0	0	0	0	0	0	0	0	0	0	0	
450.012967	8	6	3	0	2	7	1	3746	-675	25	27001	3	2	19	0	0	0	0	0	0	0	0	0	0	0	0	0	0	
451.016633	8	6	3	0	2	7	1	3740	-675	25	27061	3	2	20	0	0	0	0	0	0	0	0	0	0	0	0	0	0	
452.023200	8	6	3	0	2	7	1	3731	-674	25	27121	3	2	21	0	0	0	0	0	0	0	0	0	0	0	0	0	0	
453.028317	8	6	3	0	2	7	1	3727	-675	26	27182	3	2	21	0	0	0	0	0	0	0	0	0	0	0	0	0	0	
454.014717	8	6	3	0	2	7	1	3721	-675	26	27241	3	2	22	0	0	0	0	0	0	0	0	0	0	0	0	0	0	
455.019833	8	6	3	0	2	7	1	3716	-675	26	27301	3	2	23	0	0	0	0	0	0	0	0	0	0	0	0	0	0	
456.026400	8	6	3	0	2	7	1	3711	-674	26	27361	3	2	24	0	0	0	0	0	0	0	0	0	0	0	0	0	0	
457.030083	8	6	3	0	2	7	1	3704	-674	26	27422	3	2	25	0	0	0	0	0	0	0	0	0	0	0	0	0	0	
458.017917	8	6	3	0	2	7	1	3698	-674	26	27481	3	2	25	0	0	0	0	0	0	0	0	0	0	0	0	0	0	
459.021600	8	6	3	0	2	7	1	3693	-675	26	27541	3	2	26	0	0	0	0	0	0	0	0	0	0	0	0	0	0	
460.028167	8	6	3	0	2	7	1	3683	-674	26	27602	3	2	27	0	0	0	0	0	0	0	0	0	0	0	0	0	0	
461.014567	8	6	3	0	2	7	1	3678	-673	26	27661	3	2	28	0	0	0	0	0	0	0	0	0	0	0	0	0	0	
462.019683	8	6	3	0	2	7	1	3673	-673	26	27721	3	2	29	0	0	0	0	0	0	0	0	0	0	0	0	0	0	
463.024800	8	6	3	0	2	7	1	3668	-674	26	27781	3	2	30	0	0	0	0	0	0	0	0	0	0	0	0	0	0	
464.031367	8	6	3	0	2	7	1	3663	-674	26	27842	3	2	30	0	0	0	0	0	0	0	0	0	0	0	0	0	0	
465.017767	8	6	3	0	2	7	1	3659	-676	26	27901	3	2	31	0	0	0	0	0	0	0	0	0	0	0	0	0	0	
466.022883	8	6	3	0	2	7	1	3655	-675	26	27961	3	2	32	0	0	0	0	0	0	0	0	0	0	0	0	0	0	
467.029433	8	6	3	0	2	7	1	3647	-675	26	28022	3	2	33	0	0	0	0	0	0	0	0	0	0	0	0	0	0	
468.014400	8	6	3	0	2	7	1	3644	-674	26	28081	3	2	34	0	0	0	0	0	0	0	0	0	0	0	0	0	0	
469.019517	8	6	3	0	2	7	1	3640	-673	26	28141	3	2	35	0	0	0	0	0	0	0	0	0	0	0	0	0	0	
470.026083	8	6	3	0	2	7	1	3634	-675	26	28201	3	2	35	0	0	0	0	0	0	0	0	0	0	0	0	0	0	
471.029767	8	6	3	0	2	7	1	3631	-675	26	28262	3	2	36	0	0	0	0	0	0	0	0	0	0	0	0	0	0	
472.017600	8	6	3	0	2	7	1	3627	-674	26	28321	3	2	37	0	0	0	0	0	0	0	0	0	0	0	0	0	0	
473.024167	8	6	3	0	2	7	1	3624	-676	26	28381	3	2	38	0	0	0	0	0	0	0	0	0	0	0	0	0	0	
474.027833	8	6	3	0	2	7	1	3620	-674	26	28442	3	2	39	0	0	0	0	0	0	0	0	0	0	0	0	0	0	
475.015683	8	6	3	0	2	7	1	3616	-675	26	28501	3	2	40	0	0	0	0	0	0	0	0	0	0	0	0	0	0	
476.019367	8	6	3	0	2	7	1	3612	-674	26	28561	3	2	40	0	0	0	0	0	0	0	0	0	0	0	0	0	0	
477.024483	8	6	3	0	2	7	1	3608	-674	26	28621	3	2	41	0	0	0	0	0	0	0	0	0	0	0	0	0	0	
478.031033	8	6	3	0	2	7	1	3604	-676	26	28682	3	2	42	0	0	0	0	0	0	0	0	0	0	0	0	0	0	
479.017433	8	6	3	0	2	7	1	3600	-674	26	28741	3	2	43	0	0	0	0	0	0	0	0	0	0	0	0	0	0	
480.028317	8	6	3	0	2	7	1	3596	-674	26	28802	3	2	44	0	0	0	0	0	0	0	0	0	0	0	0	0	0	
481.014717	8	6	3	0	2	7	1	3591	-675	26	28861	3	2	44	0	0	0	0	0	0	0	0	0	0	0	0	0	0	
482.021283	8	6	3	0	2	7	1	3584	-674	26	28921	3	2	45	0	0	0	0	0	0	0	0	0	0	0	0	0	0	
483.024967	8	6	3	0	2	7	1	3581	-675	26	28981	3	2	46	0	0	0	0	0	0	0	0	0	0	0	0	0	0	
484.031517	8	6	3	0	2	7	1	3577	-675	26	29042	3	2	47	0	0	0	0	0	0	0	0	0	0	0	0	0	0	
485.017917	8	6	3	0	2	7	1	3574	-674	26	29101	3	2	48	0	0	0	0	0	0	0	0	0	0	0	0	0	0	
486.023033	8	6	3	0	2	7	1	3570	-675	26	29161	3	2	49	0	0	0	0	0	0	0	0	0	0	0	0	0	0	
487.028167	8	6	3	0	2	7	1	3566	-674	26	29222	3	2	49	0	0	0	0	0	0	0	0	0	0	0	0	0	0	
488.016000	8	6	3	0	2	7	1	3563	-674	26	29281	3	2	50	0	0	0	0	0	0	0	0	0	0	0	0	0	0	
489.019683	8	6	3	0	2	7	1	3558	-674	26	29341	3	2	51	0	0	0	0	0	0	0	0	0	0	0	0	0	0	
490.026233	8	6	3	0	2	7	1	3553	-675	26	29401	3	2	52	0	0	0	0	0	0	0	0	0	0	0	0	0	0	
491.031367	8	6	3	0	2	7	1	3552	-675	26	29462	3	2	53	0	0	0	0	0	0	0	0	0	0	0	0	0	0	
492.017767	8	6	3	0	2	7	1	3548	-675	26	29521	3	2	54	0	0	0	0	0	0	0	0	0	0	0	0	0	0	
493.022883	8	6	3	0	2	7	1	3545	-674	26	29581	3	2	54	0	0	0	0	0	0	0	0	0	0	0	0	0	0	
494.029433	8	6	3	0	2	7	1	3543	-674	26	29642	3	2	55	0	0	0	0	0	0	0	0	0	0	0	0	0	0	
495.033117	8	6	3	0	2	7	1	3540	-675	26	29702	3	2	56	0	0	0	0	0	0	0	0	0	0	0	0	0	0	
496.020967	8	6	3	0	2	7	1	3538	-674	26	29761	3	2	57	0	0	0	0	0	0	0	0	0	0	0	0	0	0	
497.026083	8	6	3	0	2	7	1	3535	-676	26	29821	3	2	58	0	0	0	0	0	0	0	0	0	0	0	0	0	0	
498.031200	8	6	3	0	2	7	1	3533	-675	26	29882	3	2	58	0	0	0	0	0	0	0	0	0	0	0	0	0	0	
499.019033	8	6	3	0	2	7	1	3530	-675	26	29941	3	2	59	0	0	0	0	0	0	0	0	0	0	0	0	0	0	
500.022717	8	6	3	0	2	7	1	3527	-673	27	30001	3	2	60	0	0	0	0	0	0	0	0	0	0	0	0	0	0	
501.027833	8	6	3	0	2	7	1	3524	-674	27	30061	3	2	61	0	0	0	0	0	0	0	0	0	0	0	0	0	0	
502.034400	8	6	3	0	2	7	1	3522	-675	27	30122	3	2	62	0	0	0	0	0	0	0	0	0	0	0	0	0	0	
503.019367	8	6	3	0	2	7	1	3520	-674	27	30181	3	2	63	0	0	0	0	0	0	0	0	0	0	0	0	0	0	
504.025917	8	6	3	0	2	7	1	3516	-675	27	30241	3	2	63	0	0	0	0	0	0	0	0	0	0	0	0	0	0	
505.031033	8	6	3	0	2	7	1	3513	-674	26	30302	3	2	64	0	0	0	0	0	0	0	0	0	0	0	0	0	0	
506.017433	8	6	3	0	2	7	1	3510	-675	27	30361	3	2	65	0	0	0	0	0	0	0	0	0	0	0	0	0	0	
507.024000	8	6	3	0	2	7	1	3507	-675	27	30421	3	2	66	0	0	0	0	0	0	0	0	0	0	0	0	0	0	
508.029117	8	6	3	0	2	7	1	3504	-673	27	30481	3	2	67	0	0	0	0	0	0	0	0	0	0	0	0	0	0	
509.032800	8	6	3	0	2	7	1	3501	-674	27	30542	3	2	67	0	0	0	0	0	0	0	0	0	0	0	0	0	0	
510.020633	8	6	3	0	2	7	1	3498	-675	27	30601	3	2	68	0	0	0	0	0	0	0	0	0	0	0	0	0	0	
511.027200	8	6	3	0	2	7	1	3495	-673	27	30661	3	2	69	0	0	0	0	0	0	0	0	0	0	0	0	0	0	
512.030883	8	6	3	0	2	7	1	3492	-674	27	30722	3	2	70	0	0	0	0	0	0	0	0	0	0	0	0	0	0	
513.018717	8	6	3	0	2	7	1	3489	-674	27	30781	3	2	71	0	0	0	0	0	0	0	0	0	0	0	0	0	0	
514.023833	8	6	3	0	2	7	1	3486	-674	27	30841	3	2	72	0	0	0	0	0	0	0	0	0	0	0	0	0	0	
515.028967	8	6	3	0	2	7	1	3483	-675	27	30901	3	2	72	0	0	0	0	0	0	0	0	0	0	0	0	0	0	
516.034083	8	6	3	0	2	7	1	3480	-675	27	30962	3	2	73	0	0	0	0	0	0	0	0	0	0	0	0	0	0	
517.020483	8	6	3	0	2	7	1	3477	-674	27	31021	3	2	74	0	0	0	0	0	0	0	0	0	0	0	0	0	0	
518.025600	8	6	3	0	2	7	1	3474	-674	27	31081	3	2	75	0	0	0	0	0	0	0	0	0	0	0	0	0	0	
519.032167	8	6	3	0	2	7	1	3471	-676	27	31142	3	2	76	0	0	0	0	0	0	0	0	0	0	0	0	0	0	
520.017117	8	6	3	0	2	7	1	3469	-674	27	31201	3	2	77	0	0	0	0	0	0	0	0	0	0	0	0	0	0	
521.023683	8	6	3	0	2	7	1	3466	-675	27	31261	3	2	77	0	0	0	0	0	0	0	0	0	0	0	0	0	0	
522.028800	8	6	3	0	2	7	1	3463	-675	27	31321	3	2	78	0	0	0	0	0	0	0	0	0	0	0	0	0	0	
523.033917	8	6	3	0	2	7	1	3460	-673	27	31382	3	2	79	0	0	0	0	0	0	0	0	0	0	0	0	0	0	
524.020317	8	6	3	0	2	7	1	3457	-673	27	31441	3	2	80	0	0	0	0	0	0	0	0	0	0	0	0	0	0	
525.026883	8	6	3	0	2	7	1	3453	-674	27	31501	3	2	81	0	0	0	0	0	0	0	0	0	0	0	0	0	0	
526.030567	8	6	3	0	2	7	1	3448	-673	27	31562	3	2	81	0	0	0	0	0	0	0	0	0	0	0	0	0	0	
527.018400	8	6	3	0	2	7	1	3444	-675	27	31621	3	2	82	0	0	0	0	0	0	0	0	0	0	0	0	0	0	
528.023517	8	6	3	0	2	7	1	3440	-674	27	31681	3	2	83	0	0	0	0	0	0	0	0	0	0	0	0	0	0	
529.028633	8	6	3	0	2	7	1	3436	-674	27	31741	3	2	84	0	0	0	0	0	0	0	0	0	0	0	0	0	0	
530.033767	8	6	3	0	2	7	1	3431	-675	27	31802	3	2	85	0	0	0	0	0	0	0	0	0	0	0	0	0	0	
531.021600	8	6	3	0	2	7	1	3425	-674	27	31861	3	2	86	0	0	0	0	0	0	0	0	0	0	0	0	0	0	
532.025283	8	6	3	0	2	7	1	3417	-673	27	31921	3	2	86	0	0	0	0	0	0	0	0	0	0	0	0	0	0	
533.031833	8	6	3	0	2	7	1	3407	-673	27	31982	3	2	87	0	0	0	0	0	0	0	0	0	0	0	0	0	0	
534.036967	8	6	3	0	2	7	1	3395	-675	27	32042	3	2	88	0	0	0	0	0	0	0	0	0	0	0	0	0	0	
535.023367	8	6	3	0	2	7	1	3381	-675	27	32101	3	2	89	0	0	0	0	0	0	0	0	0	0	0	0	0	0	
536.028483	8	6	3	0	2	7	1	3363	-674	27	32161	3	2	90	0	0	0	0	0	0	0	0	0	0	0	0	0	0	
537.035033	8	6	3	0	2	7	1	3342	-673	27	32222	3	2	91	0	0	0	0	0	0	0	0	0	0	0	0	0	0	
538.020000	8	6	3	0	2	7	1	3316	-673	27	32281	3	2	91	0	0	0	0	0	0	0	0	0	0	0	0	0	0	
539.026567	8	6	3	0	2	7	1	3283	-676	27	32341	3	2	92	0	0	0	0	0	0	0	0	0	0	0	0	0	0	
540.030233	8	6	3	0	2	7	1	3239	-674	27	32401	3	2	93	0	0	0	0	0	0	0	0	0	0	0	0	0	0	
541.036800	8	6	3	0	2	7	1	3176	-674	27	32462	3	2	94	0	0	0	0	0	0	0	0	0	0	0	0	0	0	
542.023200	8	6	3	0	2	7	1	3084	-675	27	32521	3	2	95	0	0	0	0	0	0	0	0	0	0	0	0	0	0	
543.028317	8	6	3	0	2	7	1	2905	-674	27	32581	3	2	95	0	0	0	0	0	0	0	0	0	0	0	0	0	0	
543.504967	8	15	3	0	1	31	2	2886	64	27	32610	4	2	96	0	0	0	0	0	0	0	0	0	0	0	0	0	0	
543.525117	8	4	3	0	1	3	2	2907	66	27	32611	4	2	96	0	0	0	0	0	0	0	0	0	0	0	0	0	0	
543.808800	8	3	3	0	1	2	2	3199	626	27	32628	5	2	96	0	0	0	0	0	0	0	0	0	0	0	0	0	0	
544.020483	8	3	3	0	1	2	2	3356	674	27	32641	5	2	96	0	0	0	0	0	0	0	0	0	0	0	0	0	0	
545.027033	8	3	3	0	1	2	2	3584	675	27	32701	5	2	96	0	0	0	0	0	0	0	0	0	0	0	0	0	0	
546.030717	8	3	3	0	1	2	2	3685	675	27	32761	5	2	96	0	0	0	0	0	0	0	0	0	0	0	0	0	0	
547.035833	8	3	3	0	1	2	2	3756	675	27	32822	5	2	96	0	0	0	0	0	0	0	0	0	0	0	0	0	0	
548.022233	8	3	3	0	1	2	2	3810	674	27	32881	5	2	96	0	0	0	0	0	0	0	0	0	0	0	0	0	0	
549.027367	8	3	3	0	1	2	2	3852	675	27	32941	5	2	96	0	0	0	0	0	0	0	0	0	0	0	0	0	0	
550.033917	8	3	3	0	1	2	2	3884	675	27	33002	5	2	96	0	0	0	0	0	0	0	0	0	0	0	0	0	0	
551.020317	8	3	3	0	1	2	2	3898	674	27	33061	5	2	96	0	0	0	0	0	0	0	0	0	0	0	0	0	0	
552.025433	8	3	3	0	1	2	2	3904	675	27	33121	5	2	96	0	0	0	0	0	0	0	0	0	0	0	0	0	0	
553.032000	8	3	3	0	1	2	2	3909	675	27	33181	5	2	96	0	0	0	0	0	0	0	0	0	0	0	0	0	0	
554.035683	8	3	3	0	1	2	2	3914	674	27	33242	5	2	96	0	0	0	0	0	0	0	0	0	0	0	0	0	0	
555.022083	8	3	3	0	1	2	2	3919	674	27	33301	5	2	96	0	0	0	0	0	0	0	0	0	0	0	0	0	0	
556.028633	8	3	3	0	1	2	2	3924	674	27	33361	5	2	96	0	0	0	0	0	0	0	0	0	0	0	0	0	0	
557.032317	8	3	3	0	1	2	2	3930	675	27	33422	5	2	96	0	0	0	0	0	0	0	0	0	0	0	0	0	0	
558.038883	8	3	3	0	1	2	2	3935	676	27	33482	5	2	96	0	0	0	0	0	0	0	0	0	0	0	0	0	0	
559.026717	8	3	3	0	1	2	2	3940	673	27	33541	5	2	96	0	0	0	0	0	0	0	0	0	0	0	0	0	0	
560.030400	8	3	3	0	1	2	2	3946	674	27	33601	5	2	96	0	0	0	0	0	0	0	0	0	0	0	0	0	0	
561.036967	8	3	3	0	1	2	2	3952	674	27	33662	5	2	96	0	0	0	0	0	0	0	0	0	0	0	0	0	0	
562.021917	8	3	3	0	1	2	2	3958	674	27	33721	5	2	96	0	0	0	0	0	0	0	0	0	0	0	0	0	0	
563.028483	8	3	3	0	1	2	2	3963	674	27	33781	5	2	96	0	0	0	0	0	0	0	0	0	0	0	0	0	0	
564.033600	8	3	3	0	1	2	2	3969	674	27	33841	5	2	96	0	0	0	0	0	0	0	0	0	0	0	0	0	0	
565.040167	8	3	3	0	1	2	2	3974	675	27	33902	5	2	96	0	0	0	0	0	0	0	0	0	0	0	0	0	0	
566.025117	8	3	3	0	1	2	2	3978	675	27	33961	5	2	96	0	0	0	0	0	0	0	0	0	0	0	0	0	0	
567.031683	8	3	3	0	1	2	2	3982	675	27	34021	5	2	96	0	0	0	0	0	0	0	0	0	0	0	0	0	0	
568.035367	8	3	3	0	1	2	2	3987	675	27	34082	5	2	96	0	0	0	0	0	0	0	0	0	0	0	0	0	0	
569.023200	8	3	3	0	1	2	2	3990	675	27	34141	5	2	96	0	0	0	0	0	0	0	0	0	0	0	0	0	0	
570.026883	8	3	3	0	1	2	2	3993	675	27	34201	5	2	96	0	0	0	0	0	0	0	0	0	0	0	0	0	0	
571.033433	8	3	3	0	1	2	2	3996	675	27	34261	5	2	96	0	0	0	0	0	0	0	0	0	0	0	0	0	0	
572.038567	8	3	3	0	1	2	2	3998	674	27	34322	5	2	96	0	0	0	0	0	0	0	0	0	0	0	0	0	0	
573.024967	8	3	3	0	1	2	2	4000	674	27	34381	5	2	96	0	0	0	0	0	0	0	0	0	0	0	0	0	0	
574.030083	8	3	3	0	1	2	2	4002	674	27	34441	5	2	96	0	0	0	0	0	0	0	0	0	0	0	0	0	0	
575.036633	8	3	3	0	1	2	2	4004	675	27	34502	5	2	96	0	0	0	0	0	0	0	0	0	0	0	0	0	0	
576.021600	8	3	3	0	1	2	2	4005	674	27	34561	5	2	96	0	0	0	0	0	0	0	0	0	0	0	0	0	0	
577.028167	8	3	3	0	1	2	2	4008	674	27	34621	5	2	96	0	0	0	0	0	0	0	0	0	0	0	0	0	0	
578.033283	8	3	3	0	1	2	2	4010	674	27	34681	5	2	96	0	0	0	0	0	0	0	0	0	0	0	0	0	0	
579.038400	8	3	3	0	1	2	2	4012	675	27	34742	5	2	96	0	0	0	0	0	0	0	0	0	0	0	0	0	0	
580.024800	8	3	3	0	1	2	2	4015	675	27	34801	5	2	96	0	0	0	0	0	0	0	0	0	0	0	0	0	0	
581.031367	8	3	3	0	1	2	2	4017	675	27	34861	5	2	96	0	0	0	0	0	0	0	0	0	0	0	0	0	0	
582.035033	8	3	3	0	1	2	2	4019	674	27	34922	5	2	96	0	0	0	0	0	0	0	0	0	0	0	0	0	0	
583.022883	8	3	3	0	1	2	2	4021	674	27	34981	5	2	96	0	0	0	0	0	0	0	0	0	0	0	0	0	0	
584.028000	8	3	3	0	1	2	2	4024	675	27	35041	5	2	96	0	0	0	0	0	0	0	0	0	0	0	0	0	0	
585.033117	8	3	3	0	1	2	2	4026	675	27	35101	5	2	96	0	0	0	0	0	0	0	0	0	0	0	0	0	0	
586.038233	8	3	3	0	1	2	2	4028	675	27	35162	5	2	96	0	0	0	0	0	0	0	0	0	0	0	0	0	0	
587.024633	8	3	3	0	1	2	2	4031	675	27	35221	5	2	96	0	0	0	0	0	0	0	0	0	0	0	0	0	0	
588.029767	8	3	3	0	1	2	2	4034	675	27	35281	5	2	96	0	0	0	0	0	0	0	0	0	0	0	0	0	0	
589.036317	8	3	3	0	1	2	2	4036	674	28	35342	5	2	96	0	0	0	0	0	0	0	0	0	0	0	0	0	0	
590.041433	8	3	3	0	1	2	2	4038	675	28	35402	5	2	96	0	0	0	0	0	0	0	0	0	0	0	0	0	0	
591.027833	8	3	3	0	1	2	2	4041	674	27	35461	5	2	96	0	0	0	0	0	0	0	0	0	0	0	0	0	0	
592.032967	8	3	3	0	1	2	2	4044	674	27	35521	5	2	96	0	0	0	0	0	0	0	0	0	0	0	0	0	0	
593.039517	8	3	3	0	1	2	2	4047	675	28	35582	5	2	96	0	0	0	0	0	0	0	0	0	0	0	0	0	0	
594.024483	8	3	3	0	1	2	2	4050	675	27	35641	5	2	96	0	0	0	0	0	0	0	0	0	0	0	0	0	0	
595.031033	8	3	3	0	1	2	2	4052	674	28	35701	5	2	96	0	0	0	0	0	0	0	0	0	0	0	0	0	0	
596.034717	8	3	3	0	1	2	2	4054	675	28	35761	5	2	96	0	0	0	0	0	0	0	0	0	0	0	0	0	0	
597.041283	8	3	3	0	1	2	2	4057	675	28	35822	5	2	96	0	0	0	0	0	0	0	0	0	0	0	0	0	0	
598.029117	8	3	3	0	1	2	2	4060	675	28	35881	5	2	96	0	0	0	0	0	0	0	0	0	0	0	0	0	0	
599.032800	8	3	3	0	1	2	2	4063	675	28	35941	5	2	96	0	0	0	0	0	0	0	0	0	0	0	0	0	0	
600.037917	8	3	3	0	1	2	2	4065	674	28	36002	5	2	96	0	0	0	0	0	0	0	0	0	0	0	0	0	0	
601.024317	8	3	3	0	1	2	2	4069	675	28	36061	5	2	96	0	0	0	0	0	0	0	0	0	0	0	0	0	0	
602.029433	8	3	3	0	1	2	2	4071	674	28	36121	5	2	96	0	0	0	0	0	0	0	0	0	0	0	0	0	0	
603.036000	8	3	3	0	1	2	2	4075	675	28	36181	5	2	96	0	0	0	0	0	0	0	0	0	0	0	0	0	0	
604.041117	8	3	3	0	1	2	2	4078	674	28	36242	5	2	96	0	0	0	0	0	0	0	0	0	0	0	0	0	0	
605.027517	8	3	3	0	1	2	2	4081	674	28	36301	5	2	96	0	0	0	0	0	0	0	0	0	0	0	0	0	0	
606.034083	8	3	3	0	1	2	2	4085	675	28	36361	5	2	96	0	0	0	0	0	0	0	0	0	0	0	0	0	0	
607.037767	8	3	3	0	1	2	2	4088	674	28	36422	5	2	96	0	0	0	0	0	0	0	0	0	0	0	0	0	0	
608.024167	8	3	3	0	1	2	2	4093	676	27	36481	5	2	96	0	0	0	0	0	0	0	0	0	0	0	0	0	0	
609.030717	8	3	3	0	1	2	2	4096	674	28	36541	5	2	96	0	0	0	0	0	0	0	0	0	0	0	0	0	0	
610.034400	8	3	3	0	1	2	2	4101	675	28	36601	5	2	96	0	0	0	0	0	0	0	0	0	0	0	0	0	0	
611.040967	8	3	3	0	1	2	2	4104	674	28	36662	5	2	96	0	0	0	0	0	0	0	0	0	0	0	0	0	0	
612.027367	8	3	3	0	1	2	2	4108	674	28	36721	5	2	96	0	0	0	0	0	0	0	0	0	0	0	0	0	0	
613.032483	8	3	3	0	1	2	2	4112	675	28	36781	5	2	96	0	0	0	0	0	0	0	0	0	0	0	0	0	0	
614.039033	8	3	3	0	1	2	2	4116	670	28	36842	5	2	96	0	0	0	0	0	0	0	0	0	0	0	0	0	0	
615.042717	8	3	3	0	1	2	2	4118	668	28	36902	5	2	96	0	0	0	0	0	0	0	0	0	0	0	0	0	0	
616.030567	8	3	3	0	1	2	2	4121	666	28	36961	5	2	96	0	0	0	0	0	0	0	0	0	0	0	0	0	0	
617.035683	8	3	3	0	1	2	2	4125	666	28	37021	5	2	96	0	0	0	0	0	0	0	0	0	0	0	0	0	0	
618.039367	8	3	3	0	1	2	2	4129	666	28	37082	5	2	96	0	0	0	0	0	0	0	0	0	0	0	0	0	0	
619.027200	8	3	3	0	1	2	2	4133	665	28	37141	5	2	96	0	0	0	0	0	0	0	0	0	0	0	0	0	0	
620.033767	8	3	3	0	1	2	2	4137	665	28	37201	5	2	96	0	0	0	0	0	0	0	0	0	0	0	0	0	0	
621.038883	8	3	3	0	1	2	2	4141	663	28	37262	5	2	96	0	0	0	0	0	0	0	0	0	0	0	0	0	0	
622.026717	8	3	3	0	1	2	2	4145	662	28	37321	5	2	96	0	0	0	0	0	0	0	0	0	0	0	0	0	0	
623.030400	8	3	3	0	1	2	2	4150	661	28	37381	5	2	96	0	0	0	0	0	0	0	0	0	0	0	0	0	0	
624.036967	8	3	3	0	1	2	2	4154	661	28	37441	5	2	96	0	0	0	0	0	0	0	0	0	0	0	0	0	0	
625.042083	8	3	3	0	1	2	2	4159	661	28	37502	5	2	96	0	0	0	0	0	0	0	0	0	0	0	0	0	0	
626.028483	8	3	3	0	1	2	2	4163	660	28	37561	5	2	96	0	0	0	0	0	0	0	0	0	0	0	0	0	0	
627.033600	8	3	3	0	1	2	2	4168	659	28	37621	5	2	96	0	0	0	0	0	0	0	0	0	0	0	0	0	0	
628.040167	8	3	3	0	1	2	2	4173	658	28	37682	5	2	96	0	0	0	0	0	0	0	0	0	0	0	0	0	0	
629.025117	8	3	3	0	1	2	2	4177	658	28	37741	5	2	96	0	0	0	0	0	0	0	0	0	0	0	0	0	0	
630.031683	8	3	3	0	1	2	2	4183	658	28	37801	5	2	96	0	0	0	0	0	0	0	0	0	0	0	0	0	0	
631.036800	8	3	3	0	1	2	2	4188	657	28	37861	5	2	96	0	0	0	0	0	0	0	0	0	0	0	0	0	0	
632.041917	8	3	3	0	1	2	2	4192	656	28	37922	5	2	96	0	0	0	0	0	0	0	0	0	0	0	0	0	0	
633.029767	8	3	3	0	1	2	2	4198	656	28	37981	5	2	96	0	0	0	0	0	0	0	0	0	0	0	0	0	0	
634.033433	8	3	3	0	1	2	2	4200	646	28	38041	5	2	96	0	0	0	0	0	0	0	0	0	0	0	0	0	0	
635.038567	8	3	3	0	1	2	2	4200	631	28	38101	5	2	96	0	0	0	0	0	0	0	0	0	0	0	0	0	0	
636.045117	8	3	3	0	1	2	2	4200	616	28	38162	5	2	96	0	0	0	0	0	0	0	0	0	0	0	0	0	0	
637.030083	8	3	3	0	1	2	2	4201	607	28	38221	5	2	96	0	0	0	0	0	0	0	0	0	0	0	0	0	0	
638.036633	8	3	3	0	1	2	2	4200	589	28	38281	5	2	96	0	0	0	0	0	0	0	0	0	0	0	0	0	0	
639.041767	8	3	3	0	1	2	2	4200	557	28	38342	5	2	96	0	0	0	0	0	0	0	0	0	0	0	0	0	0	
640.028167	8	3	3	0	1	2	2	4200	542	28	38401	5	2	96	0	0	0	0	0	0	0	0	0	0	0	0	0	0	
641.033283	8	3	3	0	1	2	2	4200	473	28	38461	5	2	96	0	0	0	0	0	0	0	0	0	0	0	0	0	0	
642.038400	8	3	3	0	1	2	2	4200	458	28	38521	5	2	96	0	0	0	0	0	0	0	0	0	0	0	0	0	0	
643.043517	8	3	3	0	1	2	2	4200	420	28	38582	5	2	96	0	0	0	0	0	0	0	0	0	0	0	0	0	0	
644.031367	8	3	3	0	1	2	2	4200	423	28	38641	5	2	96	0	0	0	0	0	0	0	0	0	0	0	0	0	0	
645.035033	8	3	3	0	1	2	2	4200	379	28	38701	5	2	96	0	0	0	0	0	0	0	0	0	0	0	0	0	0	
646.041600	8	3	3	0	1	2	2	4200	377	28	38762	5	2	96	0	0	0	0	0	0	0	0	0	0	0	0	0	0	
647.029433	8	3	3	0	1	2	2	4200	371	28	38821	5	2	96	0	0	0	0	0	0	0	0	0	0	0	0	0	0	
648.033117	8	3	3	0	1	2	2	4200	373	28	38881	5	2	96	0	0	0	0	0	0	0	0	0	0	0	0	0	0	
649.038233	8	3	3	0	1	2	2	4200	369	28	38941	5	2	96	0	0	0	0	0	0	0	0	0	0	0	0	0	0	
650.044800	8	3	3	0	1	2	2	4200	356	28	39002	5	2	96	0	0	0	0	0	0	0	0	0	0	0	0	0	0	
651.031200	8	3	3	0	1	2	2	4200	351	28	39061	5	2	96	0	0	0	0	0	0	0	0	0	0	0	0	0	0	
652.036317	8	3	3	0	1	2	2	4200	333	28	39121	5	2	96	0	0	0	0	0	0	0	0	0	0	0	0	0	0	
653.042883	8	3	3	0	1	2	2	4201	333	28	39182	5	2	96	0	0	0	0	0	0	0	0	0	0	0	0	0	0	
654.027833	8	3	3	0	1	2	2	4200	330	28	39241	5	2	96	0	0	0	0	0	0	0	0	0	0	0	0	0	0	
655.034400	8	3	3	0	1	2	2	4200	316	28	39301	5	2	96	0	0	0	0	0	0	0	0	0	0	0	0	0	0	
656.039517	8	3	3	0	1	2	2	4200	318	28	39361	5	2	96	0	0	0	0	0	0	0	0	0	0	0	0	0	0	
657.043200	8	3	3	0	1	2	2	4200	313	28	39422	5	2	96	0	0	0	0	0	0	0	0	0	0	0	0	0	0	
658.031033	8	3	3	0	1	2	2	4200	289	28	39481	5	2	96	0	0	0	0	0	0	0	0	0	0	0	0	0	0	
659.036167	8	3	3	0	1	2	2	4200	287	28	39541	5	2	96	0	0	0	0	0	0	0	0	0	0	0	0	0	0	
660.041283	8	3	3	0	1	2	2	4200	281	28	39602	5	2	96	0	0	0	0	0	0	0	0	0	0	0	0	0	0	
661.047833	8	3	3	0	1	2	2	4200	275	28	39662	5	2	96	0	0	0	0	0	0	0	0	0	0	0	0	0	0	
662.032800	8	3	3	0	1	2	2	4200	262	28	39721	5	2	96	0	0	0	0	0	0	0	0	0	0	0	0	0	0	
663.039367	8	3	3	0	1	2	2	4200	258	28	39781	5	2	96	0	0	0	0	0	0	0	0	0	0	0	0	0	0	
664.044483	8	3	3	0	1	2	2	4200	256	28	39842	5	2	96	0	0	0	0	0	0	0	0	0	0	0	0	0	0	
665.030883	8	3	3	0	1	2	2	4200	255	28	39901	5	2	96	0	0	0	0	0	0	0	0	0	0	0	0	0	0	
666.036000	8	3	3	0	1	2	2	4200	252	28	39961	5	2	96	0	0	0	0	0	0	0	0	0	0	0	0	0	0	
667.041117	8	3	3	0	1	2	2	4200	244	28	40021	5	2	96	0	0	0	0	0	0	0	0	0	0	0	0	0	0	
668.046233	8	3	3	0	1	2	2	4200	237	28	40082	5	2	96	0	0	0	0	0	0	0	0	0	0	0	0	0	0	
669.034083	8	3	3	0	1	2	2	4200	234	28	40141	5	2	96	0	0	0	0	0	0	0	0	0	0	0	0	0	0	
670.037767	8	3	3	0	1	2	2	4200	229	28	40201	5	2	96	0	0	0	0	0	0	0	0	0	0	0	0	0	0	
671.044317	8	3	3	0	1	2	2	4200	223	28	40262	5	2	96	0	0	0	0	0	0	0	0	0	0	0	0	0	0	
672.029283	8	3	3	0	1	2	2	4200	216	28	40321	5	2	96	0	0	0	0	0	0	0	0	0	0	0	0	0	0	
673.035833	8	3	3	0	1	2	2	4200	210	28	40381	5	2	96	0	0	0	0	0	0	0	0	0	0	0	0	0	0	
674.040967	8	3	3	0	1	2	2	4200	203	28	40441	5	2	96	0	0	0	0	0	0	0	0	0	0	0	0	0	0	
675.047517	8	3	3	0	1	2	2	4200	197	28	40502	5	2	96	0	0	0	0	0	0	0	0	0	0	0	0	0	0	
676.032483	8	3	3	0	1	2	2	4200	192	28	40561	5	2	96	0	0	0	0	0	0	0	0	0	0	0	0	0	0	
677.039033	8	3	3	0	1	2	2	4200	185	28	40621	5	2	96	0	0	0	0	0	0	0	0	0	0	0	0	0	0	
678.042717	8	3	3	0	1	2	2	4200	181	28	40682	5	2	96	0	0	0	0	0	0	0	0	0	0	0	0	0	0	
679.030567	8	3	3	0	1	2	2	4200	176	28	40741	5	2	96	0	0	0	0	0	0	0	0	0	0	0	0	0	0	
680.035683	8	3	3	0	1	2	2	4200	171	28	40801	5	2	96	0	0	0	0	0	0	0	0	0	0	0	0	0	0	
681.040800	8	3	3	0	1	2	2	4200	167	28	40861	5	2	96	0	0	0	0	0	0	0	0	0	0	0	0	0	0	
682.045917	8	3	3	0	1	2	2	4200	163	28	40922	5	2	96	0	0	0	0	0	0	0	0	0	0	0	0	0	0	
683.032317	8	3	3	0	1	2	2	4200	158	28	40981	5	2	96	0	0	0	0	0	0	0	0	0	0	0	0	0	0	
684.037433	8	3	3	0	1	2	2	4200	155	28	41041	5	2	96	0	0	0	0	0	0	0	0	0	0	0	0	0	0	
685.044000	8	3	3	0	1	2	2	4200	151	28	41102	5	2	96	0	0	0	0	0	0	0	0	0	0	0	0	0	0	
686.028967	8	3	3	0	1	2	2	4200	148	28	41161	5	2	96	0	0	0	0	0	0	0	0	0	0	0	0	0	0	
687.035517	8	3	3	0	1	2	2	4200	144	28	41221	5	2	96	0	0	0	0	0	0	0	0	0	0	0	0	0	0	
688.040633	8	3	3	0	1	2	2	4200	140	28	41281	5	2	96	0	0	0	0	0	0	0	0	0	0	0	0	0	0	
689.047200	8	3	3	0	1	2	2	4200	136	28	41342	5	2	96	0	0	0	0	0	0	0	0	0	0	0	0	0	0	
690.032167	8	3	3	0	1	2	2	4200	132	28	41401	5	2	96	0	0	0	0	0	0	0	0	0	0	0	0	0	0	
691.038717	8	3	3	0	1	2	2	4201	129	28	41461	5	2	96	0	0	0	0	0	0	0	0	0	0	0	0	0	0	
692.042400	8	3	3	0	1	2	2	4200	125	28	41521	5	2	96	0	0	0	0	0	0	0	0	0	0	0	0	0	0	
693.048967	8	3	3	0	1	2	2	4200	122	28	41582	5	2	96	0	0	0	0	0	0	0	0	0	0	0	0	0	0	
694.035367	8	3	3	0	1	2	2	4200	119	28	41641	5	2	96	0	0	0	0	0	0	0	0	0	0	0	0	0	0	
695.040483	8	3	3	0	1	2	2	4200	117	28	41701	5	2	96	0	0	0	0	0	0	0	0	0	0	0	0	0	0	
696.045600	8	3	3	0	1	2	2	4200	114	28	41762	5	2	96	0	0	0	0	0	0	0	0	0	0	0	0	0	0	
697.032000	8	3	3	0	1	2	2	4200	110	28	41821	5	2	96	0	0	0	0	0	0	0	0	0	0	0	0	0	0	
698.037117	8	3	3	0	1	2	2	4200	107	28	41881	5	2	96	0	0	0	0	0	0	0	0	0	0	0	0	0	0	
699.043683	8	3	3	0	1	2	2	4200	104	28	41941	5	2	96	0	0	0	0	0	0	0	0	0	0	0	0	0	0	
700.048800	8	3	3	0	1	2	2	4200	102	28	42002	5	2	96	0	0	0	0	0	0	0	0	0	0	0	0	0	0	
701.035200	8	3	3	0	1	2	2	4200	98	28	42061	5	2	96	0	0	0	0	0	0	0	0	0	0	0	0	0	0	
702.040317	8	3	3	0	1	2	2	4200	96	28	42121	5	2	96	0	0	0	0	0	0	0	0	0	0	0	0	0	0	
703.045433	8	3	3	0	1	2	2	4200	93	28	42182	5	2	96	0	0	0	0	0	0	0	0	0	0	0	0	0	0	
704.033283	8	3	3	0	1	2	2	4200	92	28	42241	5	2	96	0	0	0	0	0	0	0	0	0	0	0	0	0	0	
705.038400	8	3	3	0	1	2	2	4200	89	28	42301	5	2	96	0	0	0	0	0	0	0	0	0	0	0	0	0	0	
706.042083	8	3	3	0	1	2	2	4200	86	28	42361	5	2	96	0	0	0	0	0	0	0	0	0	0	0	0	0	0	
707.048633	8	3	3	0	1	2	2	4200	84	28	42422	5	2	96	0	0	0	0	0	0	0	0	0	0	0	0	0	0	
708.033600	8	3	3	0	1	2	2	4200	82	28	42481	5	2	96	0	0	0	0	0	0	0	0	0	0	0	0	0	0	
709.040167	8	3	3	0	1	2	2	4200	80	28	42541	5	2	96	0	0	0	0	0	0	0	0	0	0	0	0	0	0	
710.045283	8	3	3	0	1	2	2	4200	78	28	42602	5	2	96	0	0	0	0	0	0	0	0	0	0	0	0	0	0	
711.031683	8	3	3	0	1	2	2	4200	77	28	42661	5	2	96	0	0	0	0	0	0	0	0	0	0	0	0	0	0	
712.038233	8	3	3	0	1	2	2	4200	73	28	42721	5	2	96	0	0	0	0	0	0	0	0	0	0	0	0	0	0	
713.043367	8	3	3	0	1	2	2	4200	71	28	42781	5	2	96	0	0	0	0	0	0	0	0	0	0	0	0	0	0	
714.047033	8	3	3	0	1	2	2	4200	70	28	42842	5	2	96	0	0	0	0	0	0	0	0	0	0	0	0	0	0	
715.034883	8	3	3	0	1	2	2	4200	68	28	42901	5	2	96	0	0	0	0	0	0	0	0	0	0	0	0	0	0	
715.528800	8	6	3	0	2	7	1	4145	-133	28	42931	5	3	0	0	0	0	0	0	0	0	0	0	0	0	0	0	0	
716.042883	8	6	3	0	2	7	1	3901	-675	28	42961	5	3	0	0	0	0	0	0	0	0	0	0	0	0	0	0	0	
717.046567	8	6	3	0	2	7	1	3892	-674	28	43022	5	3	1	0	0	0	0	0	0	0	0	0	0	0	0	0	0	
718.034400	8	6	3	0	2	7	1	3872	-675	28	43081	5	3	2	0	0	0	0	0	0	0	0	0	0	0	0	0	0	
719.038083	8	6	3	0	2	7	1	3851	-673	28	43141	5	3	2	0	0	0	0	0	0	0	0	0	0	0	0	0	0	
720.044633	8	6	3	0	2	7	1	3842	-675	28	43201	5	3	3	0	0	0	0	0	0	0	0	0	0	0	0	0	0	
721.049767	8	6	3	0	2	7	1	3819	-675	28	43262	5	3	4	0	0	0	0	0	0	0	0	0	0	0	0	0	0	
722.036167	8	6	3	0	2	7	1	3822	-674	28	43321	5	3	5	0	0	0	0	0	0	0	0	0	0	0	0	0	0	
723.041283	8	6	3	0	2	7	1	3820	-675	28	43381	5	3	6	0	0	0	0	0	0	0	0	0	0	0	0	0	0	
724.047833	8	6	3	0	2	7	1	3813	-675	28	43442	5	3	6	0	0	0	0	0	0	0	0	0	0	0	0	0	0	
725.032800	8	6	3	0	2	7	1	3808	-675	28	43501	5	3	7	0	0	0	0	0	0	0	0	0	0	0	0	0	0	
726.039367	8	6	3	0	2	7	1	3800	-673	28	43561	5	3	8	0	0	0	0	0	0	0	0	0	0	0	0	0	0	
727.043033	8	6	3	0	2	7	1	3793	-675	28	43621	5	3	9	0	0	0	0	0	0	0	0	0	0	0	0	0	0	
728.049600	8	6	3	0	2	7	1	3787	-675	28	43682	5	3	10	0	0	0	0	0	0	0	0	0	0	0	0	0	0	
729.036000	8	6	3	0	2	7	1	3780	-674	28	43741	5	3	11	0	0	0	0	0	0	0	0	0	0	0	0	0	0	
730.041117	8	6	3	0	2	7	1	3777	-673	28	43801	5	3	11	0	0	0	0	0	0	0	0	0	0	0	0	0	0	
731.046233	8	6	3	0	2	7	1	3769	-675	28	43862	5	3	12	0	0	0	0	0	0	0	0	0	0	0	0	0	0	
732.036967	8	6	3	0	2	7	1	3762	-674	28	43921	5	3	13	0	0	0	0	0	0	0	0	0	0	0	0	0	0	
733.043517	8	6	3	0	2	7	1	3754	-675	28	43981	5	3	14	0	0	0	0	0	0	0	0	0	0	0	0	0	0	
734.048633	8	6	3	0	2	7	1	3747	-674	28	44042	5	3	15	0	0	0	0	0	0	0	0	0	0	0	0	0	0	
735.035033	8	6	3	0	2	7	1	3739	-676	28	44101	5	3	16	0	0	0	0	0	0	0	0	0	0	0	0	0	0	
736.040167	8	6	3	0	2	7	1	3732	-675	28	44161	5	3	16	0	0	0	0	0	0	0	0	0	0	0	0	0	0	
737.046717	8	6	3	0	2	7	1	3725	-675	28	44221	5	3	17	0	0	0	0	0	0	0	0	0	0	0	0	0	0	
738.050400	8	6	3	0	2	7	1	3718	-675	28	44282	5	3	18	0	0	0	0	0	0	0	0	0	0	0	0	0	0	
739.038233	8	6	3	0	2	7	1	3711	-674	28	44341	5	3	19	0	0	0	0	0	0	0	0	0	0	0	0	0	0	
740.041917	8	6	3	0	2	7	1	3704	-675	28	44401	5	3	20	0	0	0	0	0	0	0	0	0	0	0	0	0	0	
741.048483	8	6	3	0	2	7	1	3697	-675	28	44462	5	3	21	0	0	0	0	0	0	0	0	0	0	0	0	0	0	
742.034883	8	6	3	0	2	7	1	3691	-675	28	44521	5	3	21	0	0	0	0	0	0	0	0	0	0	0	0	0	0	
743.040000	8	6	3	0	2	7	1	3684	-677	28	44581	5	3	22	0	0	0	0	0	0	0	0	0	0	0	0	0	0	
744.045117	8	6	3	0	2	7	1	3678	-675	28	44641	5	3	23	0	0	0	0	0	0	0	0	0	0	0	0	0	0	
745.051683	8	6	3	0	2	7	1	3672	-674	28	44702	5	3	24	0	0	0	0	0	0	0	0	0	0	0	0	0	0	
746.038083	8	6	3	0	2	7	1	3665	-675	28	44761	5	3	25	0	0	0	0	0	0	0	0	0	0	0	0	0	0	
747.043200	8	6	3	0	2	7	1	3659	-675	28	44821	5	3	25	0	0	0	0	0	0	0	0	0	0	0	0	0	0	
748.049767	8	6	3	0	2	7	1	3652	-674	28	44882	5	3	26	0	0	0	0	0	0	0	0	0	0	0	0	0	0	
749.053433	8	6	3	0	2	7	1	3647	-674	28	44942	5	3	27	0	0	0	0	0	0	0	0	0	0	0	0	0	0	
750.039833	8	6	3	0	2	7	1	3641	-674	28	45001	5	3	28	0	0	0	0	0	0	0	0	0	0	0	0	0	0	
751.044967	8	6	3	0	2	7	1	3635	-676	28	45061	5	3	29	0	0	0	0	0	0	0	0	0	0	0	0	0	0	
752.050083	8	6	3	0	2	7	1	3629	-673	28	45122	5	3	30	0	0	0	0	0	0	0	0	0	0	0	0	0	0	
753.037917	8	6	3	0	2	7	1	3624	-674	28	45181	5	3	30	0	0	0	0	0	0	0	0	0	0	0	0	0	0	
754.043033	8	6	3	0	2	7	1	3618	-674	28	45241	5	3	31	0	0	0	0	0	0	0	0	0	0	0	0	0	0	
755.048167	8	6	3	0	2	7	1	3613	-675	28	45301	5	3	32	0	0	0	0	0	0	0	0	0	0	0	0	0	0	
756.053283	8	6	3	0	2	7	1	3607	-675	28	45362	5	3	33	0	0	0	0	0	0	0	0	0	0	0	0	0	0	
757.039683	8	6	3	0	2	7	1	3601	-674	28	45421	5	3	34	0	0	0	0	0	0	0	0	0	0	0	0	0	0	
758.044800	8	6	3	0	2	7	1	3596	-675	28	45481	5	3	34	0	0	0	0	0	0	0	0	0	0	0	0	0	0	
759.049917	8	6	3	0	2	7	1	3591	-676	28	45542	5	3	35	0	0	0	0	0	0	0	0	0	0	0	0	0	0	
760.037767	8	6	3	0	2	7	1	3587	-675	28	45601	5	3	36	0	0	0	0	0	0	0	0	0	0	0	0	0	0	
761.042883	8	6	3	0	2	7	1	3582	-675	28	45661	5	3	37	0	0	0	0	0	0	0	0	0	0	0	0	0	0	
762.048000	8	6	3	0	2	7	1	3578	-675	28	45721	5	3	38	0	0	0	0	0	0	0	0	0	0	0	0	0	0	
763.053117	8	6	3	0	2	7	1	3573	-675	28	45782	5	3	39	0	0	0	0	0	0	0	0	0	0	0	0	0	0	
764.039517	8	6	3	0	2	7	1	3568	-674	28	45841	5	3	39	0	0	0	0	0	0	0	0	0	0	0	0	0	0	
765.044633	8	6	3	0	2	7	1	3563	-675	28	45901	5	3	40	0	0	0	0	0	0	0	0	0	0	0	0	0	0	
766.051200	8	6	3	0	2	7	1	3558	-674	28	45962	5	3	41	0	0	0	0	0	0	0	0	0	0	0	0	0	0	
767.036167	8	6	3	0	2	7	1	3554	-674	28	46021	5	3	42	0	0	0	0	0	0	0	0	0	0	0	0	0	0	
768.042717	8	6	3	0	2	7	1	3549	-675	28	46081	5	3	43	0	0	0	0	0	0	0	0	0	0	0	0	0	0	
769.047833	8	6	3	0	2	7	1	3544	-676	28	46141	5	3	44	0	0	0	0	0	0	0	0	0	0	0	0	0	0	
770.052967	8	6	3	0	2	7	1	3539	-675	28	46202	5	3	44	0	0	0	0	0	0	0	0	0	0	0	0	0	0	
771.039367	8	6	3	0	2	7	1	3535	-675	28	46261	5	3	45	0	0	0	0	0	0	0	0	0	0	0	0	0	0	
772.045917	8	6	3	0	2	7	1	3531	-674	28	46321	5	3	46	0	0	0	0	0	0	0	0	0	0	0	0	0	0	
773.051033	8	6	3	0	2	7	1	3523	-675	28	46382	5	3	47	0	0	0	0	0	0	0	0	0	0	0	0	0	0	
774.037433	8	6	3	0	2	7	1	3517	-673	28	46441	5	3	48	0	0	0	0	0	0	0	0	0	0	0	0	0	0	
775.042567	8	6	3	0	2	7	1	3511	-677	28	46501	5	3	48	0	0	0	0	0	0	0	0	0	0	0	0	0	0	
776.047683	8	6	3	0	2	7	1	3507	-675	28	46561	5	3	49	0	0	0	0	0	0	0	0	0	0	0	0	0	0	
777.052800	8	6	3	0	2	7	1	3495	-675	28	46622	5	3	50	0	0	0	0	0	0	0	0	0	0	0	0	0	0	
778.039200	8	6	3	0	2	7	1	3460	-675	28	46681	5	3	51	0	0	0	0	0	0	0	0	0	0	0	0	0	0	
779.044317	8	6	3	0	2	7	1	3562	-675	28	46741	5	3	52	0	0	0	0	0	0	0	0	0	0	0	0	0	0	
780.050883	8	6	3	0	2	7	1	3541	-675	28	46801	5	3	53	0	0	0	0	0	0	0	0	0	0	0	0	0	0	
781.056000	8	6	3	0	2	7	1	3528	-675	28	46862	5	3	53	0	0	0	0	0	0	0	0	0	0	0	0	0	0	
782.042400	8	6	3	0	2	7	1	3509	-674	28	46921	5	3	54	0	0	0	0	0	0	0	0	0	0	0	0	0	0	
783.047517	8	6	3	0	2	7	1	3498	-674	28	46981	5	3	55	0	0	0	0	0	0	0	0	0	0	0	0	0	0	
784.052633	8	6	3	0	2	7	1	3440	-675	28	47042	5	3	56	0	0	0	0	0	0	0	0	0	0	0	0	0	0	
785.039033	8	6	3	0	2	7	1	3550	-674	28	47101	5	3	57	0	0	0	0	0	0	0	0	0	0	0	0	0	0	
786.045600	8	6	3	0	2	7	1	3550	-676	28	47161	5	3	58	0	0	0	0	0	0	0	0	0	0	0	0	0	0	
787.049283	8	6	3	0	2	7	1	3547	-674	28	47221	5	3	58	0	0	0	0	0	0	0	0	0	0	0	0	0	0	
788.054400	8	6	3	0	2	7	1	3544	-674	28	47282	5	3	59	0	0	0	0	0	0	0	0	0	0	0	0	0	0	
789.040800	8	6	3	0	2	7	1	3543	-674	28	47341	5	3	60	0	0	0	0	0	0	0	0	0	0	0	0	0	0	
790.047367	8	6	3	0	2	7	1	3532	-674	28	47401	5	3	61	0	0	0	0	0	0	0	0	0	0	0	0	0	0	
791.052483	8	6	3	0	2	7	1	3529	-675	28	47462	5	3	62	0	0	0	0	0	0	0	0	0	0	0	0	0	0	
792.038883	8	6	3	0	2	7	1	3526	-675	28	47521	5	3	62	0	0	0	0	0	0	0	0	0	0	0	0	0	0	
793.044000	8	6	3	0	2	7	1	3524	-675	28	47581	5	3	63	0	0	0	0	0	0	0	0	0	0	0	0	0	0	
794.050567	8	6	3	0	2	7	1	3521	-675	28	47641	5	3	64	0	0	0	0	0	0	0	0	0	0	0	0	0	0	
795.054233	8	6	3	0	2	7	1	3517	-674	28	47702	5	3	65	0	0	0	0	0	0	0	0	0	0	0	0	0	0	
796.042083	8	6	3	0	2	7	1	3514	-675	28	47761	5	3	66	0	0	0	0	0	0	0	0	0	0	0	0	0	0	
797.047200	8	6	3	0	2	7	1	3511	-674	28	47821	5	3	67	0	0	0	0	0	0	0	0	0	0	0	0	0	0	
798.052317	8	6	3	0	2	7	1	3507	-675	28	47882	5	3	67	0	0	0	0	0	0	0	0	0	0	0	0	0	0	
799.040167	8	6	3	0	2	7	1	3504	-673	28	47941	5	3	68	0	0	0	0	0	0	0	0	0	0	0	0	0	0	
800.043833	8	6	3	0	2	7	1	3501	-674	28	48001	5	3	69	0	0	0	0	0	0	0	0	0	0	0	0	0	0	
801.048967	8	6	3	0	2	7	1	3498	-674	28	48061	5	3	70	0	0	0	0	0	0	0	0	0	0	0	0	0	0	
802.054083	8	6	3	0	2	7	1	3494	-674	28	48122	5	3	71	0	0	0	0	0	0	0	0	0	0	0	0	0	0	
803.040483	8	6	3	0	2	7	1	3491	-675	28	48181	5	3	71	0	0	0	0	0	0	0	0	0	0	0	0	0	0	
804.047033	8	6	3	0	2	7	1	3488	-675	28	48241	5	3	72	0	0	0	0	0	0	0	0	0	0	0	0	0	0	
805.052167	8	6	3	0	2	7	1	3485	-674	28	48302	5	3	73	0	0	0	0	0	0	0	0	0	0	0	0	0	0	
806.057283	8	6	3	0	2	7	1	3481	-676	28	48362	5	3	74	0	0	0	0	0	0	0	0	0	0	0	0	0	0	
807.045117	8	6	3	0	2	7	1	3478	-675	28	48421	5	3	75	0	0	0	0	0	0	0	0	0	0	0	0	0	0	
808.050233	8	6	3	0	2	7	1	3475	-676	28	48481	5	3	76	0	0	0	0	0	0	0	0	0	0	0	0	0	0	
809.053917	8	6	3	0	2	7	1	3472	-673	28	48542	5	3	76	0	0	0	0	0	0	0	0	0	0	0	0	0	0	
810.041767	8	6	3	0	2	7	1	3469	-675	28	48601	5	3	77	0	0	0	0	0	0	0	0	0	0	0	0	0	0	
811.045433	8	6	3	0	2	7	1	3466	-676	28	48661	5	3	78	0	0	0	0	0	0	0	0	0	0	0	0	0	0	
812.052000	8	6	3	0	2	7	1	3463	-674	28	48721	5	3	79	0	0	0	0	0	0	0	0	0	0	0	0	0	0	
813.057117	8	6	3	0	2	7	1	3460	-674	28	48782	5	3	80	0	0	0	0	0	0	0	0	0	0	0	0	0	0	
814.043517	8	6	3	0	2	7	1	3457	-675	28	48841	5	3	81	0	0	0	0	0	0	0	0	0	0	0	0	0	0	
815.050083	8	6	3	0	2	7	1	3454	-675	28	48901	5	3	81	0	0	0	0	0	0	0	0	0	0	0	0	0	0	
816.053767	8	6	3	0	2	7	1	3451	-674	28	48962	5	3	82	0	0	0	0	0	0	0	0	0	0	0	0	0	0	
817.041600	8	6	3	0	2	7	1	3447	-674	28	49021	5	3	83	0	0	0	0	0	0	0	0	0	0	0	0	0	0	
818.046717	8	6	3	0	2	7	1	3443	-675	28	49081	5	3	84	0	0	0	0	0	0	0	0	0	0	0	0	0	0	
819.053283	8	6	3	0	2	7	1	3438	-676	28	49141	5	3	85	0	0	0	0	0	0	0	0	0	0	0	0	0	0	
820.056967	8	6	3	0	2	7	1	3434	-673	28	49202	5	3	85	0	0	0	0	0	0	0	0	0	0	0	0	0	0	
821.044800	8	6	3	0	2	7	1	3428	-674	28	49261	5	3	86	0	0	0	0	0	0	0	0	0	0	0	0	0	0	
822.048483	8	6	3	0	2	7	1	3421	-675	28	49321	5	3	87	0	0	0	0	0	0	0	0	0	0	0	0	0	0	
823.053600	8	6	3	0	2	7	1	3413	-675	28	49382	5	3	88	0	0	0	0	0	0	0	0	0	0	0	0	0	0	
824.041433	8	6	3	0	2	7	1	3405	-674	28	49441	5	3	89	0	0	0	0	0	0	0	0	0	0	0	0	0	0	
825.046567	8	6	3	0	2	7	1	3393	-675	28	49501	5	3	90	0	0	0	0	0	0	0	0	0	0	0	0	0	0	
826.051683	8	6	3	0	2	7	1	3379	-674	28	49561	5	3	90	0	0	0	0	0	0	0	0	0	0	0	0	0	0	
827.058233	8	6	3	0	2	7	1	3361	-674	29	49622	5	3	91	0	0	0	0	0	0	0	0	0	0	0	0	0	0	
828.043200	8	6	3	0	2	7	1	3339	-676	28	49681	5	3	92	0	0	0	0	0	0	0	0	0	0	0	0	0	0	
829.049767	8	6	3	0	2	7	1	3311	-674	28	49741	5	3	93	0	0	0	0	0	0	0	0	0	0	0	0	0	0	
830.053433	8	6	3	0	2	7	1	3276	-675	29	49802	5	3	94	0	0	0	0	0	0	0	0	0	0	0	0	0	0	
831.058567	8	6	3	0	2	7	1	3228	-675	29	49862	5	3	95	0	0	0	0	0	0	0	0	0	0	0	0	0	0	
832.046400	8	6	3	0	2	7	1	3161	-675	29	49921	5	3	95	0	0	0	0	0	0	0	0	0	0	0	0	0	0	
833.051517	8	6	3	0	2	7	1	3056	-674	28	49981	5	3	96	0	0	0	0	0	0	0	0	0	0	0	0	0	0	
834.056633	8	6	3	0	2	7	1	2820	-674	29	50042	5	3	97	0	0	0	0	0	0	0	0	0	0	0	0	0	0	
834.324483	8	15	3	0	1	31	2	2899	68	29	50058	6	3	97	0	0	0	0	0	0	0	0	0	0	0	0	0	0	
834.346083	8	4	3	0	1	3	2	2913	66	29	50059	6	3	97	0	0	0	0	0	0	0	0	0	0	0	0	0	0	
834.629767	8	3	3	0	1	2	2	3081	254	28	50076	7	3	97	0	0	0	0	0	0	0	0	0	0	0	0	0	0	
835.048800	8	3	3	0	1	2	2	3427	674	29	50101	7	3	97	0	0	0	0	0	0	0	0	0	0	0	0	0	0	
836.053917	8	3	3	0	1	2	2	3603	674	28	50161	7	3	97	0	0	0	0	0	0	0	0	0	0	0	0	0	0	
837.059033	8	3	3	0	1	2	2	3701	674	29	50222	7	3	97	0	0	0	0	0	0	0	0	0	0	0	0	0	0	
838.045433	8	3	3	0	1	2	2	3767	675	29	50281	7	3	97	0	0	0	0	0	0	0	0	0	0	0	0	0	0	
839.050567	8	3	3	0	1	2	2	3819	674	29	50341	7	3	97	0	0	0	0	0	0	0	0	0	0	0	0	0	0	
840.057117	8	3	3	0	1	2	2	3859	675	28	50402	7	3	97	0	0	0	0	0	0	0	0	0	0	0	0	0	0	
841.042083	8	3	3	0	1	2	2	3887	674	29	50461	7	3	97	0	0	0	0	0	0	0	0	0	0	0	0	0	0	
842.048633	8	3	3	0	1	2	2	3900	674	29	50521	7	3	97	0	0	0	0	0	0	0	0	0	0	0	0	0	0	
843.053767	8	3	3	0	1	2	2	3905	675	29	50581	7	3	97	0	0	0	0	0	0	0	0	0	0	0	0	0	0	
844.060317	8	3	3	0	1	2	2	3911	675	29	50642	7	3	97	0	0	0	0	0	0	0	0	0	0	0	0	0	0	
845.045283	8	3	3	0	1	2	2	3916	675	29	50701	7	3	97	0	0	0	0	0	0	0	0	0	0	0	0	0	0	
846.051833	8	3	3	0	1	2	2	3921	675	28	50761	7	3	97	0	0	0	0	0	0	0	0	0	0	0	0	0	0	
847.056967	8	3	3	0	1	2	2	3926	675	29	50822	7	3	97	0	0	0	0	0	0	0	0	0	0	0	0	0	0	
848.043367	8	3	3	0	1	2	2	3931	675	29	50881	7	3	97	0	0	0	0	0	0	0	0	0	0	0	0	0	0	
849.048483	8	3	3	0	1	2	2	3937	675	29	50941	7	3	97	0	0	0	0	0	0	0	0	0	0	0	0	0	0	
850.053600	8	3	3	0	1	2	2	3943	675	29	51001	7	3	97	0	0	0	0	0	0	0	0	0	0	0	0	0	0	
851.058717	8	3	3	0	1	2	2	3948	674	29	51062	7	3	97	0	0	0	0	0	0	0	0	0	0	0	0	0	0	
852.046567	8	3	3	0	1	2	2	3954	675	29	51121	7	3	97	0	0	0	0	0	0	0	0	0	0	0	0	0	0	
853.050233	8	3	3	0	1	2	2	3961	675	29	51181	7	3	97	0	0	0	0	0	0	0	0	0	0	0	0	0	0	
854.056800	8	3	3	0	1	2	2	3966	675	29	51242	7	3	97	0	0	0	0	0	0	0	0	0	0	0	0	0	0	
855.043200	8	3	3	0	1	2	2	3970	673	29	51301	7	3	97	0	0	0	0	0	0	0	0	0	0	0	0	0	0	
856.048317	8	3	3	0	1	2	2	3976	674	29	51361	7	3	97	0	0	0	0	0	0	0	0	0	0	0	0	0	0	
857.053433	8	3	3	0	1	2	2	3981	675	29	51421	7	3	97	0	0	0	0	0	0	0	0	0	0	0	0	0	0	
858.060000	8	3	3	0	1	2	2	3986	675	29	51482	7	3	97	0	0	0	0	0	0	0	0	0	0	0	0	0	0	
859.046400	8	3	3	0	1	2	2	3990	675	29	51541	7	3	97	0	0	0	0	0	0	0	0	0	0	0	0	0	0	
860.051517	8	3	3	0	1	2	2	3993	675	29	51601	7	3	97	0	0	0	0	0	0	0	0	0	0	0	0	0	0	
861.058083	8	3	3	0	1	2	2	3996	674	29	51662	7	3	97	0	0	0	0	0	0	0	0	0	0	0	0	0	0	
862.061767	8	3	3	0	1	2	2	3999	675	29	51722	7	3	97	0	0	0	0	0	0	0	0	0	0	0	0	0	0	
863.048167	8	3	3	0	1	2	2	4002	674	29	51781	7	3	97	0	0	0	0	0	0	0	0	0	0	0	0	0	0	
864.053283	8	3	3	0	1	2	2	4004	674	29	51841	7	3	97	0	0	0	0	0	0	0	0	0	0	0	0	0	0	
865.058400	8	3	3	0	1	2	2	4006	674	28	51902	7	3	97	0	0	0	0	0	0	0	0	0	0	0	0	0	0	
866.046233	8	3	3	0	1	2	2	4009	676	29	51961	7	3	97	0	0	0	0	0	0	0	0	0	0	0	0	0	0	
867.052800	8	3	3	0	1	2	2	4011	674	29	52021	7	3	97	0	0	0	0	0	0	0	0	0	0	0	0	0	0	
868.056483	8	3	3	0	1	2	2	4013	675	29	52081	7	3	97	0	0	0	0	0	0	0	0	0	0	0	0	0	0	
869.063033	8	3	3	0	1	2	2	4015	675	29	52142	7	3	97	0	0	0	0	0	0	0	0	0	0	0	0	0	0	
870.048000	8	3	3	0	1	2	2	4018	675	29	52201	7	3	97	0	0	0	0	0	0	0	0	0	0	0	0	0	0	
871.053117	8	3	3	0	1	2	2	4020	674	29	52261	7	3	97	0	0	0	0	0	0	0	0	0	0	0	0	0	0	
872.061117	8	3	3	0	1	2	2	4022	675	29	52322	7	3	97	0	0	0	0	0	0	0	0	0	0	0	0	0	0	
873.047517	8	3	3	0	1	2	2	4024	675	29	52381	7	3	97	0	0	0	0	0	0	0	0	0	0	0	0	0	0	
874.052633	8	3	3	0	1	2	2	4027	675	29	52441	7	3	97	0	0	0	0	0	0	0	0	0	0	0	0	0	0	
875.059200	8	3	3	0	1	2	2	4029	675	29	52502	7	3	97	0	0	0	0	0	0	0	0	0	0	0	0	0	0	
876.044167	8	3	3	0	1	2	2	4031	674	29	52561	7	3	97	0	0	0	0	0	0	0	0	0	0	0	0	0	0	
877.050717	8	3	3	0	1	2	2	4034	674	29	52621	7	3	97	0	0	0	0	0	0	0	0	0	0	0	0	0	0	
878.055833	8	3	3	0	1	2	2	4036	675	29	52681	7	3	97	0	0	0	0	0	0	0	0	0	0	0	0	0	0	
879.060967	8	3	3	0	1	2	2	4039	675	29	52742	7	3	97	0	0	0	0	0	0	0	0	0	0	0	0	0	0	
880.047367	8	3	3	0	1	2	2	4041	675	29	52801	7	3	97	0	0	0	0	0	0	0	0	0	0	0	0	0	0	
881.052483	8	3	3	0	1	2	2	4044	675	29	52861	7	3	97	0	0	0	0	0	0	0	0	0	0	0	0	0	0	
882.057600	8	3	3	0	1	2	2	4047	674	29	52922	7	3	97	0	0	0	0	0	0	0	0	0	0	0	0	0	0	
883.045433	8	3	3	0	1	2	2	4049	674	29	52981	7	3	97	0	0	0	0	0	0	0	0	0	0	0	0	0	0	
884.050567	8	3	3	0	1	2	2	4052	675	29	53041	7	3	97	0	0	0	0	0	0	0	0	0	0	0	0	0	0	
885.055683	8	3	3	0	1	2	2	4054	674	29	53101	7	3	97	0	0	0	0	0	0	0	0	0	0	0	0	0	0	
886.060800	8	3	3	0	1	2	2	4058	675	29	53162	7	3	97	0	0	0	0	0	0	0	0	0	0	0	0	0	0	
887.048633	8	3	3	0	1	2	2	4061	675	29	53221	7	3	97	0	0	0	0	0	0	0	0	0	0	0	0	0	0	
888.052317	8	3	3	0	1	2	2	4063	676	29	53281	7	3	97	0	0	0	0	0	0	0	0	0	0	0	0	0	0	
889.058883	8	3	3	0	1	2	2	4060	675	29	53342	7	3	97	0	0	0	0	0	0	0	0	0	0	0	0	0	0	
890.065433	8	3	3	0	1	2	2	4076	675	29	53402	7	3	97	0	0	0	0	0	0	0	0	0	0	0	0	0	0	
891.050400	8	3	3	0	1	2	2	4085	674	29	53461	7	3	97	0	0	0	0	0	0	0	0	0	0	0	0	0	0	
892.055517	8	3	3	0	1	2	2	4086	675	28	53521	7	3	97	0	0	0	0	0	0	0	0	0	0	0	0	0	0	
893.060633	8	3	3	0	1	2	2	4096	675	28	53582	7	3	97	0	0	0	0	0	0	0	0	0	0	0	0	0	0	
894.048483	8	3	3	0	1	2	2	4102	675	28	53641	7	3	97	0	0	0	0	0	0	0	0	0	0	0	0	0	0	
895.053600	8	3	3	0	1	2	2	4105	674	28	53701	7	3	97	0	0	0	0	0	0	0	0	0	0	0	0	0	0	
896.057283	8	3	3	0	1	2	2	4103	675	28	53761	7	3	97	0	0	0	0	0	0	0	0	0	0	0	0	0	0	
897.063833	8	3	3	0	1	2	2	4105	675	28	53822	7	3	97	0	0	0	0	0	0	0	0	0	0	0	0	0	0	
898.050233	8	3	3	0	1	2	2	4106	675	28	53881	7	3	97	0	0	0	0	0	0	0	0	0	0	0	0	0	0	
899.055367	8	3	3	0	1	2	2	4105	675	28	53941	7	3	97	0	0	0	0	0	0	0	0	0	0	0	0	0	0	
900.060483	8	3	3	0	1	2	2	4106	674	28	54002	7	3	97	0	0	0	0	0	0	0	0	0	0	0	0	0	0	
901.046883	8	3	3	0	1	2	2	4115	674	28	54061	7	3	97	0	0	0	0	0	0	0	0	0	0	0	0	0	0	
902.053433	8	3	3	0	1	2	2	4112	674	28	54121	7	3	97	0	0	0	0	0	0	0	0	0	0	0	0	0	0	
903.058567	8	3	3	0	1	2	2	4120	670	28	54181	7	3	97	0	0	0	0	0	0	0	0	0	0	0	0	0	0	
904.062233	8	3	3	0	1	2	2	4121	667	28	54242	7	3	97	0	0	0	0	0	0	0	0	0	0	0	0	0	0	
905.050083	8	3	3	0	1	2	2	4123	664	28	54301	7	3	97	0	0	0	0	0	0	0	0	0	0	0	0	0	0	
906.056633	8	3	3	0	1	2	2	4130	663	28	54361	7	3	97	0	0	0	0	0	0	0	0	0	0	0	0	0	0	
907.060317	8	3	3	0	1	2	2	4126	664	28	54422	7	3	97	0	0	0	0	0	0	0	0	0	0	0	0	0	0	
908.048167	8	3	3	0	1	2	2	4127	663	28	54481	7	3	97	0	0	0	0	0	0	0	0	0	0	0	0	0	0	
909.053283	8	3	3	0	1	2	2	4129	661	27	54541	7	3	97	0	0	0	0	0	0	0	0	0	0	0	0	0	0	
910.058400	8	3	3	0	1	2	2	4133	660	27	54601	7	3	97	0	0	0	0	0	0	0	0	0	0	0	0	0	0	
911.063517	8	3	3	0	1	2	2	4141	659	27	54662	7	3	97	0	0	0	0	0	0	0	0	0	0	0	0	0	0	
912.051367	8	3	3	0	1	2	2	4155	657	27	54721	7	3	97	0	0	0	0	0	0	0	0	0	0	0	0	0	0	
913.055033	8	3	3	0	1	2	2	4156	657	27	54781	7	3	97	0	0	0	0	0	0	0	0	0	0	0	0	0	0	
914.061600	8	3	3	0	1	2	2	4152	656	27	54842	7	3	97	0	0	0	0	0	0	0	0	0	0	0	0	0	0	
915.046567	8	3	3	0	1	2	2	4159	655	27	54901	7	3	97	0	0	0	0	0	0	0	0	0	0	0	0	0	0	
916.053117	8	3	3	0	1	2	2	4164	653	27	54961	7	3	97	0	0	0	0	0	0	0	0	0	0	0	0	0	0	
917.058233	8	3	3	0	1	2	2	4171	653	27	55021	7	3	97	0	0	0	0	0	0	0	0	0	0	0	0	0	0	
918.064800	8	3	3	0	1	2	2	4171	652	27	55082	7	3	97	0	0	0	0	0	0	0	0	0	0	0	0	0	0	
919.049767	8	3	3	0	1	2	2	4180	650	27	55141	7	3	97	0	0	0	0	0	0	0	0	0	0	0	0	0	0	
920.056317	8	3	3	0	1	2	2	4181	650	27	55201	7	3	97	0	0	0	0	0	0	0	0	0	0	0	0	0	0	
921.061433	8	3	3	0	1	2	2	4183	650	27	55261	7	3	97	0	0	0	0	0	0	0	0	0	0	0	0	0	0	
922.066567	8	3	3	0	1	2	2	4188	649	27	55322	7	3	97	0	0	0	0	0	0	0	0	0	0	0	0	0	0	
923.052967	8	3	3	0	1	2	2	4200	622	27	55381	7	3	97	0	0	0	0	0	0	0	0	0	0	0	0	0	0	
924.058083	8	3	3	0	1	2	2	4200	636	27	55441	7	3	97	0	0	0	0	0	0	0	0	0	0	0	0	0	0	
925.063200	8	3	3	0	1	2	2	4200	621	27	55502	7	3	97	0	0	0	0	0	0	0	0	0	0	0	0	0	0	
926.049600	8	3	3	0	1	2	2	4200	585	27	55561	7	3	97	0	0	0	0	0	0	0	0	0	0	0	0	0	0	
927.054717	8	3	3	0	1	2	2	4200	542	27	55621	7	3	97	0	0	0	0	0	0	0	0	0	0	0	0	0	0	
928.061283	8	3	3	0	1	2	2	4200	517	27	55681	7	3	97	0	0	0	0	0	0	0	0	0	0	0	0	0	0	
929.066400	8	3	3	0	1	2	2	4200	493	27	55742	7	3	97	0	0	0	0	0	0	0	0	0	0	0	0	0	0	
930.052800	8	3	3	0	1	2	2	4201	481	27	55801	7	3	97	0	0	0	0	0	0	0	0	0	0	0	0	0	0	
931.057917	8	3	3	0	1	2	2	4200	471	27	55861	7	3	97	0	0	0	0	0	0	0	0	0	0	0	0	0	0	
932.063033	8	3	3	0	1	2	2	4200	450	27	55922	7	3	97	0	0	0	0	0	0	0	0	0	0	0	0	0	0	
933.049433	8	3	3	0	1	2	2	4200	443	27	55981	7	3	97	0	0	0	0	0	0	0	0	0	0	0	0	0	0	
934.054567	8	3	3	0	1	2	2	4200	439	27	56041	7	3	97	0	0	0	0	0	0	0	0	0	0	0	0	0	0	
935.059683	8	3	3	0	1	2	2	4200	422	27	56101	7	3	97	0	0	0	0	0	0	0	0	0	0	0	0	0	0	
936.066233	8	3	3	0	1	2	2	4200	426	27	56162	7	3	97	0	0	0	0	0	0	0	0	0	0	0	0	0	0	
937.052633	8	3	3	0	1	2	2	4200	413	27	56221	7	3	97	0	0	0	0	0	0	0	0	0	0	0	0	0	0	
938.057767	8	3	3	0	1	2	2	4200	392	27	56281	7	3	97	0	0	0	0	0	0	0	0	0	0	0	0	0	0	
939.062883	8	3	3	0	1	2	2	4200	382	26	56342	7	3	97	0	0	0	0	0	0	0	0	0	0	0	0	0	0	
940.049283	8	3	3	0	1	2	2	4200	367	26	56401	7	3	97	0	0	0	0	0	0	0	0	0	0	0	0	0	0	
941.054400	8	3	3	0	1	2	2	4200	354	26	56461	7	3	97	0	0	0	0	0	0	0	0	0	0	0	0	0	0	
942.060967	8	3	3	0	1	2	2	4200	334	26	56521	7	3	97	0	0	0	0	0	0	0	0	0	0	0	0	0	0	
943.067517	8	3	3	0	1	2	2	4200	327	26	56582	7	3	97	0	0	0	0	0	0	0	0	0	0	0	0	0	0	
944.052483	8	3	3	0	1	2	2	4200	309	26	56641	7	3	97	0	0	0	0	0	0	0	0	0	0	0	0	0	0	
945.057600	8	3	3	0	1	2	2	4200	306	26	56701	7	3	97	0	0	0	0	0	0	0	0	0	0	0	0	0	0	
946.064167	8	3	3	0	1	2	2	4200	297	26	56762	7	3	97	0	0	0	0	0	0	0	0	0	0	0	0	0	0	
947.050567	8	3	3	0	1	2	2	4200	294	26	56821	7	3	97	0	0	0	0	0	0	0	0	0	0	0	0	0	0	
948.054233	8	3	3	0	1	2	2	4200	287	26	56881	7	3	97	0	0	0	0	0	0	0	0	0	0	0	0	0	0	
949.062233	8	3	3	0	1	2	2	4200	280	26	56941	7	3	97	0	0	0	0	0	0	0	0	0	0	0	0	0	0	
950.065917	8	3	3	0	1	2	2	4201	275	26	57002	7	3	97	0	0	0	0	0	0	0	0	0	0	0	0	0	0	
951.052317	8	3	3	0	1	2	2	4200	268	26	57061	7	3	97	0	0	0	0	0	0	0	0	0	0	0	0	0	0	
952.058883	8	3	3	0	1	2	2	4201	264	26	57121	7	3	97	0	0	0	0	0	0	0	0	0	0	0	0	0	0	
953.062567	8	3	3	0	1	2	2	4200	259	26	57182	7	3	97	0	0	0	0	0	0	0	0	0	0	0	0	0	0	
954.069117	8	3	3	0	1	2	2	4200	254	26	57242	7	3	97	0	0	0	0	0	0	0	0	0	0	0	0	0	0	
955.054083	8	3	3	0	1	2	2	4201	249	26	57301	7	3	97	0	0	0	0	0	0	0	0	0	0	0	0	0	0	
956.060633	8	3	3	0	1	2	2	4200	243	26	57361	7	3	97	0	0	0	0	0	0	0	0	0	0	0	0	0	0	
957.067200	8	3	3	0	1	2	2	4200	238	26	57422	7	3	97	0	0	0	0	0	0	0	0	0	0	0	0	0	0	
958.052167	8	3	3	0	1	2	2	4200	233	26	57481	7	3	97	0	0	0	0	0	0	0	0	0	0	0	0	0	0	
959.058717	8	3	3	0	1	2	2	4200	228	26	57541	7	3	97	0	0	0	0	0	0	0	0	0	0	0	0	0	0	
960.063833	8	3	3	0	1	2	2	4200	223	26	57601	7	3	97	0	0	0	0	0	0	0	0	0	0	0	0	0	0	
961.067517	8	3	3	0	1	2	2	4200	218	26	57662	7	3	97	0	0	0	0	0	0	0	0	0	0	0	0	0	0	
962.053917	8	3	3	0	1	2	2	4200	213	26	57721	7	3	97	0	0	0	0	0	0	0	0	0	0	0	0	0	0	
963.061917	8	3	3	0	1	2	2	4200	208	26	57781	7	3	97	0	0	0	0	0	0	0	0	0	0	0	0	0	0	
964.065600	8	3	3	0	1	2	2	4200	203	26	57842	7	3	97	0	0	0	0	0	0	0	0	0	0	0	0	0	0	
965.053433	8	3	3	0	1	2	2	4201	198	26	57901	7	3	97	0	0	0	0	0	0	0	0	0	0	0	0	0	0	
966.057117	8	3	3	0	1	2	2	4200	193	26	57961	7	3	97	0	0	0	0	0	0	0	0	0	0	0	0	0	0	
967.063683	8	3	3	0	1	2	2	4200	190	26	58021	7	3	97	0	0	0	0	0	0	0	0	0	0	0	0	0	0	
968.068800	8	3	3	0	1	2	2	4200	185	26	58082	7	3	97	0	0	0	0	0	0	0	0	0	0	0	0	0	0	
969.053767	8	3	3	0	1	2	2	4200	182	26	58141	7	3	97	0	0	0	0	0	0	0	0	0	0	0	0	0	0	
970.060317	8	3	3	0	1	2	2	4200	177	26	58201	7	3	97	0	0	0	0	0	0	0	0	0	0	0	0	0	0	
971.066883	8	3	3	0	1	2	2	4200	174	26	58262	7	3	97	0	0	0	0	0	0	0	0	0	0	0	0	0	0	
972.051833	8	3	3	0	1	2	2	4200	169	26	58321	7	3	97	0	0	0	0	0	0	0	0	0	0	0	0	0	0	
973.058400	8	3	3	0	1	2	2	4200	165	26	58381	7	3	97	0	0	0	0	0	0	0	0	0	0	0	0	0	0	
974.063517	8	3	3	0	1	2	2	4200	161	26	58441	7	3	97	0	0	0	0	0	0	0	0	0	0	0	0	0	0	
975.068633	8	3	3	0	1	2	2	4200	158	26	58502	7	3	97	0	0	0	0	0	0	0	0	0	0	0	0	0	0	
976.053600	8	3	3	0	1	2	2	4200	154	26	58561	7	3	97	0	0	0	0	0	0	0	0	0	0	0	0	0	0	
977.060167	8	3	3	0	1	2	2	4200	151	26	58621	7	3	97	0	0	0	0	0	0	0	0	0	0	0	0	0	0	
978.065283	8	3	3	0	1	2	2	4200	146	26	58682	7	3	97	0	0	0	0	0	0	0	0	0	0	0	0	0	0	
979.071833	8	3	3	0	1	2	2	4200	142	26	58742	7	3	97	0	0	0	0	0	0	0	0	0	0	0	0	0	0	
980.056800	8	3	3	0	1	2	2	4200	139	26	58801	7	3	97	0	0	0	0	0	0	0	0	0	0	0	0	0	0	
981.063367	8	3	3	0	1	2	2	4200	136	26	58861	7	3	97	0	0	0	0	0	0	0	0	0	0	0	0	0	0	
982.068483	8	3	3	0	1	2	2	4200	132	26	58922	7	3	97	0	0	0	0	0	0	0	0	0	0	0	0	0	0	
983.053433	8	3	3	0	1	2	2	4200	129	26	58981	7	3	97	0	0	0	0	0	0	0	0	0	0	0	0	0	0	
984.065767	8	3	3	0	1	2	2	4200	126	26	59041	7	3	97	0	0	0	0	0	0	0	0	0	0	0	0	0	0	
985.070883	8	3	3	0	1	2	2	4200	122	26	59102	7	3	97	0	0	0	0	0	0	0	0	0	0	0	0	0	0	
986.057283	8	3	3	0	1	2	2	4200	119	26	59161	7	3	97	0	0	0	0	0	0	0	0	0	0	0	0	0	0	
987.062400	8	3	3	0	1	2	2	4200	116	26	59221	7	3	97	0	0	0	0	0	0	0	0	0	0	0	0	0	0	
988.067517	8	3	3	0	1	2	2	4200	113	26	59282	7	3	97	0	0	0	0	0	0	0	0	0	0	0	0	0	0	
989.053917	8	3	3	0	1	2	2	4200	111	25	59341	7	3	97	0	0	0	0	0	0	0	0	0	0	0	0	0	0	
990.060483	8	3	3	0	1	2	2	4200	108	26	59401	7	3	97	0	0	0	0	0	0	0	0	0	0	0	0	0	0	
991.064167	8	3	3	0	1	2	2	4201	105	25	59461	7	3	97	0	0	0	0	0	0	0	0	0	0	0	0	0	0	
992.070717	8	3	3	0	1	2	2	4200	102	25	59522	7	3	97	0	0	0	0	0	0	0	0	0	0	0	0	0	0	
993.055683	8	3	3	0	1	2	2	4200	101	25	59581	7	3	97	0	0	0	0	0	0	0	0	0	0	0	0	0	0	
994.062233	8	3	3	0	1	2	2	4200	98	25	59641	7	3	97	0	0	0	0	0	0	0	0	0	0	0	0	0	0	
995.067367	8	3	3	0	1	2	2	4200	94	25	59702	7	3	97	0	0	0	0	0	0	0	0	0	0	0	0	0	0	
996.053767	8	3	3	0	1	2	2	4200	92	25	59761	7	3	97	0	0	0	0	0	0	0	0	0	0	0	0	0	0	
997.058883	8	3	3	0	1	2	2	4200	90	25	59821	7	3	97	0	0	0	0	0	0	0	0	0	0	0	0	0	0	
998.065433	8	3	3	0	1	2	2	4200	88	25	59881	7	3	97	0	0	0	0	0	0	0	0	0	0	0	0	0	0	
999.069117	8	3	3	0	1	2	2	4200	85	25	59942	7	3	97	0	0	0	0	0	0	0	0	0	0	0	0	0	0	
1000.056967	8	3	3	0	1	2	2	4200	83	25	60001	7	3	97	0	0	0	0	0	0	0	0	0	0	0	0	0	0	
1001.060633	8	3	3	0	1	2	2	4200	81	25	60061	7	3	97	0	0	0	0	0	0	0	0	0	0	0	0	0	0	
1002.067200	8	3	3	0	1	2	2	4200	80	25	60121	7	3	97	0	0	0	0	0	0	0	0	0	0	0	0	0	0	
1003.072317	8	3	3	0	1	2	2	4200	77	25	60182	7	3	97	0	0	0	0	0	0	0	0	0	0	0	0	0	0	
1004.058717	8	3	3	0	1	2	2	4200	75	25	60241	7	3	97	0	0	0	0	0	0	0	0	0	0	0	0	0	0	
1005.063833	8	3	3	0	1	2	2	4200	73	25	60301	7	3	97	0	0	0	0	0	0	0	0	0	0	0	0	0	0	
1006.070400	8	3	3	0	1	2	2	4200	71	25	60362	7	3	97	0	0	0	0	0	0	0	0	0	0	0	0	0	0	
1007.056800	8	3	3	0	1	2	2	4200	70	25	60421	7	3	97	0	0	0	0	0	0	0	0	0	0	0	0	0	0	
1008.061917	8	3	3	0	1	2	2	4200	68	25	60481	7	3	97	0	0	0	0	0	0	0	0	0	0	0	0	0	0	
1008.744483	8	6	3	0	2	7	1	3884	-674	25	60522	7	4	0	0	0	0	0	0	0	0	0	0	0	0	0	0	0	
1009.069917	8	6	3	0	2	7	1	3900	-674	25	60542	7	4	0	0	0	0	0	0	0	0	0	0	0	0	0	0	0	
1010.054883	8	6	3	0	2	7	1	3880	-674	25	60601	7	4	1	0	0	0	0	0	0	0	0	0	0	0	0	0	0	
1011.061433	8	6	3	0	2	7	1	3877	-675	25	60661	7	4	1	0	0	0	0	0	0	0	0	0	0	0	0	0	0	
1012.065117	8	6	3	0	2	7	1	3869	-676	25	60721	7	4	2	0	0	0	0	0	0	0	0	0	0	0	0	0	0	
1013.071683	8	6	3	0	2	7	1	3859	-676	25	60782	7	4	3	0	0	0	0	0	0	0	0	0	0	0	0	0	0	
1014.058083	8	6	3	0	2	7	1	3856	-674	25	60841	7	4	4	0	0	0	0	0	0	0	0	0	0	0	0	0	0	
1015.063200	8	6	3	0	2	7	1	3826	-675	25	60901	7	4	5	0	0	0	0	0	0	0	0	0	0	0	0	0	0	
1016.068317	8	6	3	0	2	7	1	3822	-674	25	60962	7	4	6	0	0	0	0	0	0	0	0	0	0	0	0	0	0	
1017.074883	8	6	3	0	2	7	1	3816	-675	25	61022	7	4	6	0	0	0	0	0	0	0	0	0	0	0	0	0	0	
1018.059833	8	6	3	0	2	7	1	3809	-673	25	61081	7	4	7	0	0	0	0	0	0	0	0	0	0	0	0	0	0	
1019.066400	8	6	3	0	2	7	1	3801	-675	25	61141	7	4	8	0	0	0	0	0	0	0	0	0	0	0	0	0	0	
1020.071517	8	6	3	0	2	7	1	3800	-675	25	61202	7	4	9	0	0	0	0	0	0	0	0	0	0	0	0	0	0	
1021.057917	8	6	3	0	2	7	1	3790	-671	25	61261	7	4	10	0	0	0	0	0	0	0	0	0	0	0	0	0	0	
1022.063033	8	6	3	0	2	7	1	3772	-676	25	61321	7	4	10	0	0	0	0	0	0	0	0	0	0	0	0	0	0	
1023.068167	8	6	3	0	2	7	1	3762	-673	25	61381	7	4	11	0	0	0	0	0	0	0	0	0	0	0	0	0	0	
1024.073283	8	6	3	0	2	7	1	3751	-674	25	61442	7	4	12	0	0	0	0	0	0	0	0	0	0	0	0	0	0	
1025.059683	8	6	3	0	2	7	1	3740	-674	25	61501	7	4	13	0	0	0	0	0	0	0	0	0	0	0	0	0	0	
1026.064800	8	6	3	0	2	7	1	3728	-675	25	61561	7	4	14	0	0	0	0	0	0	0	0	0	0	0	0	0	0	
1027.071367	8	6	3	0	2	7	1	3722	-673	25	61622	7	4	15	0	0	0	0	0	0	0	0	0	0	0	0	0	0	
1028.056317	8	6	3	0	2	7	1	3706	-675	25	61681	7	4	15	0	0	0	0	0	0	0	0	0	0	0	0	0	0	
1029.062883	8	6	3	0	2	7	1	3749	-676	25	61741	7	4	16	0	0	0	0	0	0	0	0	0	0	0	0	0	0	
1030.068000	8	6	3	0	2	7	1	3741	-676	25	61801	7	4	17	0	0	0	0	0	0	0	0	0	0	0	0	0	0	
1031.073117	8	6	3	0	2	7	1	3735	-674	25	61862	7	4	18	0	0	0	0	0	0	0	0	0	0	0	0	0	0	
1032.059517	8	6	3	0	2	7	1	3727	-674	25	61921	7	4	19	0	0	0	0	0	0	0	0	0	0	0	0	0	0	
1033.066083	8	6	3	0	2	7	1	3719	-674	25	61981	7	4	19	0	0	0	0	0	0	0	0	0	0	0	0	0	0	
1034.069767	8	6	3	0	2	7	1	3714	-675	25	62042	7	4	20	0	0	0	0	0	0	0	0	0	0	0	0	0	0	
1035.057600	8	6	3	0	2	7	1	3708	-674	25	62101	7	4	21	0	0	0	0	0	0	0	0	0	0	0	0	0	0	
1036.062717	8	6	3	0	2	7	1	3701	-674	25	62161	7	4	22	0	0	0	0	0	0	0	0	0	0	0	0	0	0	
1037.067833	8	6	3	0	2	7	1	3695	-675	25	62221	7	4	23	0	0	0	0	0	0	0	0	0	0	0	0	0	0	
1038.072967	8	6	3	0	2	7	1	3685	-675	25	62282	7	4	24	0	0	0	0	0	0	0	0	0	0	0	0	0	0	
1039.059367	8	6	3	0	2	7	1	3679	-673	25	62341	7	4	24	0	0	0	0	0	0	0	0	0	0	0	0	0	0	
1040.064483	8	6	3	0	2	7	1	3671	-675	25	62401	7	4	25	0	0	0	0	0	0	0	0	0	0	0	0	0	0	
1041.071033	8	6	3	0	2	7	1	3666	-676	25	62461	7	4	26	0	0	0	0	0	0	0	0	0	0	0	0	0	0	
1042.074717	8	6	3	0	2	7	1	3657	-676	25	62522	7	4	27	0	0	0	0	0	0	0	0	0	0	0	0	0	0	
1043.062567	8	6	3	0	2	7	1	3651	-675	25	62581	7	4	28	0	0	0	0	0	0	0	0	0	0	0	0	0	0	
1044.067683	8	6	3	0	2	7	1	3645	-674	25	62641	7	4	29	0	0	0	0	0	0	0	0	0	0	0	0	0	0	
1045.072800	8	6	3	0	2	7	1	3639	-674	25	62702	7	4	29	0	0	0	0	0	0	0	0	0	0	0	0	0	0	
1046.060633	8	6	3	0	2	7	1	3633	-673	25	62761	7	4	30	0	0	0	0	0	0	0	0	0	0	0	0	0	0	
1047.064317	8	6	3	0	2	7	1	3627	-675	25	62821	7	4	31	0	0	0	0	0	0	0	0	0	0	0	0	0	0	
1048.069433	8	6	3	0	2	7	1	3617	-675	25	62881	7	4	32	0	0	0	0	0	0	0	0	0	0	0	0	0	0	
1049.076000	8	6	3	0	2	7	1	3607	-674	25	62942	7	4	33	0	0	0	0	0	0	0	0	0	0	0	0	0	0	
1050.060967	8	6	3	0	2	7	1	3599	-673	25	63001	7	4	33	0	0	0	0	0	0	0	0	0	0	0	0	0	0	
1051.067517	8	6	3	0	2	7	1	3570	-676	25	63061	7	4	34	0	0	0	0	0	0	0	0	0	0	0	0	0	0	
1052.072633	8	6	3	0	2	7	1	3594	-674	25	63122	7	4	35	0	0	0	0	0	0	0	0	0	0	0	0	0	0	
1053.059033	8	6	3	0	2	7	1	3581	-673	25	63181	7	4	36	0	0	0	0	0	0	0	0	0	0	0	0	0	0	
1054.065600	8	6	3	0	2	7	1	3559	-674	25	63241	7	4	37	0	0	0	0	0	0	0	0	0	0	0	0	0	0	
1055.069283	8	6	3	0	2	7	1	3555	-675	25	63301	7	4	38	0	0	0	0	0	0	0	0	0	0	0	0	0	0	
1056.074400	8	6	3	0	2	7	1	3520	-674	25	63362	7	4	38	0	0	0	0	0	0	0	0	0	0	0	0	0	0	
1057.062233	8	6	3	0	2	7	1	3521	-675	25	63421	7	4	39	0	0	0	0	0	0	0	0	0	0	0	0	0	0	
1058.065917	8	6	3	0	2	7	1	3535	-675	25	63481	7	4	40	0	0	0	0	0	0	0	0	0	0	0	0	0	0	
1059.072483	8	6	3	0	2	7	1	3530	-675	25	63542	7	4	41	0	0	0	0	0	0	0	0	0	0	0	0	0	0	
1060.076167	8	6	3	0	2	7	1	3524	-674	25	63602	7	4	42	0	0	0	0	0	0	0	0	0	0	0	0	0	0	
1061.064000	8	6	3	0	2	7	1	3516	-675	25	63661	7	4	43	0	0	0	0	0	0	0	0	0	0	0	0	0	0	
1062.070567	8	6	3	0	2	7	1	3509	-674	25	63721	7	4	43	0	0	0	0	0	0	0	0	0	0	0	0	0	0	
1063.074233	8	6	3	0	2	7	1	3515	-674	25	63782	7	4	44	0	0	0	0	0	0	0	0	0	0	0	0	0	0	
1064.062083	8	6	3	0	2	7	1	3514	-675	25	63841	7	4	45	0	0	0	0	0	0	0	0	0	0	0	0	0	0	
1065.067200	8	6	3	0	2	7	1	3508	-674	25	63901	7	4	46	0	0	0	0	0	0	0	0	0	0	0	0	0	0	
1066.070883	8	6	3	0	2	7	1	3505	-673	25	63961	7	4	47	0	0	0	0	0	0	0	0	0	0	0	0	0	0	
1067.077433	8	6	3	0	2	7	1	3497	-675	25	64022	7	4	47	0	0	0	0	0	0	0	0	0	0	0	0	0	0	
1068.063833	8	6	3	0	2	7	1	3494	-676	25	64081	7	4	48	0	0	0	0	0	0	0	0	0	0	0	0	0	0	
1069.068967	8	6	3	0	2	7	1	3491	-675	25	64141	7	4	49	0	0	0	0	0	0	0	0	0	0	0	0	0	0	
1070.075517	8	6	3	0	2	7	1	3481	-675	25	64202	7	4	50	0	0	0	0	0	0	0	0	0	0	0	0	0	0	
1071.060483	8	6	3	0	2	7	1	3475	-674	25	64261	7	4	51	0	0	0	0	0	0	0	0	0	0	0	0	0	0	
1072.067033	8	6	3	0	2	7	1	3463	-674	25	64321	7	4	52	0	0	0	0	0	0	0	0	0	0	0	0	0	0	
1073.070717	8	6	3	0	2	7	1	3456	-674	25	64381	7	4	52	0	0	0	0	0	0	0	0	0	0	0	0	0	0	
1074.075833	8	6	3	0	2	7	1	3445	-675	25	64442	7	4	53	0	0	0	0	0	0	0	0	0	0	0	0	0	0	
1075.063683	8	6	3	0	2	7	1	3439	-674	25	64501	7	4	54	0	0	0	0	0	0	0	0	0	0	0	0	0	0	
1076.068800	8	6	3	0	2	7	1	3435	-675	25	64561	7	4	55	0	0	0	0	0	0	0	0	0	0	0	0	0	0	
1077.073917	8	6	3	0	2	7	1	3374	-676	25	64622	7	4	56	0	0	0	0	0	0	0	0	0	0	0	0	0	0	
1078.061767	8	6	3	0	2	7	1	3336	-674	25	64681	7	4	56	0	0	0	0	0	0	0	0	0	0	0	0	0	0	
1079.065433	8	6	3	0	2	7	1	3478	-674	25	64741	7	4	57	0	0	0	0	0	0	0	0	0	0	0	0	0	0	
1080.072000	8	6	3	0	2	7	1	3263	-673	25	64801	7	4	58	0	0	0	0	0	0	0	0	0	0	0	0	0	0	
1081.077117	8	6	3	0	2	7	1	3488	-675	25	64862	7	4	59	0	0	0	0	0	0	0	0	0	0	0	0	0	0	
1082.063517	8	6	3	0	2	7	1	3502	-675	25	64921	7	4	60	0	0	0	0	0	0	0	0	0	0	0	0	0	0	
1083.068633	8	6	3	0	2	7	1	3483	-676	25	64981	7	4	61	0	0	0	0	0	0	0	0	0	0	0	0	0	0	
1084.073767	8	6	3	0	2	7	1	3458	-675	25	65042	7	4	61	0	0	0	0	0	0	0	0	0	0	0	0	0	0	
1085.078883	8	6	3	0	2	7	1	3412	-674	25	65102	7	4	62	0	0	0	0	0	0	0	0	0	0	0	0	0	0	
1086.066717	8	6	3	0	2	7	1	3392	-674	25	65161	7	4	63	0	0	0	0	0	0	0	0	0	0	0	0	0	0	
1087.070400	8	6	3	0	2	7	1	3225	-674	25	65221	7	4	64	0	0	0	0	0	0	0	0	0	0	0	0	0	0	
1088.076967	8	6	3	0	2	7	1	3284	-675	25	65282	7	4	65	0	0	0	0	0	0	0	0	0	0	0	0	0	0	
1089.061917	8	6	3	0	2	7	1	3245	-673	25	65341	7	4	66	0	0	0	0	0	0	0	0	0	0	0	0	0	0	
1090.068483	8	6	3	0	2	7	1	3476	-674	25	65401	7	4	66	0	0	0	0	0	0	0	0	0	0	0	0	0	0	
1091.073600	8	6	3	0	2	7	1	3461	-674	25	65461	7	4	67	0	0	0	0	0	0	0	0	0	0	0	0	0	0	
1092.078717	8	6	3	0	2	7	1	3434	-674	25	65522	7	4	68	0	0	0	0	0	0	0	0	0	0	0	0	0	0	
1093.065117	8	6	3	0	2	7	1	3451	-674	25	65581	7	4	69	0	0	0	0	0	0	0	0	0	0	0	0	0	0	
1094.070233	8	6	3	0	2	7	1	3443	-675	25	65641	7	4	70	0	0	0	0	0	0	0	0	0	0	0	0	0	0	
1095.075367	8	6	3	0	2	7	1	3434	-675	25	65702	7	4	70	0	0	0	0	0	0	0	0	0	0	0	0	0	0	
1096.063200	8	6	3	0	2	7	1	3420	-674	25	65761	7	4	71	0	0	0	0	0	0	0	0	0	0	0	0	0	0	
1097.066883	8	6	3	0	2	7	1	3415	-675	25	65821	7	4	72	0	0	0	0	0	0	0	0	0	0	0	0	0	0	
1098.073433	8	6	3	0	2	7	1	3406	-676	25	65881	7	4	73	0	0	0	0	0	0	0	0	0	0	0	0	0	0	
1099.078567	8	6	3	0	2	7	1	3397	-675	25	65942	7	4	74	0	0	0	0	0	0	0	0	0	0	0	0	0	0	
1100.064967	8	6	3	0	2	7	1	3387	-675	25	66001	7	4	75	0	0	0	0	0	0	0	0	0	0	0	0	0	0	
1101.070083	8	6	3	0	2	7	1	3378	-673	25	66061	7	4	75	0	0	0	0	0	0	0	0	0	0	0	0	0	0	
1102.076633	8	6	3	0	2	7	1	3379	-673	25	66122	7	4	76	0	0	0	0	0	0	0	0	0	0	0	0	0	0	
1103.080317	8	6	3	0	2	7	1	3377	-674	24	66182	7	4	77	0	0	0	0	0	0	0	0	0	0	0	0	0	0	
1104.068167	8	6	3	0	2	7	1	3372	-674	25	66241	7	4	78	0	0	0	0	0	0	0	0	0	0	0	0	0	0	
1105.071833	8	6	3	0	2	7	1	3365	-674	25	66301	7	4	79	0	0	0	0	0	0	0	0	0	0	0	0	0	0	
1106.078400	8	6	3	0	2	7	1	3362	-673	25	66362	7	4	80	0	0	0	0	0	0	0	0	0	0	0	0	0	0	
1107.063367	8	6	3	0	2	7	1	3358	-674	24	66421	7	4	80	0	0	0	0	0	0	0	0	0	0	0	0	0	0	
1108.069917	8	6	3	0	2	7	1	3365	-674	24	66481	7	4	81	0	0	0	0	0	0	0	0	0	0	0	0	0	0	
1109.075033	8	6	3	0	2	7	1	3350	-674	24	66541	7	4	82	0	0	0	0	0	0	0	0	0	0	0	0	0	0	
1110.081600	8	6	3	0	2	7	1	3343	-674	25	66602	7	4	83	0	0	0	0	0	0	0	0	0	0	0	0	0	0	
1111.066567	8	6	3	0	2	7	1	3338	-675	24	66661	7	4	84	0	0	0	0	0	0	0	0	0	0	0	0	0	0	
1112.073117	8	6	3	0	2	7	1	3325	-675	24	66721	7	4	85	0	0	0	0	0	0	0	0	0	0	0	0	0	0	
1113.076800	8	6	3	0	2	7	1	3382	-675	24	66782	7	4	85	0	0	0	0	0	0	0	0	0	0	0	0	0	0	
1114.064633	8	6	3	0	2	7	1	3368	-674	25	66841	7	4	86	0	0	0	0	0	0	0	0	0	0	0	0	0	0	
1115.069767	8	6	3	0	2	7	1	3352	-674	25	66901	7	4	87	0	0	0	0	0	0	0	0	0	0	0	0	0	0	
1116.074883	8	6	3	0	2	7	1	3332	-674	24	66961	7	4	88	0	0	0	0	0	0	0	0	0	0	0	0	0	0	
1117.080000	8	6	3	0	2	7	1	3374	-674	25	67022	7	4	89	0	0	0	0	0	0	0	0	0	0	0	0	0	0	
1118.066400	8	6	3	0	2	7	1	3359	-675	24	67081	7	4	89	0	0	0	0	0	0	0	0	0	0	0	0	0	0	
1119.071517	8	6	3	0	2	7	1	3343	-675	24	67141	7	4	90	0	0	0	0	0	0	0	0	0	0	0	0	0	0	
1120.078083	8	6	3	0	2	7	1	3321	-674	24	67202	7	4	91	0	0	0	0	0	0	0	0	0	0	0	0	0	0	
1121.063033	8	6	3	0	2	7	1	3293	-674	24	67261	7	4	92	0	0	0	0	0	0	0	0	0	0	0	0	0	0	
1122.069600	8	6	3	0	2	7	1	3261	-674	24	67321	7	4	93	0	0	0	0	0	0	0	0	0	0	0	0	0	0	
1123.074717	8	6	3	0	2	7	1	3219	-675	24	67381	7	4	94	0	0	0	0	0	0	0	0	0	0	0	0	0	0	
1124.079833	8	6	3	0	2	7	1	3167	-674	24	67442	7	4	94	0	0	0	0	0	0	0	0	0	0	0	0	0	0	
1125.069117	8	6	3	0	2	7	1	3097	-674	24	67501	7	4	95	0	0	0	0	0	0	0	0	0	0	0	0	0	0	
1126.072800	8	6	3	0	2	7	1	2985	-675	24	67561	7	4	96	0	0	0	0	0	0	0	0	0	0	0	0	0	0	
1127.077917	8	6	3	0	2	7	1	2668	-674	24	67622	7	4	97	0	0	0	0	0	0	0	0	0	0	0	0	0	0	
1127.102400	8	15	3	0	1	31	2	2983	68	24	67623	8	4	97	0	0	0	0	0	0	0	0	0	0	0	0	0	0	
1127.122567	8	4	3	0	1	3	2	2996	67	24	67624	8	4	97	0	0	0	0	0	0	0	0	0	0	0	0	0	0	
1127.142717	8	3	3	0	1	2	2	3222	676	24	67625	9	4	97	0	0	0	0	0	0	0	0	0	0	0	0	0	0	
1128.070083	8	3	3	0	1	2	2	3576	675	24	67681	9	4	97	0	0	0	0	0	0	0	0	0	0	0	0	0	0	
1129.075200	8	3	3	0	1	2	2	3700	675	24	67741	9	4	97	0	0	0	0	0	0	0	0	0	0	0	0	0	0	
1130.081767	8	3	3	0	1	2	2	3779	674	24	67802	9	4	97	0	0	0	0	0	0	0	0	0	0	0	0	0	0	
1131.066717	8	3	3	0	1	2	2	3835	675	24	67861	9	4	97	0	0	0	0	0	0	0	0	0	0	0	0	0	0	
1132.073283	8	3	3	0	1	2	2	3875	675	24	67921	9	4	97	0	0	0	0	0	0	0	0	0	0	0	0	0	0	
1133.078400	8	3	3	0	1	2	2	3905	674	24	67982	9	4	97	0	0	0	0	0	0	0	0	0	0	0	0	0	0	
1134.064800	8	3	3	0	1	2	2	3922	674	24	68041	9	4	97	0	0	0	0	0	0	0	0	0	0	0	0	0	0	
1135.069917	8	3	3	0	1	2	2	3929	674	24	68101	9	4	97	0	0	0	0	0	0	0	0	0	0	0	0	0	0	
1136.076483	8	3	3	0	1	2	2	3937	674	24	68161	9	4	97	0	0	0	0	0	0	0	0	0	0	0	0	0	0	
1137.080167	8	3	3	0	1	2	2	3942	675	24	68222	9	4	97	0	0	0	0	0	0	0	0	0	0	0	0	0	0	
1138.068000	8	3	3	0	1	2	2	3946	674	24	68281	9	4	97	0	0	0	0	0	0	0	0	0	0	0	0	0	0	
1139.071683	8	3	3	0	1	2	2	3950	675	24	68341	9	4	97	0	0	0	0	0	0	0	0	0	0	0	0	0	0	
1140.078233	8	3	3	0	1	2	2	3957	675	24	68401	9	4	97	0	0	0	0	0	0	0	0	0	0	0	0	0	0	
1141.083367	8	3	3	0	1	2	2	3958	674	25	68462	9	4	97	0	0	0	0	0	0	0	0	0	0	0	0	0	0	
1142.069767	8	3	3	0	1	2	2	3964	675	24	68521	9	4	97	0	0	0	0	0	0	0	0	0	0	0	0	0	0	
1143.074883	8	3	3	0	1	2	2	3972	675	24	68581	9	4	97	0	0	0	0	0	0	0	0	0	0	0	0	0	0	
1144.081433	8	3	3	0	1	2	2	3977	675	24	68642	9	4	97	0	0	0	0	0	0	0	0	0	0	0	0	0	0	
1145.066400	8	3	3	0	1	2	2	3983	675	24	68701	9	4	97	0	0	0	0	0	0	0	0	0	0	0	0	0	0	
1146.072967	8	3	3	0	1	2	2	3990	675	25	68761	9	4	97	0	0	0	0	0	0	0	0	0	0	0	0	0	0	
1147.076633	8	3	3	0	1	2	2	3995	674	24	68821	9	4	97	0	0	0	0	0	0	0	0	0	0	0	0	0	0	
1148.083200	8	3	3	0	1	2	2	3998	674	24	68882	9	4	97	0	0	0	0	0	0	0	0	0	0	0	0	0	0	
1149.069600	8	3	3	0	1	2	2	4002	674	25	68941	9	4	97	0	0	0	0	0	0	0	0	0	0	0	0	0	0	
1150.074717	8	3	3	0	1	2	2	4010	674	25	69001	9	4	97	0	0	0	0	0	0	0	0	0	0	0	0	0	0	
1151.079833	8	3	3	0	1	2	2	4007	675	24	69062	9	4	97	0	0	0	0	0	0	0	0	0	0	0	0	0	0	
1152.066233	8	3	3	0	1	2	2	4012	674	24	69121	9	4	97	0	0	0	0	0	0	0	0	0	0	0	0	0	0	
1153.071367	8	3	3	0	1	2	2	4015	674	24	69181	9	4	97	0	0	0	0	0	0	0	0	0	0	0	0	0	0	
1154.077917	8	3	3	0	1	2	2	4017	675	25	69241	9	4	97	0	0	0	0	0	0	0	0	0	0	0	0	0	0	
1155.081600	8	3	3	0	1	2	2	4016	675	24	69302	9	4	97	0	0	0	0	0	0	0	0	0	0	0	0	0	0	
1156.069433	8	3	3	0	1	2	2	4019	675	24	69361	9	4	97	0	0	0	0	0	0	0	0	0	0	0	0	0	0	
1157.074567	8	3	3	0	1	2	2	4022	674	25	69421	9	4	97	0	0	0	0	0	0	0	0	0	0	0	0	0	0	
1158.079683	8	3	3	0	1	2	2	4028	675	24	69482	9	4	97	0	0	0	0	0	0	0	0	0	0	0	0	0	0	
1159.084800	8	3	3	0	1	2	2	4030	674	24	69542	9	4	97	0	0	0	0	0	0	0	0	0	0	0	0	0	0	
1160.071200	8	3	3	0	1	2	2	4029	674	24	69601	9	4	97	0	0	0	0	0	0	0	0	0	0	0	0	0	0	
1161.076317	8	3	3	0	1	2	2	4030	674	25	69661	9	4	97	0	0	0	0	0	0	0	0	0	0	0	0	0	0	
1162.082883	8	3	3	0	1	2	2	4032	675	24	69722	9	4	97	0	0	0	0	0	0	0	0	0	0	0	0	0	0	
1163.067833	8	3	3	0	1	2	2	4034	675	25	69781	9	4	97	0	0	0	0	0	0	0	0	0	0	0	0	0	0	
1164.074400	8	3	3	0	1	2	2	4035	675	25	69841	9	4	97	0	0	0	0	0	0	0	0	0	0	0	0	0	0	
1165.078083	8	3	3	0	1	2	2	4035	674	25	69901	9	4	97	0	0	0	0	0	0	0	0	0	0	0	0	0	0	
1166.084633	8	3	3	0	1	2	2	4036	674	25	69962	9	4	97	0	0	0	0	0	0	0	0	0	0	0	0	0	0	
1167.071033	8	3	3	0	1	2	2	4040	674	25	70021	9	4	97	0	0	0	0	0	0	0	0	0	0	0	0	0	0	
1168.076167	8	3	3	0	1	2	2	4038	675	25	70081	9	4	97	0	0	0	0	0	0	0	0	0	0	0	0	0	0	
1169.081283	8	3	3	0	1	2	2	4036	675	25	70142	9	4	97	0	0	0	0	0	0	0	0	0	0	0	0	0	0	
1170.067683	8	3	3	0	1	2	2	4050	675	24	70201	9	4	97	0	0	0	0	0	0	0	0	0	0	0	0	0	0	
1171.072800	8	3	3	0	1	2	2	4044	675	25	70261	9	4	97	0	0	0	0	0	0	0	0	0	0	0	0	0	0	
1172.079367	8	3	3	0	1	2	2	4044	675	25	70321	9	4	97	0	0	0	0	0	0	0	0	0	0	0	0	0	0	
1173.083033	8	3	3	0	1	2	2	4045	674	25	70382	9	4	97	0	0	0	0	0	0	0	0	0	0	0	0	0	0	
1174.070883	8	3	3	0	1	2	2	4048	675	25	70441	9	4	97	0	0	0	0	0	0	0	0	0	0	0	0	0	0	
1175.076000	8	3	3	0	1	2	2	4048	675	25	70501	9	4	97	0	0	0	0	0	0	0	0	0	0	0	0	0	0	
1176.081117	8	3	3	0	1	2	2	4049	674	25	70562	9	4	97	0	0	0	0	0	0	0	0	0	0	0	0	0	0	
1177.067517	8	3	3	0	1	2	2	4050	675	25	70621	9	4	97	0	0	0	0	0	0	0	0	0	0	0	0	0	0	
1178.074083	8	3	3	0	1	2	2	4055	674	24	70681	9	4	97	0	0	0	0	0	0	0	0	0	0	0	0	0	0	
1179.077767	8	3	3	0	1	2	2	4054	674	25	70741	9	4	97	0	0	0	0	0	0	0	0	0	0	0	0	0	0	
1180.084317	8	3	3	0	1	2	2	4058	675	25	70802	9	4	97	0	0	0	0	0	0	0	0	0	0	0	0	0	0	
1181.069283	8	3	3	0	1	2	2	4061	674	25	70861	9	4	97	0	0	0	0	0	0	0	0	0	0	0	0	0	0	
1182.075833	8	3	3	0	1	2	2	4065	675	25	70921	9	4	97	0	0	0	0	0	0	0	0	0	0	0	0	0	0	
1183.080967	8	3	3	0	1	2	2	4067	674	25	70981	9	4	97	0	0	0	0	0	0	0	0	0	0	0	0	0	0	
1184.087517	8	3	3	0	1	2	2	4069	674	25	71042	9	4	97	0	0	0	0	0	0	0	0	0	0	0	0	0	0	
1185.072483	8	3	3	0	1	2	2	4072	675	25	71101	9	4	97	0	0	0	0	0	0	0	0	0	0	0	0	0	0	
1186.079033	8	3	3	0	1	2	2	4075	674	25	71161	9	4	97	0	0	0	0	0	0	0	0	0	0	0	0	0	0	
1187.082717	8	3	3	0	1	2	2	4079	675	25	71222	9	4	97	0	0	0	0	0	0	0	0	0	0	0	0	0	0	
1188.070567	8	3	3	0	1	2	2	4083	675	25	71281	9	4	97	0	0	0	0	0	0	0	0	0	0	0	0	0	0	
1189.077117	8	3	3	0	1	2	2	4085	675	25	71341	9	4	97	0	0	0	0	0	0	0	0	0	0	0	0	0	0	
1190.080800	8	3	3	0	1	2	2	4088	675	25	71401	9	4	97	0	0	0	0	0	0	0	0	0	0	0	0	0	0	
1191.085917	8	3	3	0	1	2	2	4092	674	25	71462	9	4	97	0	0	0	0	0	0	0	0	0	0	0	0	0	0	
1192.073767	8	3	3	0	1	2	2	4096	674	25	71521	9	4	97	0	0	0	0	0	0	0	0	0	0	0	0	0	0	
1193.077433	8	3	3	0	1	2	2	4099	674	25	71581	9	4	97	0	0	0	0	0	0	0	0	0	0	0	0	0	0	
1194.084000	8	3	3	0	1	2	2	4103	675	25	71642	9	4	97	0	0	0	0	0	0	0	0	0	0	0	0	0	0	
1195.068967	8	3	3	0	1	2	2	4105	674	25	71701	9	4	97	0	0	0	0	0	0	0	0	0	0	0	0	0	0	
1196.075517	8	3	3	0	1	2	2	4109	674	25	71761	9	4	97	0	0	0	0	0	0	0	0	0	0	0	0	0	0	
1197.082083	8	3	3	0	1	2	2	4114	675	25	71821	9	4	97	0	0	0	0	0	0	0	0	0	0	0	0	0	0	
1198.085767	8	3	3	0	1	2	2	4119	669	24	71882	9	4	97	0	0	0	0	0	0	0	0	0	0	0	0	0	0	
1199.073600	8	3	3	0	1	2	2	4118	668	25	71941	9	4	97	0	0	0	0	0	0	0	0	0	0	0	0	0	0	
1200.078717	8	3	3	0	1	2	2	4124	667	25	72001	9	4	97	0	0	0	0	0	0	0	0	0	0	0	0	0	0	
1201.082400	8	3	3	0	1	2	2	4126	666	25	72062	9	4	97	0	0	0	0	0	0	0	0	0	0	0	0	0	0	
1202.070233	8	3	3	0	1	2	2	4129	665	25	72121	9	4	97	0	0	0	0	0	0	0	0	0	0	0	0	0	0	
1203.076800	8	3	3	0	1	2	2	4133	666	25	72181	9	4	97	0	0	0	0	0	0	0	0	0	0	0	0	0	0	
1204.080483	8	3	3	0	1	2	2	4139	666	25	72241	9	4	97	0	0	0	0	0	0	0	0	0	0	0	0	0	0	
1205.087033	8	3	3	0	1	2	2	4143	664	25	72302	9	4	97	0	0	0	0	0	0	0	0	0	0	0	0	0	0	
1206.072000	8	3	3	0	1	2	2	4146	664	25	72361	9	4	97	0	0	0	0	0	0	0	0	0	0	0	0	0	0	
1207.078567	8	3	3	0	1	2	2	4152	664	25	72421	9	4	97	0	0	0	0	0	0	0	0	0	0	0	0	0	0	
1208.083683	8	3	3	0	1	2	2	4155	664	25	72482	9	4	97	0	0	0	0	0	0	0	0	0	0	0	0	0	0	
1209.090233	8	3	3	0	1	2	2	4158	664	25	72542	9	4	97	0	0	0	0	0	0	0	0	0	0	0	0	0	0	
1210.075200	8	3	3	0	1	2	2	4163	663	25	72601	9	4	97	0	0	0	0	0	0	0	0	0	0	0	0	0	0	
1211.081767	8	3	3	0	1	2	2	4171	661	25	72661	9	4	97	0	0	0	0	0	0	0	0	0	0	0	0	0	0	
1212.085433	8	3	3	0	1	2	2	4176	661	25	72722	9	4	97	0	0	0	0	0	0	0	0	0	0	0	0	0	0	
1213.073283	8	3	3	0	1	2	2	4180	660	25	72781	9	4	97	0	0	0	0	0	0	0	0	0	0	0	0	0	0	
1214.078400	8	3	3	0	1	2	2	4188	659	25	72841	9	4	97	0	0	0	0	0	0	0	0	0	0	0	0	0	0	
1215.083517	8	3	3	0	1	2	2	4190	659	25	72901	9	4	97	0	0	0	0	0	0	0	0	0	0	0	0	0	0	
1216.088633	8	3	3	0	1	2	2	4195	658	25	72962	9	4	97	0	0	0	0	0	0	0	0	0	0	0	0	0	0	
1217.076483	8	3	3	0	1	2	2	4200	653	24	73021	9	4	97	0	0	0	0	0	0	0	0	0	0	0	0	0	0	
1218.080167	8	3	3	0	1	2	2	4200	638	25	73081	9	4	97	0	0	0	0	0	0	0	0	0	0	0	0	0	0	
1219.086717	8	3	3	0	1	2	2	4200	623	25	73142	9	4	97	0	0	0	0	0	0	0	0	0	0	0	0	0	0	
1220.071683	8	3	3	0	1	2	2	4200	593	25	73201	9	4	97	0	0	0	0	0	0	0	0	0	0	0	0	0	0	
1221.078233	8	3	3	0	1	2	2	4200	586	25	73261	9	4	97	0	0	0	0	0	0	0	0	0	0	0	0	0	0	
1222.083367	8	3	3	0	1	2	2	4200	565	25	73321	9	4	97	0	0	0	0	0	0	0	0	0	0	0	0	0	0	
1223.088483	8	3	3	0	1	2	2	4200	550	25	73382	9	4	97	0	0	0	0	0	0	0	0	0	0	0	0	0	0	
1224.074883	8	3	3	0	1	2	2	4200	538	25	73441	9	4	97	0	0	0	0	0	0	0	0	0	0	0	0	0	0	
1225.081433	8	3	3	0	1	2	2	4200	525	25	73501	9	4	97	0	0	0	0	0	0	0	0	0	0	0	0	0	0	
1226.085117	8	3	3	0	1	2	2	4200	514	25	73562	9	4	97	0	0	0	0	0	0	0	0	0	0	0	0	0	0	
1227.072967	8	3	3	0	1	2	2	4200	505	25	73621	9	4	97	0	0	0	0	0	0	0	0	0	0	0	0	0	0	
1228.076633	8	3	3	0	1	2	2	4200	488	25	73681	9	4	97	0	0	0	0	0	0	0	0	0	0	0	0	0	0	
1229.083200	8	3	3	0	1	2	2	4200	472	25	73741	9	4	97	0	0	0	0	0	0	0	0	0	0	0	0	0	0	
1230.088317	8	3	3	0	1	2	2	4201	419	25	73802	9	4	97	0	0	0	0	0	0	0	0	0	0	0	0	0	0	
1231.074717	8	3	3	0	1	2	2	4200	414	25	73861	9	4	97	0	0	0	0	0	0	0	0	0	0	0	0	0	0	
1232.079833	8	3	3	0	1	2	2	4201	396	25	73921	9	4	97	0	0	0	0	0	0	0	0	0	0	0	0	0	0	
1233.086400	8	3	3	0	1	2	2	4200	386	25	73982	9	4	97	0	0	0	0	0	0	0	0	0	0	0	0	0	0	
1234.090083	8	3	3	0	1	2	2	4200	378	25	74042	9	4	97	0	0	0	0	0	0	0	0	0	0	0	0	0	0	
1235.077917	8	3	3	0	1	2	2	4200	371	25	74101	9	4	97	0	0	0	0	0	0	0	0	0	0	0	0	0	0	
1236.088800	8	3	3	0	1	2	2	4200	359	25	74162	9	4	97	0	0	0	0	0	0	0	0	0	0	0	0	0	0	
1237.073767	8	3	3	0	1	2	2	4200	346	25	74221	9	4	97	0	0	0	0	0	0	0	0	0	0	0	0	0	0	
1238.080317	8	3	3	0	1	2	2	4200	335	25	74281	9	4	97	0	0	0	0	0	0	0	0	0	0	0	0	0	0	
1239.084000	8	3	3	0	1	2	2	4200	329	25	74341	9	4	97	0	0	0	0	0	0	0	0	0	0	0	0	0	0	
1240.090567	8	3	3	0	1	2	2	4200	317	25	74402	9	4	97	0	0	0	0	0	0	0	0	0	0	0	0	0	0	
1241.075517	8	3	3	0	1	2	2	4200	308	25	74461	9	4	97	0	0	0	0	0	0	0	0	0	0	0	0	0	0	
1242.082083	8	3	3	0	1	2	2	4200	302	25	74521	9	4	97	0	0	0	0	0	0	0	0	0	0	0	0	0	0	
1243.087200	8	3	3	0	1	2	2	4200	291	25	74582	9	4	97	0	0	0	0	0	0	0	0	0	0	0	0	0	0	
1244.073600	8	3	3	0	1	2	2	4200	285	25	74641	9	4	97	0	0	0	0	0	0	0	0	0	0	0	0	0	0	
1245.078717	8	3	3	0	1	2	2	4200	278	25	74701	9	4	97	0	0	0	0	0	0	0	0	0	0	0	0	0	0	
1246.085283	8	3	3	0	1	2	2	4200	270	25	74761	9	4	97	0	0	0	0	0	0	0	0	0	0	0	0	0	0	
1247.088967	8	3	3	0	1	2	2	4200	262	25	74822	9	4	97	0	0	0	0	0	0	0	0	0	0	0	0	0	0	
1248.076800	8	3	3	0	1	2	2	4200	255	25	74881	9	4	97	0	0	0	0	0	0	0	0	0	0	0	0	0	0	
1249.083367	8	3	3	0	1	2	2	4200	248	25	74941	9	4	97	0	0	0	0	0	0	0	0	0	0	0	0	0	0	
1250.087033	8	3	3	0	1	2	2	4200	242	25	75002	9	4	97	0	0	0	0	0	0	0	0	0	0	0	0	0	0	
1251.074883	8	3	3	0	1	2	2	4200	235	25	75061	9	4	97	0	0	0	0	0	0	0	0	0	0	0	0	0	0	
1252.078567	8	3	3	0	1	2	2	4201	228	25	75121	9	4	97	0	0	0	0	0	0	0	0	0	0	0	0	0	0	
1253.083683	8	3	3	0	1	2	2	4200	220	25	75181	9	4	97	0	0	0	0	0	0	0	0	0	0	0	0	0	0	
1254.090233	8	3	3	0	1	2	2	4200	215	25	75242	9	4	97	0	0	0	0	0	0	0	0	0	0	0	0	0	0	
1255.076633	8	3	3	0	1	2	2	4200	208	25	75301	9	4	97	0	0	0	0	0	0	0	0	0	0	0	0	0	0	
1256.081767	8	3	3	0	1	2	2	4200	203	25	75361	9	4	97	0	0	0	0	0	0	0	0	0	0	0	0	0	0	
1257.088317	8	3	3	0	1	2	2	4200	197	25	75421	9	4	97	0	0	0	0	0	0	0	0	0	0	0	0	0	0	
1258.092000	8	3	3	0	1	2	2	4200	190	25	75482	9	4	97	0	0	0	0	0	0	0	0	0	0	0	0	0	0	
1259.079833	8	3	3	0	1	2	2	4200	185	25	75541	9	4	97	0	0	0	0	0	0	0	0	0	0	0	0	0	0	
1260.083517	8	3	3	0	1	2	2	4200	180	25	75601	9	4	97	0	0	0	0	0	0	0	0	0	0	0	0	0	0	
1261.088633	8	3	3	0	1	2	2	4200	174	25	75662	9	4	97	0	0	0	0	0	0	0	0	0	0	0	0	0	0	
1262.075033	8	3	3	0	1	2	2	4200	170	25	75721	9	4	97	0	0	0	0	0	0	0	0	0	0	0	0	0	0	
1263.080167	8	3	3	0	1	2	2	4200	166	25	75781	9	4	97	0	0	0	0	0	0	0	0	0	0	0	0	0	0	
1264.086717	8	3	3	0	1	2	2	4200	161	25	75841	9	4	97	0	0	0	0	0	0	0	0	0	0	0	0	0	0	
1265.090400	8	3	3	0	1	2	2	4200	157	25	75902	9	4	97	0	0	0	0	0	0	0	0	0	0	0	0	0	0	
1266.078233	8	3	3	0	1	2	2	4200	151	25	75961	9	4	97	0	0	0	0	0	0	0	0	0	0	0	0	0	0	
1267.084800	8	3	3	0	1	2	2	4200	147	25	76021	9	4	97	0	0	0	0	0	0	0	0	0	0	0	0	0	0	
1268.088483	8	3	3	0	1	2	2	4200	143	25	76082	9	4	97	0	0	0	0	0	0	0	0	0	0	0	0	0	0	
1269.076317	8	3	3	0	1	2	2	4200	138	25	76141	9	4	97	0	0	0	0	0	0	0	0	0	0	0	0	0	0	
1270.081433	8	3	3	0	1	2	2	4200	135	25	76201	9	4	97	0	0	0	0	0	0	0	0	0	0	0	0	0	0	
1271.085117	8	3	3	0	1	2	2	4200	131	25	76261	9	4	97	0	0	0	0	0	0	0	0	0	0	0	0	0	0	
1272.091683	8	3	3	0	1	2	2	4200	127	25	76322	9	4	97	0	0	0	0	0	0	0	0	0	0	0	0	0	0	
1273.078083	8	3	3	0	1	2	2	4200	123	25	76381	9	4	97	0	0	0	0	0	0	0	0	0	0	0	0	0	0	
1274.083200	8	3	3	0	1	2	2	4200	119	25	76441	9	4	97	0	0	0	0	0	0	0	0	0	0	0	0	0	0	
1275.089767	8	3	3	0	1	2	2	4200	114	25	76502	9	4	97	0	0	0	0	0	0	0	0	0	0	0	0	0	0	
1276.094883	8	3	3	0	1	2	2	4200	102	25	76562	9	4	97	0	0	0	0	0	0	0	0	0	0	0	0	0	0	
1277.081283	8	3	3	0	1	2	2	4200	97	25	76621	9	4	97	0	0	0	0	0	0	0	0	0	0	0	0	0	0	
1278.086400	8	3	3	0	1	2	2	4200	94	25	76681	9	4	97	0	0	0	0	0	0	0	0	0	0	0	0	0	0	
1279.090083	8	3	3	0	1	2	2	4200	92	25	76742	9	4	97	0	0	0	0	0	0	0	0	0	0	0	0	0	0	
1280.077917	8	3	3	0	1	2	2	4200	89	25	76801	9	4	97	0	0	0	0	0	0	0	0	0	0	0	0	0	0	
1281.084483	8	3	3	0	1	2	2	4200	86	25	76861	9	4	97	0	0	0	0	0	0	0	0	0	0	0	0	0	0	
1282.088167	8	3	3	0	1	2	2	4200	83	25	76921	9	4	97	0	0	0	0	0	0	0	0	0	0	0	0	0	0	
1283.094717	8	3	3	0	1	2	2	4200	80	25	76982	9	4	97	0	0	0	0	0	0	0	0	0	0	0	0	0	0	
1284.081117	8	3	3	0	1	2	2	4200	80	25	77041	9	4	97	0	0	0	0	0	0	0	0	0	0	0	0	0	0	
1285.086233	8	3	3	0	1	2	2	4200	77	25	77101	9	4	97	0	0	0	0	0	0	0	0	0	0	0	0	0	0	
1286.091367	8	3	3	0	1	2	2	4200	76	25	77162	9	4	97	0	0	0	0	0	0	0	0	0	0	0	0	0	0	
1287.077767	8	3	3	0	1	2	2	4200	74	25	77221	9	4	97	0	0	0	0	0	0	0	0	0	0	0	0	0	0	
1288.082883	8	3	3	0	1	2	2	4200	72	25	77281	9	4	97	0	0	0	0	0	0	0	0	0	0	0	0	0	0	
1288.972800	8	6	3	0	2	7	1	3976	-480	25	77335	9	5	0	0	0	0	0	0	0	0	0	0	0	0	0	0	0	
1289.090883	8	6	3	0	2	7	1	3922	-675	25	77342	9	5	0	0	0	0	0	0	0	0	0	0	0	0	0	0	0	
1290.075833	8	6	3	0	2	7	1	3947	-675	25	77401	9	5	0	0	0	0	0	0	0	0	0	0	0	0	0	0	0	
1291.082400	8	6	3	0	2	7	1	3942	-674	25	77461	9	5	1	0	0	0	0	0	0	0	0	0	0	0	0	0	0	
1292.087517	8	6	3	0	2	7	1	3931	-673	25	77521	9	5	2	0	0	0	0	0	0	0	0	0	0	0	0	0	0	
1293.092633	8	6	3	0	2	7	1	3921	-673	25	77582	9	5	3	0	0	0	0	0	0	0	0	0	0	0	0	0	0	
1294.080483	8	6	3	0	2	7	1	3912	-673	25	77641	9	5	4	0	0	0	0	0	0	0	0	0	0	0	0	0	0	
1295.085600	8	6	3	0	2	7	1	3902	-673	25	77701	9	5	4	0	0	0	0	0	0	0	0	0	0	0	0	0	0	
1296.089283	8	6	3	0	2	7	1	3894	-674	25	77762	9	5	5	0	0	0	0	0	0	0	0	0	0	0	0	0	0	
1297.095833	8	6	3	0	2	7	1	3886	-673	25	77822	9	5	6	0	0	0	0	0	0	0	0	0	0	0	0	0	0	
1298.083683	8	6	3	0	2	7	1	3880	-675	25	77881	9	5	7	0	0	0	0	0	0	0	0	0	0	0	0	0	0	
1299.087367	8	6	3	0	2	7	1	3872	-674	25	77941	9	5	8	0	0	0	0	0	0	0	0	0	0	0	0	0	0	
1300.092483	8	6	3	0	2	7	1	3864	-674	25	78002	9	5	9	0	0	0	0	0	0	0	0	0	0	0	0	0	0	
1301.078883	8	6	3	0	2	7	1	3857	-675	25	78061	9	5	9	0	0	0	0	0	0	0	0	0	0	0	0	0	0	
1302.085433	8	6	3	0	2	7	1	3849	-674	25	78121	9	5	10	0	0	0	0	0	0	0	0	0	0	0	0	0	0	
1303.090567	8	6	3	0	2	7	1	3840	-674	25	78181	9	5	11	0	0	0	0	0	0	0	0	0	0	0	0	0	0	
1304.094233	8	6	3	0	2	7	1	3836	-673	25	78242	9	5	12	0	0	0	0	0	0	0	0	0	0	0	0	0	0	
1305.082083	8	6	3	0	2	7	1	3829	-674	25	78301	9	5	13	0	0	0	0	0	0	0	0	0	0	0	0	0	0	
1306.088633	8	6	3	0	2	7	1	3826	-675	25	78361	9	5	14	0	0	0	0	0	0	0	0	0	0	0	0	0	0	
1307.092317	8	6	3	0	2	7	1	3819	-674	25	78422	9	5	14	0	0	0	0	0	0	0	0	0	0	0	0	0	0	
1308.080167	8	6	3	0	2	7	1	3813	-673	25	78481	9	5	15	0	0	0	0	0	0	0	0	0	0	0	0	0	0	
1309.083833	8	6	3	0	2	7	1	3806	-675	25	78541	9	5	16	0	0	0	0	0	0	0	0	0	0	0	0	0	0	
1310.090400	8	6	3	0	2	7	1	3800	-673	25	78601	9	5	17	0	0	0	0	0	0	0	0	0	0	0	0	0	0	
1311.095517	8	6	3	0	2	7	1	3793	-675	25	78662	9	5	18	0	0	0	0	0	0	0	0	0	0	0	0	0	0	
1312.081917	8	6	3	0	2	7	1	3787	-675	25	78721	9	5	18	0	0	0	0	0	0	0	0	0	0	0	0	0	0	
1313.087033	8	6	3	0	2	7	1	3779	-676	25	78781	9	5	19	0	0	0	0	0	0	0	0	0	0	0	0	0	0	
1314.093600	8	6	3	0	2	7	1	3774	-675	25	78842	9	5	20	0	0	0	0	0	0	0	0	0	0	0	0	0	0	
1315.078567	8	6	3	0	2	7	1	3768	-675	25	78901	9	5	21	0	0	0	0	0	0	0	0	0	0	0	0	0	0	
1316.085117	8	6	3	0	2	7	1	3762	-675	25	78961	9	5	22	0	0	0	0	0	0	0	0	0	0	0	0	0	0	
1317.088800	8	6	3	0	2	7	1	3756	-674	25	79021	9	5	23	0	0	0	0	0	0	0	0	0	0	0	0	0	0	
1318.095367	8	6	3	0	2	7	1	3752	-675	25	79082	9	5	23	0	0	0	0	0	0	0	0	0	0	0	0	0	0	
1319.081767	8	6	3	0	2	7	1	3746	-674	25	79141	9	5	24	0	0	0	0	0	0	0	0	0	0	0	0	0	0	
1320.086883	8	6	3	0	2	7	1	3741	-675	25	79201	9	5	25	0	0	0	0	0	0	0	0	0	0	0	0	0	0	
1321.092000	8	6	3	0	2	7	1	3735	-675	25	79261	9	5	26	0	0	0	0	0	0	0	0	0	0	0	0	0	0	
1322.098567	8	6	3	0	2	7	1	3729	-676	25	79322	9	5	27	0	0	0	0	0	0	0	0	0	0	0	0	0	0	
1323.083517	8	6	3	0	2	7	1	3723	-672	25	79381	9	5	27	0	0	0	0	0	0	0	0	0	0	0	0	0	0	
1324.090083	8	6	3	0	2	7	1	3720	-675	25	79441	9	5	28	0	0	0	0	0	0	0	0	0	0	0	0	0	0	
1325.093767	8	6	3	0	2	7	1	3714	-675	25	79502	9	5	29	0	0	0	0	0	0	0	0	0	0	0	0	0	0	
1326.081600	8	6	3	0	2	7	1	3710	-674	25	79561	9	5	30	0	0	0	0	0	0	0	0	0	0	0	0	0	0	
1327.086717	8	6	3	0	2	7	1	3704	-675	25	79621	9	5	31	0	0	0	0	0	0	0	0	0	0	0	0	0	0	
1328.091833	8	6	3	0	2	7	1	3697	-674	25	79681	9	5	32	0	0	0	0	0	0	0	0	0	0	0	0	0	0	
1329.096967	8	6	3	0	2	7	1	3693	-676	25	79742	9	5	32	0	0	0	0	0	0	0	0	0	0	0	0	0	0	
1330.083367	8	6	3	0	2	7	1	3689	-675	25	79801	9	5	33	0	0	0	0	0	0	0	0	0	0	0	0	0	0	
1331.088483	8	6	3	0	2	7	1	3684	-675	25	79861	9	5	34	0	0	0	0	0	0	0	0	0	0	0	0	0	0	
1332.095033	8	6	3	0	2	7	1	3679	-675	25	79922	9	5	35	0	0	0	0	0	0	0	0	0	0	0	0	0	0	
1333.080000	8	6	3	0	2	7	1	3672	-673	25	79981	9	5	36	0	0	0	0	0	0	0	0	0	0	0	0	0	0	
1334.086567	8	6	3	0	2	7	1	3669	-674	25	80041	9	5	37	0	0	0	0	0	0	0	0	0	0	0	0	0	0	
1335.091683	8	6	3	0	2	7	1	3665	-676	25	80101	9	5	37	0	0	0	0	0	0	0	0	0	0	0	0	0	0	
1336.096800	8	6	3	0	2	7	1	3661	-675	25	80162	9	5	38	0	0	0	0	0	0	0	0	0	0	0	0	0	0	
1337.083200	8	6	3	0	2	7	1	3657	-674	25	80221	9	5	39	0	0	0	0	0	0	0	0	0	0	0	0	0	0	
1338.089767	8	6	3	0	2	7	1	3652	-673	25	80281	9	5	40	0	0	0	0	0	0	0	0	0	0	0	0	0	0	
1339.093433	8	6	3	0	2	7	1	3648	-675	25	80342	9	5	41	0	0	0	0	0	0	0	0	0	0	0	0	0	0	
1340.081283	8	6	3	0	2	7	1	3644	-675	25	80401	9	5	41	0	0	0	0	0	0	0	0	0	0	0	0	0	0	
1341.084967	8	6	3	0	2	7	1	3641	-675	25	80461	9	5	42	0	0	0	0	0	0	0	0	0	0	0	0	0	0	
1342.091517	8	6	3	0	2	7	1	3638	-674	25	80521	9	5	43	0	0	0	0	0	0	0	0	0	0	0	0	0	0	
1343.096633	8	6	3	0	2	7	1	3634	-674	25	80582	9	5	44	0	0	0	0	0	0	0	0	0	0	0	0	0	0	
1344.083033	8	6	3	0	2	7	1	3628	-675	25	80641	9	5	45	0	0	0	0	0	0	0	0	0	0	0	0	0	0	
1345.088167	8	6	3	0	2	7	1	3625	-676	25	80701	9	5	46	0	0	0	0	0	0	0	0	0	0	0	0	0	0	
1346.094717	8	6	3	0	2	7	1	3623	-674	25	80761	9	5	46	0	0	0	0	0	0	0	0	0	0	0	0	0	0	
1347.098400	8	6	3	0	2	7	1	3617	-676	25	80822	9	5	47	0	0	0	0	0	0	0	0	0	0	0	0	0	0	
1348.086233	8	6	3	0	2	7	1	3615	-676	25	80881	9	5	48	0	0	0	0	0	0	0	0	0	0	0	0	0	0	
1349.089917	8	6	3	0	2	7	1	3612	-675	25	80941	9	5	49	0	0	0	0	0	0	0	0	0	0	0	0	0	0	
1350.096483	8	6	3	0	2	7	1	3606	-676	25	81002	9	5	50	0	0	0	0	0	0	0	0	0	0	0	0	0	0	
1351.081433	8	6	3	0	2	7	1	3601	-676	25	81061	9	5	51	0	0	0	0	0	0	0	0	0	0	0	0	0	0	
1352.088000	8	6	3	0	2	7	1	3599	-672	25	81121	9	5	51	0	0	0	0	0	0	0	0	0	0	0	0	0	0	
1353.093117	8	6	3	0	2	7	1	3594	-676	25	81181	9	5	52	0	0	0	0	0	0	0	0	0	0	0	0	0	0	
1354.099683	8	6	3	0	2	7	1	3589	-673	25	81242	9	5	53	0	0	0	0	0	0	0	0	0	0	0	0	0	0	
1355.084633	8	6	3	0	2	7	1	3588	-675	25	81301	9	5	54	0	0	0	0	0	0	0	0	0	0	0	0	0	0	
1356.091200	8	6	3	0	2	7	1	3586	-674	25	81361	9	5	55	0	0	0	0	0	0	0	0	0	0	0	0	0	0	
1357.094883	8	6	3	0	2	7	1	3583	-673	25	81422	9	5	55	0	0	0	0	0	0	0	0	0	0	0	0	0	0	
1358.082717	8	6	3	0	2	7	1	3581	-675	25	81481	9	5	56	0	0	0	0	0	0	0	0	0	0	0	0	0	0	
1359.086400	8	6	3	0	2	7	1	3578	-674	25	81541	9	5	57	0	0	0	0	0	0	0	0	0	0	0	0	0	0	
1360.092967	8	6	3	0	2	7	1	3574	-673	25	81601	9	5	58	0	0	0	0	0	0	0	0	0	0	0	0	0	0	
1361.098083	8	6	3	0	2	7	1	3572	-675	25	81662	9	5	59	0	0	0	0	0	0	0	0	0	0	0	0	0	0	
1362.084483	8	6	3	0	2	7	1	3570	-674	25	81721	9	5	60	0	0	0	0	0	0	0	0	0	0	0	0	0	0	
1363.089600	8	6	3	0	2	7	1	3566	-675	25	81781	9	5	60	0	0	0	0	0	0	0	0	0	0	0	0	0	0	
1364.096167	8	6	3	0	2	7	1	3564	-673	25	81842	9	5	61	0	0	0	0	0	0	0	0	0	0	0	0	0	0	
1365.101283	8	6	3	0	2	7	1	3560	-674	25	81902	9	5	62	0	0	0	0	0	0	0	0	0	0	0	0	0	0	
1366.087683	8	6	3	0	2	7	1	3558	-676	25	81961	9	5	63	0	0	0	0	0	0	0	0	0	0	0	0	0	0	
1367.092800	8	6	3	0	2	7	1	3555	-675	25	82021	9	5	64	0	0	0	0	0	0	0	0	0	0	0	0	0	0	
1368.097917	8	6	3	0	2	7	1	3551	-674	25	82082	9	5	65	0	0	0	0	0	0	0	0	0	0	0	0	0	0	
1369.084317	8	6	3	0	2	7	1	3548	-674	25	82141	9	5	65	0	0	0	0	0	0	0	0	0	0	0	0	0	0	
1370.090883	8	6	3	0	2	7	1	3546	-675	25	82201	9	5	66	0	0	0	0	0	0	0	0	0	0	0	0	0	0	
1371.094567	8	6	3	0	2	7	1	3543	-674	25	82261	9	5	67	0	0	0	0	0	0	0	0	0	0	0	0	0	0	
1372.101117	8	6	3	0	2	7	1	3540	-675	25	82322	9	5	68	0	0	0	0	0	0	0	0	0	0	0	0	0	0	
1373.086083	8	6	3	0	2	7	1	3536	-674	25	82381	9	5	69	0	0	0	0	0	0	0	0	0	0	0	0	0	0	
1374.092633	8	6	3	0	2	7	1	3533	-674	25	82441	9	5	69	0	0	0	0	0	0	0	0	0	0	0	0	0	0	
1375.097767	8	6	3	0	2	7	1	3530	-677	25	82502	9	5	70	0	0	0	0	0	0	0	0	0	0	0	0	0	0	
1376.084167	8	6	3	0	2	7	1	3527	-673	25	82561	9	5	71	0	0	0	0	0	0	0	0	0	0	0	0	0	0	
1377.089283	8	6	3	0	2	7	1	3523	-673	25	82621	9	5	72	0	0	0	0	0	0	0	0	0	0	0	0	0	0	
1378.097283	8	6	3	0	2	7	1	3520	-675	25	82682	9	5	73	0	0	0	0	0	0	0	0	0	0	0	0	0	0	
1379.102400	8	6	3	0	2	7	1	3517	-674	25	82742	9	5	74	0	0	0	0	0	0	0	0	0	0	0	0	0	0	
1380.088800	8	6	3	0	2	7	1	3507	-674	25	82801	9	5	74	0	0	0	0	0	0	0	0	0	0	0	0	0	0	
1381.093917	8	6	3	0	2	7	1	3504	-675	25	82861	9	5	75	0	0	0	0	0	0	0	0	0	0	0	0	0	0	
1382.099033	8	6	3	0	2	7	1	3502	-677	25	82922	9	5	76	0	0	0	0	0	0	0	0	0	0	0	0	0	0	
1383.085433	8	6	3	0	2	7	1	3499	-674	25	82981	9	5	77	0	0	0	0	0	0	0	0	0	0	0	0	0	0	
1384.090567	8	6	3	0	2	7	1	3496	-674	25	83041	9	5	78	0	0	0	0	0	0	0	0	0	0	0	0	0	0	
1385.097117	8	6	3	0	2	7	1	3488	-674	25	83101	9	5	78	0	0	0	0	0	0	0	0	0	0	0	0	0	0	
1386.100800	8	6	3	0	2	7	1	3488	-677	25	83162	9	5	79	0	0	0	0	0	0	0	0	0	0	0	0	0	0	
1387.088633	8	6	3	0	2	7	1	3485	-674	25	83221	9	5	80	0	0	0	0	0	0	0	0	0	0	0	0	0	0	
1388.093767	8	6	3	0	2	7	1	3482	-673	25	83281	9	5	81	0	0	0	0	0	0	0	0	0	0	0	0	0	0	
1389.098883	8	6	3	0	2	7	1	3478	-675	25	83342	9	5	82	0	0	0	0	0	0	0	0	0	0	0	0	0	0	
1390.085283	8	6	3	0	2	7	1	3475	-675	25	83401	9	5	83	0	0	0	0	0	0	0	0	0	0	0	0	0	0	
1391.091833	8	6	3	0	2	7	1	3471	-675	25	83461	9	5	83	0	0	0	0	0	0	0	0	0	0	0	0	0	0	
1392.095517	8	6	3	0	2	7	1	3466	-673	25	83521	9	5	84	0	0	0	0	0	0	0	0	0	0	0	0	0	0	
1393.102083	8	6	3	0	2	7	1	3460	-675	25	83582	9	5	85	0	0	0	0	0	0	0	0	0	0	0	0	0	0	
1394.088483	8	6	3	0	2	7	1	3454	-674	25	83641	9	5	86	0	0	0	0	0	0	0	0	0	0	0	0	0	0	
1395.093600	8	6	3	0	2	7	1	3447	-675	25	83701	9	5	87	0	0	0	0	0	0	0	0	0	0	0	0	0	0	
1396.098717	8	6	3	0	2	7	1	3438	-675	25	83762	9	5	88	0	0	0	0	0	0	0	0	0	0	0	0	0	0	
1397.085117	8	6	3	0	2	7	1	3428	-673	25	83821	9	5	88	0	0	0	0	0	0	0	0	0	0	0	0	0	0	
1398.090233	8	6	3	0	2	7	1	3415	-672	25	83881	9	5	89	0	0	0	0	0	0	0	0	0	0	0	0	0	0	
1399.096800	8	6	3	0	2	7	1	3399	-675	25	83941	9	5	90	0	0	0	0	0	0	0	0	0	0	0	0	0	0	
1400.100483	8	6	3	0	2	7	1	3381	-673	25	84002	9	5	91	0	0	0	0	0	0	0	0	0	0	0	0	0	0	
1401.088317	8	6	3	0	2	7	1	3358	-674	25	84061	9	5	92	0	0	0	0	0	0	0	0	0	0	0	0	0	0	
1402.093433	8	6	3	0	2	7	1	3334	-674	25	84121	9	5	92	0	0	0	0	0	0	0	0	0	0	0	0	0	0	
1403.098567	8	6	3	0	2	7	1	3302	-675	25	84182	9	5	93	0	0	0	0	0	0	0	0	0	0	0	0	0	0	
1404.103683	8	6	3	0	2	7	1	3254	-675	25	84242	9	5	94	0	0	0	0	0	0	0	0	0	0	0	0	0	0	
1405.091517	8	6	3	0	2	7	1	3194	-675	25	84301	9	5	95	0	0	0	0	0	0	0	0	0	0	0	0	0	0	
1406.095200	8	6	3	0	2	7	1	3101	-674	25	84361	9	5	96	0	0	0	0	0	0	0	0	0	0	0	0	0	0	
1407.101767	8	6	3	0	2	7	1	2910	-674	25	84422	9	5	97	0	0	0	0	0	0	0	0	0	0	0	0	0	0	
1407.558233	8	15	3	0	1	31	2	2744	19	25	84449	10	5	97	0	0	0	0	0	0	0	0	0	0	0	0	0	0	
1407.578400	8	4	3	0	1	3	2	2876	68	25	84450	10	5	97	0	0	0	0	0	0	0	0	0	0	0	0	0	0	
1407.938400	8	3	3	0	1	2	2	3206	675	25	84472	11	5	97	0	0	0	0	0	0	0	0	0	0	0	0	0	0	
1408.092483	8	3	3	0	1	2	2	3325	675	25	84481	11	5	97	0	0	0	0	0	0	0	0	0	0	0	0	0	0	
1409.097600	8	3	3	0	1	2	2	3560	675	25	84541	11	5	97	0	0	0	0	0	0	0	0	0	0	0	0	0	0	
1410.104167	8	3	3	0	1	2	2	3668	675	25	84602	11	5	97	0	0	0	0	0	0	0	0	0	0	0	0	0	0	
1411.089117	8	3	3	0	1	2	2	3735	675	25	84661	11	5	97	0	0	0	0	0	0	0	0	0	0	0	0	0	0	
1412.095683	8	3	3	0	1	2	2	3801	674	26	84721	11	5	97	0	0	0	0	0	0	0	0	0	0	0	0	0	0	
1413.100800	8	3	3	0	1	2	2	3839	675	26	84782	11	5	97	0	0	0	0	0	0	0	0	0	0	0	0	0	0	
1414.087200	8	3	3	0	1	2	2	3869	674	26	84841	11	5	97	0	0	0	0	0	0	0	0	0	0	0	0	0	0	
1415.093767	8	3	3	0	1	2	2	3882	675	26	84901	11	5	97	0	0	0	0	0	0	0	0	0	0	0	0	0	0	
1416.098883	8	3	3	0	1	2	2	3884	675	26	84961	11	5	97	0	0	0	0	0	0	0	0	0	0	0	0	0	0	
1417.102567	8	3	3	0	1	2	2	3889	675	26	85022	11	5	97	0	0	0	0	0	0	0	0	0	0	0	0	0	0	
1418.090400	8	3	3	0	1	2	2	3893	674	26	85081	11	5	97	0	0	0	0	0	0	0	0	0	0	0	0	0	0	
1419.094083	8	3	3	0	1	2	2	3900	676	26	85141	11	5	97	0	0	0	0	0	0	0	0	0	0	0	0	0	0	
1420.100633	8	3	3	0	1	2	2	3905	675	26	85202	11	5	97	0	0	0	0	0	0	0	0	0	0	0	0	0	0	
1421.088483	8	3	3	0	1	2	2	3910	674	26	85261	11	5	97	0	0	0	0	0	0	0	0	0	0	0	0	0	0	
1422.092167	8	3	3	0	1	2	2	3916	674	26	85321	11	5	97	0	0	0	0	0	0	0	0	0	0	0	0	0	0	
1423.098717	8	3	3	0	1	2	2	3921	674	26	85381	11	5	97	0	0	0	0	0	0	0	0	0	0	0	0	0	0	
1424.103833	8	3	3	0	1	2	2	3927	676	25	85442	11	5	97	0	0	0	0	0	0	0	0	0	0	0	0	0	0	
1425.090233	8	3	3	0	1	2	2	3934	675	26	85501	11	5	97	0	0	0	0	0	0	0	0	0	0	0	0	0	0	
1426.095367	8	3	3	0	1	2	2	3940	675	26	85561	11	5	97	0	0	0	0	0	0	0	0	0	0	0	0	0	0	
1427.101917	8	3	3	0	1	2	2	3946	676	26	85622	11	5	97	0	0	0	0	0	0	0	0	0	0	0	0	0	0	
1428.105600	8	3	3	0	1	2	2	3954	674	25	85682	11	5	97	0	0	0	0	0	0	0	0	0	0	0	0	0	0	
1429.093433	8	3	3	0	1	2	2	3958	674	26	85741	11	5	97	0	0	0	0	0	0	0	0	0	0	0	0	0	0	
1430.097117	8	3	3	0	1	2	2	3964	675	26	85801	11	5	97	0	0	0	0	0	0	0	0	0	0	0	0	0	0	
1431.103683	8	3	3	0	1	2	2	3967	673	26	85862	11	5	97	0	0	0	0	0	0	0	0	0	0	0	0	0	0	
1432.088633	8	3	3	0	1	2	2	3974	675	26	85921	11	5	97	0	0	0	0	0	0	0	0	0	0	0	0	0	0	
1433.095200	8	3	3	0	1	2	2	3984	675	26	85981	11	5	97	0	0	0	0	0	0	0	0	0	0	0	0	0	0	
1434.100317	8	3	3	0	1	2	2	3986	675	26	86041	11	5	97	0	0	0	0	0	0	0	0	0	0	0	0	0	0	
1435.106883	8	3	3	0	1	2	2	3988	675	25	86102	11	5	97	0	0	0	0	0	0	0	0	0	0	0	0	0	0	
1436.091833	8	3	3	0	1	2	2	3991	675	26	86161	11	5	97	0	0	0	0	0	0	0	0	0	0	0	0	0	0	
1437.098400	8	3	3	0	1	2	2	3993	675	25	86221	11	5	97	0	0	0	0	0	0	0	0	0	0	0	0	0	0	
1438.102083	8	3	3	0	1	2	2	3995	674	25	86282	11	5	97	0	0	0	0	0	0	0	0	0	0	0	0	0	0	
1439.089917	8	3	3	0	1	2	2	4000	675	26	86341	11	5	97	0	0	0	0	0	0	0	0	0	0	0	0	0	0	
1440.093600	8	3	3	0	1	2	2	4002	675	25	86401	11	5	97	0	0	0	0	0	0	0	0	0	0	0	0	0	0	
1441.100167	8	3	3	0	1	2	2	4003	675	25	86461	11	5	97	0	0	0	0	0	0	0	0	0	0	0	0	0	0	
1442.105283	8	3	3	0	1	2	2	4004	673	25	86522	11	5	97	0	0	0	0	0	0	0	0	0	0	0	0	0	0	
1443.091683	8	3	3	0	1	2	2	4008	674	25	86581	11	5	97	0	0	0	0	0	0	0	0	0	0	0	0	0	0	
1444.096800	8	3	3	0	1	2	2	4010	674	25	86641	11	5	97	0	0	0	0	0	0	0	0	0	0	0	0	0	0	
1445.103367	8	3	3	0	1	2	2	4012	675	25	86702	11	5	97	0	0	0	0	0	0	0	0	0	0	0	0	0	0	
1446.088317	8	3	3	0	1	2	2	4013	674	25	86761	11	5	97	0	0	0	0	0	0	0	0	0	0	0	0	0	0	
1447.094883	8	3	3	0	1	2	2	4015	675	25	86821	11	5	97	0	0	0	0	0	0	0	0	0	0	0	0	0	0	
1448.100000	8	3	3	0	1	2	2	4018	675	25	86881	11	5	97	0	0	0	0	0	0	0	0	0	0	0	0	0	0	
1449.105117	8	3	3	0	1	2	2	4019	675	25	86942	11	5	97	0	0	0	0	0	0	0	0	0	0	0	0	0	0	
1450.091517	8	3	3	0	1	2	2	4020	675	25	87001	11	5	97	0	0	0	0	0	0	0	0	0	0	0	0	0	0	
1451.096633	8	3	3	0	1	2	2	4025	675	25	87061	11	5	97	0	0	0	0	0	0	0	0	0	0	0	0	0	0	
1452.101767	8	3	3	0	1	2	2	4033	674	25	87121	11	5	97	0	0	0	0	0	0	0	0	0	0	0	0	0	0	
1453.108317	8	3	3	0	1	2	2	4034	675	25	87182	11	5	97	0	0	0	0	0	0	0	0	0	0	0	0	0	0	
1454.093283	8	3	3	0	1	2	2	4034	675	25	87241	11	5	97	0	0	0	0	0	0	0	0	0	0	0	0	0	0	
1455.099833	8	3	3	0	1	2	2	4036	674	25	87301	11	5	97	0	0	0	0	0	0	0	0	0	0	0	0	0	0	
1456.104967	8	3	3	0	1	2	2	4039	674	25	87362	11	5	97	0	0	0	0	0	0	0	0	0	0	0	0	0	0	
1457.091367	8	3	3	0	1	2	2	4041	675	25	87421	11	5	97	0	0	0	0	0	0	0	0	0	0	0	0	0	0	
1458.096483	8	3	3	0	1	2	2	4044	674	25	87481	11	5	97	0	0	0	0	0	0	0	0	0	0	0	0	0	0	
1459.103033	8	3	3	0	1	2	2	4049	673	25	87541	11	5	97	0	0	0	0	0	0	0	0	0	0	0	0	0	0	
1460.106717	8	3	3	0	1	2	2	4052	674	25	87602	11	5	97	0	0	0	0	0	0	0	0	0	0	0	0	0	0	
1461.094567	8	3	3	0	1	2	2	4055	674	25	87661	11	5	97	0	0	0	0	0	0	0	0	0	0	0	0	0	0	
1462.098233	8	3	3	0	1	2	2	4056	674	25	87721	11	5	97	0	0	0	0	0	0	0	0	0	0	0	0	0	0	
1463.104800	8	3	3	0	1	2	2	4058	674	25	87782	11	5	97	0	0	0	0	0	0	0	0	0	0	0	0	0	0	
1464.091200	8	3	3	0	1	2	2	4062	675	25	87841	11	5	97	0	0	0	0	0	0	0	0	0	0	0	0	0	0	
1465.096317	8	3	3	0	1	2	2	4066	674	25	87901	11	5	97	0	0	0	0	0	0	0	0	0	0	0	0	0	0	
1466.101433	8	3	3	0	1	2	2	4069	675	25	87961	11	5	97	0	0	0	0	0	0	0	0	0	0	0	0	0	0	
1467.108000	8	3	3	0	1	2	2	4073	674	25	88022	11	5	97	0	0	0	0	0	0	0	0	0	0	0	0	0	0	
1468.092967	8	3	3	0	1	2	2	4084	675	25	88081	11	5	97	0	0	0	0	0	0	0	0	0	0	0	0	0	0	
1469.099517	8	3	3	0	1	2	2	4086	675	25	88141	11	5	97	0	0	0	0	0	0	0	0	0	0	0	0	0	0	
1470.103200	8	3	3	0	1	2	2	4089	674	25	88202	11	5	97	0	0	0	0	0	0	0	0	0	0	0	0	0	0	
1471.091033	8	3	3	0	1	2	2	4092	675	25	88261	11	5	97	0	0	0	0	0	0	0	0	0	0	0	0	0	0	
1472.096167	8	3	3	0	1	2	2	4095	675	25	88321	11	5	97	0	0	0	0	0	0	0	0	0	0	0	0	0	0	
1473.101283	8	3	3	0	1	2	2	4099	675	25	88381	11	5	97	0	0	0	0	0	0	0	0	0	0	0	0	0	0	
1474.106400	8	3	3	0	1	2	2	4103	674	25	88442	11	5	97	0	0	0	0	0	0	0	0	0	0	0	0	0	0	
1475.092800	8	3	3	0	1	2	2	4106	675	25	88501	11	5	97	0	0	0	0	0	0	0	0	0	0	0	0	0	0	
1476.097917	8	3	3	0	1	2	2	4110	675	25	88561	11	5	97	0	0	0	0	0	0	0	0	0	0	0	0	0	0	
1477.104483	8	3	3	0	1	2	2	4114	675	25	88621	11	5	97	0	0	0	0	0	0	0	0	0	0	0	0	0	0	
1478.108167	8	3	3	0	1	2	2	4118	675	25	88682	11	5	97	0	0	0	0	0	0	0	0	0	0	0	0	0	0	
1479.096000	8	3	3	0	1	2	2	4122	669	25	88741	11	5	97	0	0	0	0	0	0	0	0	0	0	0	0	0	0	
1480.101117	8	3	3	0	1	2	2	4125	668	25	88801	11	5	97	0	0	0	0	0	0	0	0	0	0	0	0	0	0	
1481.106233	8	3	3	0	1	2	2	4130	667	25	88862	11	5	97	0	0	0	0	0	0	0	0	0	0	0	0	0	0	
1482.094083	8	3	3	0	1	2	2	4132	667	25	88921	11	5	97	0	0	0	0	0	0	0	0	0	0	0	0	0	0	
1483.097767	8	3	3	0	1	2	2	4139	666	25	88981	11	5	97	0	0	0	0	0	0	0	0	0	0	0	0	0	0	
1484.102883	8	3	3	0	1	2	2	4142	666	25	89041	11	5	97	0	0	0	0	0	0	0	0	0	0	0	0	0	0	
1485.109433	8	3	3	0	1	2	2	4146	666	25	89102	11	5	97	0	0	0	0	0	0	0	0	0	0	0	0	0	0	
1486.094400	8	3	3	0	1	2	2	4152	664	25	89161	11	5	97	0	0	0	0	0	0	0	0	0	0	0	0	0	0	
1487.100967	8	3	3	0	1	2	2	4157	663	25	89221	11	5	97	0	0	0	0	0	0	0	0	0	0	0	0	0	0	
1488.106083	8	3	3	0	1	2	2	4161	663	25	89282	11	5	97	0	0	0	0	0	0	0	0	0	0	0	0	0	0	
1489.098233	8	3	3	0	1	2	2	4166	664	25	89341	11	5	97	0	0	0	0	0	0	0	0	0	0	0	0	0	0	
1490.103367	8	3	3	0	1	2	2	4172	666	25	89401	11	5	97	0	0	0	0	0	0	0	0	0	0	0	0	0	0	
1491.109917	8	3	3	0	1	2	2	4176	667	25	89462	11	5	97	0	0	0	0	0	0	0	0	0	0	0	0	0	0	
1492.094883	8	3	3	0	1	2	2	4181	667	25	89521	11	5	97	0	0	0	0	0	0	0	0	0	0	0	0	0	0	
1493.100000	8	3	3	0	1	2	2	4186	667	25	89581	11	5	97	0	0	0	0	0	0	0	0	0	0	0	0	0	0	
1494.106567	8	3	3	0	1	2	2	4189	667	25	89642	11	5	97	0	0	0	0	0	0	0	0	0	0	0	0	0	0	
1495.092967	8	3	3	0	1	2	2	4194	666	25	89701	11	5	97	0	0	0	0	0	0	0	0	0	0	0	0	0	0	
1496.098083	8	3	3	0	1	2	2	4199	664	25	89761	11	5	97	0	0	0	0	0	0	0	0	0	0	0	0	0	0	
1497.104633	8	3	3	0	1	2	2	4200	654	25	89821	11	5	97	0	0	0	0	0	0	0	0	0	0	0	0	0	0	
1498.108317	8	3	3	0	1	2	2	4200	639	25	89882	11	5	97	0	0	0	0	0	0	0	0	0	0	0	0	0	0	
1499.096167	8	3	3	0	1	2	2	4200	560	25	89941	11	5	97	0	0	0	0	0	0	0	0	0	0	0	0	0	0	
1500.099833	8	3	3	0	1	2	2	4200	558	25	90001	11	5	97	0	0	0	0	0	0	0	0	0	0	0	0	0	0	
1501.106400	8	3	3	0	1	2	2	4200	552	25	90061	11	5	97	0	0	0	0	0	0	0	0	0	0	0	0	0	0	
1502.111517	8	3	3	0	1	2	2	4200	542	25	90122	11	5	97	0	0	0	0	0	0	0	0	0	0	0	0	0	0	
1503.097917	8	3	3	0	1	2	2	4200	533	25	90181	11	5	97	0	0	0	0	0	0	0	0	0	0	0	0	0	0	
1504.103033	8	3	3	0	1	2	2	4200	507	25	90241	11	5	97	0	0	0	0	0	0	0	0	0	0	0	0	0	0	
1505.109600	8	3	3	0	1	2	2	4200	480	25	90302	11	5	97	0	0	0	0	0	0	0	0	0	0	0	0	0	0	
1506.094567	8	3	3	0	1	2	2	4200	483	25	90361	11	5	97	0	0	0	0	0	0	0	0	0	0	0	0	0	0	
1507.101117	8	3	3	0	1	2	2	4200	467	25	90421	11	5	97	0	0	0	0	0	0	0	0	0	0	0	0	0	0	
1508.104800	8	3	3	0	1	2	2	4200	437	25	90481	11	5	97	0	0	0	0	0	0	0	0	0	0	0	0	0	0	
1509.111367	8	3	3	0	1	2	2	4200	429	25	90542	11	5	97	0	0	0	0	0	0	0	0	0	0	0	0	0	0	
1510.096317	8	3	3	0	1	2	2	4200	423	25	90601	11	5	97	0	0	0	0	0	0	0	0	0	0	0	0	0	0	
1511.102883	8	3	3	0	1	2	2	4200	416	25	90661	11	5	97	0	0	0	0	0	0	0	0	0	0	0	0	0	0	
1512.108000	8	3	3	0	1	2	2	4200	392	25	90722	11	5	97	0	0	0	0	0	0	0	0	0	0	0	0	0	0	
1513.094400	8	3	3	0	1	2	2	4200	383	25	90781	11	5	97	0	0	0	0	0	0	0	0	0	0	0	0	0	0	
1514.099517	8	3	3	0	1	2	2	4200	375	25	90841	11	5	97	0	0	0	0	0	0	0	0	0	0	0	0	0	0	
1515.106083	8	3	3	0	1	2	2	4200	364	25	90901	11	5	97	0	0	0	0	0	0	0	0	0	0	0	0	0	0	
1516.109767	8	3	3	0	1	2	2	4200	351	25	90962	11	5	97	0	0	0	0	0	0	0	0	0	0	0	0	0	0	
1517.097600	8	3	3	0	1	2	2	4200	343	25	91021	11	5	97	0	0	0	0	0	0	0	0	0	0	0	0	0	0	
1518.102717	8	3	3	0	1	2	2	4200	337	25	91081	11	5	97	0	0	0	0	0	0	0	0	0	0	0	0	0	0	
1519.107833	8	3	3	0	1	2	2	4200	329	25	91142	11	5	97	0	0	0	0	0	0	0	0	0	0	0	0	0	0	
1520.112967	8	3	3	0	1	2	2	4200	320	25	91202	11	5	97	0	0	0	0	0	0	0	0	0	0	0	0	0	0	
1521.099367	8	3	3	0	1	2	2	4200	313	25	91261	11	5	97	0	0	0	0	0	0	0	0	0	0	0	0	0	0	
1522.104483	8	3	3	0	1	2	2	4200	305	25	91321	11	5	97	0	0	0	0	0	0	0	0	0	0	0	0	0	0	
1523.111033	8	3	3	0	1	2	2	4200	295	25	91382	11	5	97	0	0	0	0	0	0	0	0	0	0	0	0	0	0	
1524.096000	8	3	3	0	1	2	2	4200	288	25	91441	11	5	97	0	0	0	0	0	0	0	0	0	0	0	0	0	0	
1525.102567	8	3	3	0	1	2	2	4200	266	25	91501	11	5	97	0	0	0	0	0	0	0	0	0	0	0	0	0	0	
1526.107683	8	3	3	0	1	2	2	4200	259	26	91561	11	5	97	0	0	0	0	0	0	0	0	0	0	0	0	0	0	
1527.112800	8	3	3	0	1	2	2	4200	254	26	91622	11	5	97	0	0	0	0	0	0	0	0	0	0	0	0	0	0	
1528.099200	8	3	3	0	1	2	2	4200	249	25	91681	11	5	97	0	0	0	0	0	0	0	0	0	0	0	0	0	0	
1529.104317	8	3	3	0	1	2	2	4200	250	26	91741	11	5	97	0	0	0	0	0	0	0	0	0	0	0	0	0	0	
1530.109433	8	3	3	0	1	2	2	4200	250	25	91802	11	5	97	0	0	0	0	0	0	0	0	0	0	0	0	0	0	
1531.097283	8	3	3	0	1	2	2	4200	245	25	91861	11	5	97	0	0	0	0	0	0	0	0	0	0	0	0	0	0	
1532.100967	8	3	3	0	1	2	2	4200	237	25	91921	11	5	97	0	0	0	0	0	0	0	0	0	0	0	0	0	0	
1533.107517	8	3	3	0	1	2	2	4200	229	25	91981	11	5	97	0	0	0	0	0	0	0	0	0	0	0	0	0	0	
1534.112633	8	3	3	0	1	2	2	4200	224	25	92042	11	5	97	0	0	0	0	0	0	0	0	0	0	0	0	0	0	
1535.099033	8	3	3	0	1	2	2	4200	218	25	92101	11	5	97	0	0	0	0	0	0	0	0	0	0	0	0	0	0	
1536.104167	8	3	3	0	1	2	2	4200	213	25	92161	11	5	97	0	0	0	0	0	0	0	0	0	0	0	0	0	0	
1537.109283	8	3	3	0	1	2	2	4200	208	25	92222	11	5	97	0	0	0	0	0	0	0	0	0	0	0	0	0	0	
1538.095683	8	3	3	0	1	2	2	4200	200	25	92281	11	5	97	0	0	0	0	0	0	0	0	0	0	0	0	0	0	
1539.102233	8	3	3	0	1	2	2	4200	195	25	92341	11	5	97	0	0	0	0	0	0	0	0	0	0	0	0	0	0	
1540.105917	8	3	3	0	1	2	2	4200	190	25	92401	11	5	97	0	0	0	0	0	0	0	0	0	0	0	0	0	0	
1541.112483	8	3	3	0	1	2	2	4200	185	25	92462	11	5	97	0	0	0	0	0	0	0	0	0	0	0	0	0	0	
1542.100317	8	3	3	0	1	2	2	4200	179	25	92521	11	5	97	0	0	0	0	0	0	0	0	0	0	0	0	0	0	
1543.104000	8	3	3	0	1	2	2	4200	175	25	92581	11	5	97	0	0	0	0	0	0	0	0	0	0	0	0	0	0	
1544.109117	8	3	3	0	1	2	2	4200	170	25	92642	11	5	97	0	0	0	0	0	0	0	0	0	0	0	0	0	0	
1545.115683	8	3	3	0	1	2	2	4200	167	25	92702	11	5	97	0	0	0	0	0	0	0	0	0	0	0	0	0	0	
1546.100633	8	3	3	0	1	2	2	4200	161	25	92761	11	5	97	0	0	0	0	0	0	0	0	0	0	0	0	0	0	
1547.107200	8	3	3	0	1	2	2	4200	156	25	92821	11	5	97	0	0	0	0	0	0	0	0	0	0	0	0	0	0	
1548.110883	8	3	3	0	1	2	2	4200	153	25	92882	11	5	97	0	0	0	0	0	0	0	0	0	0	0	0	0	0	
1549.098717	8	3	3	0	1	2	2	4200	149	25	92941	11	5	97	0	0	0	0	0	0	0	0	0	0	0	0	0	0	
1550.105283	8	3	3	0	1	2	2	4200	144	25	93001	11	5	97	0	0	0	0	0	0	0	0	0	0	0	0	0	0	
1551.108967	8	3	3	0	1	2	2	4200	140	25	93061	11	5	97	0	0	0	0	0	0	0	0	0	0	0	0	0	0	
1552.114083	8	3	3	0	1	2	2	4200	137	25	93122	11	5	97	0	0	0	0	0	0	0	0	0	0	0	0	0	0	
1553.100483	8	3	3	0	1	2	2	4200	134	25	93181	11	5	97	0	0	0	0	0	0	0	0	0	0	0	0	0	0	
1554.105600	8	3	3	0	1	2	2	4201	129	25	93241	11	5	97	0	0	0	0	0	0	0	0	0	0	0	0	0	0	
1555.112167	8	3	3	0	1	2	2	4200	127	25	93302	11	5	97	0	0	0	0	0	0	0	0	0	0	0	0	0	0	
1556.097117	8	3	3	0	1	2	2	4200	123	25	93361	11	5	97	0	0	0	0	0	0	0	0	0	0	0	0	0	0	
1557.103683	8	3	3	0	1	2	2	4200	119	25	93421	11	5	97	0	0	0	0	0	0	0	0	0	0	0	0	0	0	
1558.108800	8	3	3	0	1	2	2	4200	116	25	93481	11	5	97	0	0	0	0	0	0	0	0	0	0	0	0	0	0	
1559.113917	8	3	3	0	1	2	2	4200	113	25	93542	11	5	97	0	0	0	0	0	0	0	0	0	0	0	0	0	0	
1560.101767	8	3	3	0	1	2	2	4200	110	25	93601	11	5	97	0	0	0	0	0	0	0	0	0	0	0	0	0	0	
1561.106883	8	3	3	0	1	2	2	4200	107	25	93661	11	5	97	0	0	0	0	0	0	0	0	0	0	0	0	0	0	
1562.110567	8	3	3	0	1	2	2	4200	104	25	93722	11	5	97	0	0	0	0	0	0	0	0	0	0	0	0	0	0	
1563.098400	8	3	3	0	1	2	2	4200	101	25	93781	11	5	97	0	0	0	0	0	0	0	0	0	0	0	0	0	0	
1564.102083	8	3	3	0	1	2	2	4200	97	25	93841	11	5	97	0	0	0	0	0	0	0	0	0	0	0	0	0	0	
1565.108633	8	3	3	0	1	2	2	4200	95	25	93901	11	5	97	0	0	0	0	0	0	0	0	0	0	0	0	0	0	
1566.113767	8	3	3	0	1	2	2	4200	93	25	93962	11	5	97	0	0	0	0	0	0	0	0	0	0	0	0	0	0	
1567.100167	8	3	3	0	1	2	2	4200	90	25	94021	11	5	97	0	0	0	0	0	0	0	0	0	0	0	0	0	0	
1568.106717	8	3	3	0	1	2	2	4200	88	25	94081	11	5	97	0	0	0	0	0	0	0	0	0	0	0	0	0	0	
1569.111833	8	3	3	0	1	2	2	4200	85	25	94141	11	5	97	0	0	0	0	0	0	0	0	0	0	0	0	0	0	
1570.115517	8	3	3	0	1	2	2	4200	83	25	94202	11	5	97	0	0	0	0	0	0	0	0	0	0	0	0	0	0	
1571.103367	8	3	3	0	1	2	2	4200	79	25	94261	11	5	97	0	0	0	0	0	0	0	0	0	0	0	0	0	0	
1572.107033	8	3	3	0	1	2	2	4200	79	25	94321	11	5	97	0	0	0	0	0	0	0	0	0	0	0	0	0	0	
1573.113600	8	3	3	0	1	2	2	4200	76	25	94382	11	5	97	0	0	0	0	0	0	0	0	0	0	0	0	0	0	
1574.101433	8	3	3	0	1	2	2	4200	73	25	94441	11	5	97	0	0	0	0	0	0	0	0	0	0	0	0	0	0	
1575.105117	8	3	3	0	1	2	2	4200	72	25	94501	11	5	97	0	0	0	0	0	0	0	0	0	0	0	0	0	0	
1576.111683	8	3	3	0	1	2	2	4200	70	25	94561	11	5	97	0	0	0	0	0	0	0	0	0	0	0	0	0	0	
1577.116800	8	3	3	0	1	2	2	4200	67	25	94622	11	5	97	0	0	0	0	0	0	0	0	0	0	0	0	0	0	
1577.704317	8	6	3	0	2	7	1	4155	-121	25	94657	11	6	0	0	0	0	0	0	0	0	0	0	0	0	0	0	0	
1578.104633	8	6	3	0	2	7	1	3973	-675	25	94681	11	6	0	0	0	0	0	0	0	0	0	0	0	0	0	0	0	
1579.109767	8	6	3	0	2	7	1	3950	-674	25	94741	11	6	1	0	0	0	0	0	0	0	0	0	0	0	0	0	0	
1580.114883	8	6	3	0	2	7	1	3940	-676	25	94802	11	6	1	0	0	0	0	0	0	0	0	0	0	0	0	0	0	
1581.101283	8	6	3	0	2	7	1	3922	-675	25	94861	11	6	2	0	0	0	0	0	0	0	0	0	0	0	0	0	0	
1582.107833	8	6	3	0	2	7	1	3885	-676	25	94921	11	6	3	0	0	0	0	0	0	0	0	0	0	0	0	0	0	
1583.111517	8	6	3	0	2	7	1	3850	-674	25	94981	11	6	4	0	0	0	0	0	0	0	0	0	0	0	0	0	0	
1584.118083	8	6	3	0	2	7	1	3834	-674	25	95042	11	6	5	0	0	0	0	0	0	0	0	0	0	0	0	0	0	
1585.103033	8	6	3	0	2	7	1	3844	-674	25	95101	11	6	6	0	0	0	0	0	0	0	0	0	0	0	0	0	0	
1586.109600	8	6	3	0	2	7	1	3850	-674	25	95161	11	6	6	0	0	0	0	0	0	0	0	0	0	0	0	0	0	
1587.114717	8	6	3	0	2	7	1	3843	-674	25	95222	11	6	7	0	0	0	0	0	0	0	0	0	0	0	0	0	0	
1588.101117	8	6	3	0	2	7	1	3833	-675	25	95281	11	6	8	0	0	0	0	0	0	0	0	0	0	0	0	0	0	
1589.106233	8	6	3	0	2	7	1	3826	-675	25	95341	11	6	9	0	0	0	0	0	0	0	0	0	0	0	0	0	0	
1590.112800	8	6	3	0	2	7	1	3818	-675	25	95401	11	6	10	0	0	0	0	0	0	0	0	0	0	0	0	0	0	
1591.116483	8	6	3	0	2	7	1	3810	-675	25	95462	11	6	10	0	0	0	0	0	0	0	0	0	0	0	0	0	0	
1592.104317	8	6	3	0	2	7	1	3803	-675	25	95521	11	6	11	0	0	0	0	0	0	0	0	0	0	0	0	0	0	
1593.109433	8	6	3	0	2	7	1	3795	-675	25	95581	11	6	12	0	0	0	0	0	0	0	0	0	0	0	0	0	0	
1594.114567	8	6	3	0	2	7	1	3787	-675	25	95642	11	6	13	0	0	0	0	0	0	0	0	0	0	0	0	0	0	
1595.102400	8	6	3	0	2	7	1	3780	-676	25	95701	11	6	14	0	0	0	0	0	0	0	0	0	0	0	0	0	0	
1596.106083	8	6	3	0	2	7	1	3772	-674	25	95761	11	6	15	0	0	0	0	0	0	0	0	0	0	0	0	0	0	
1597.111200	8	6	3	0	2	7	1	3764	-676	25	95821	11	6	15	0	0	0	0	0	0	0	0	0	0	0	0	0	0	
1598.117767	8	6	3	0	2	7	1	3757	-675	25	95882	11	6	16	0	0	0	0	0	0	0	0	0	0	0	0	0	0	
1599.102717	8	6	3	0	2	7	1	3750	-676	25	95941	11	6	17	0	0	0	0	0	0	0	0	0	0	0	0	0	0	
1600.109283	8	6	3	0	2	7	1	3742	-673	25	96001	11	6	18	0	0	0	0	0	0	0	0	0	0	0	0	0	0	
1601.114400	8	6	3	0	2	7	1	3736	-673	25	96062	11	6	19	0	0	0	0	0	0	0	0	0	0	0	0	0	0	
1602.119517	8	6	3	0	2	7	1	3729	-674	25	96122	11	6	20	0	0	0	0	0	0	0	0	0	0	0	0	0	0	
1603.107367	8	6	3	0	2	7	1	3722	-674	25	96181	11	6	20	0	0	0	0	0	0	0	0	0	0	0	0	0	0	
1604.111033	8	6	3	0	2	7	1	3716	-674	25	96241	11	6	21	0	0	0	0	0	0	0	0	0	0	0	0	0	0	
1605.116167	8	6	3	0	2	7	1	3709	-672	25	96302	11	6	22	0	0	0	0	0	0	0	0	0	0	0	0	0	0	
1606.102567	8	6	3	0	2	7	1	3702	-674	25	96361	11	6	23	0	0	0	0	0	0	0	0	0	0	0	0	0	0	
1607.107683	8	6	3	0	2	7	1	3695	-674	25	96421	11	6	24	0	0	0	0	0	0	0	0	0	0	0	0	0	0	
1608.114233	8	6	3	0	2	7	1	3689	-673	25	96481	11	6	24	0	0	0	0	0	0	0	0	0	0	0	0	0	0	
1609.119367	8	6	3	0	2	7	1	3682	-674	25	96542	11	6	25	0	0	0	0	0	0	0	0	0	0	0	0	0	0	
1610.105767	8	6	3	0	2	7	1	3676	-675	25	96601	11	6	26	0	0	0	0	0	0	0	0	0	0	0	0	0	0	
1611.110883	8	6	3	0	2	7	1	3667	-675	25	96661	11	6	27	0	0	0	0	0	0	0	0	0	0	0	0	0	0	
1612.116000	8	6	3	0	2	7	1	3661	-674	25	96722	11	6	28	0	0	0	0	0	0	0	0	0	0	0	0	0	0	
1613.103833	8	6	3	0	2	7	1	3652	-674	25	96781	11	6	29	0	0	0	0	0	0	0	0	0	0	0	0	0	0	
1614.108967	8	6	3	0	2	7	1	3647	-675	25	96841	11	6	29	0	0	0	0	0	0	0	0	0	0	0	0	0	0	
1615.112633	8	6	3	0	2	7	1	3639	-673	25	96901	11	6	30	0	0	0	0	0	0	0	0	0	0	0	0	0	0	
1616.119200	8	6	3	0	2	7	1	3625	-675	25	96962	11	6	31	0	0	0	0	0	0	0	0	0	0	0	0	0	0	
1617.104167	8	6	3	0	2	7	1	3635	-674	25	97021	11	6	32	0	0	0	0	0	0	0	0	0	0	0	0	0	0	
1618.110717	8	6	3	0	2	7	1	3629	-674	25	97081	11	6	33	0	0	0	0	0	0	0	0	0	0	0	0	0	0	
1619.115833	8	6	3	0	2	7	1	3624	-674	25	97142	11	6	33	0	0	0	0	0	0	0	0	0	0	0	0	0	0	
1620.102233	8	6	3	0	2	7	1	3618	-675	25	97201	11	6	34	0	0	0	0	0	0	0	0	0	0	0	0	0	0	
1621.108800	8	6	3	0	2	7	1	3611	-674	25	97261	11	6	35	0	0	0	0	0	0	0	0	0	0	0	0	0	0	
1622.113917	8	6	3	0	2	7	1	3605	-675	25	97321	11	6	36	0	0	0	0	0	0	0	0	0	0	0	0	0	0	
1623.117600	8	6	3	0	2	7	1	3599	-674	25	97382	11	6	37	0	0	0	0	0	0	0	0	0	0	0	0	0	0	
1624.105433	8	6	3	0	2	7	1	3593	-675	25	97441	11	6	38	0	0	0	0	0	0	0	0	0	0	0	0	0	0	
1625.112000	8	6	3	0	2	7	1	3588	-674	25	97501	11	6	38	0	0	0	0	0	0	0	0	0	0	0	0	0	0	
1626.115683	8	6	3	0	2	7	1	3583	-674	25	97562	11	6	39	0	0	0	0	0	0	0	0	0	0	0	0	0	0	
1627.103517	8	6	3	0	2	7	1	3577	-674	25	97621	11	6	40	0	0	0	0	0	0	0	0	0	0	0	0	0	0	
1628.107200	8	6	3	0	2	7	1	3567	-675	25	97681	11	6	41	0	0	0	0	0	0	0	0	0	0	0	0	0	0	
1629.113767	8	6	3	0	2	7	1	3560	-673	25	97741	11	6	42	0	0	0	0	0	0	0	0	0	0	0	0	0	0	
1630.120317	8	6	3	0	2	7	1	3556	-675	25	97802	11	6	43	0	0	0	0	0	0	0	0	0	0	0	0	0	0	
1631.106717	8	6	3	0	2	7	1	3553	-674	25	97861	11	6	43	0	0	0	0	0	0	0	0	0	0	0	0	0	0	
1632.111833	8	6	3	0	2	7	1	3543	-674	25	97921	11	6	44	0	0	0	0	0	0	0	0	0	0	0	0	0	0	
1633.118400	8	6	3	0	2	7	1	3535	-672	25	97982	11	6	45	0	0	0	0	0	0	0	0	0	0	0	0	0	0	
1634.103367	8	6	3	0	2	7	1	3549	-675	25	98041	11	6	46	0	0	0	0	0	0	0	0	0	0	0	0	0	0	
1635.109917	8	6	3	0	2	7	1	3546	-673	25	98101	11	6	47	0	0	0	0	0	0	0	0	0	0	0	0	0	0	
1636.115033	8	6	3	0	2	7	1	3542	-675	25	98161	11	6	48	0	0	0	0	0	0	0	0	0	0	0	0	0	0	
1637.120167	8	6	3	0	2	7	1	3536	-675	25	98222	11	6	48	0	0	0	0	0	0	0	0	0	0	0	0	0	0	
1638.106567	8	6	3	0	2	7	1	3518	-677	25	98281	11	6	49	0	0	0	0	0	0	0	0	0	0	0	0	0	0	
1639.111683	8	6	3	0	2	7	1	3505	-675	25	98341	11	6	50	0	0	0	0	0	0	0	0	0	0	0	0	0	0	
1640.116800	8	6	3	0	2	7	1	3258	-676	25	98402	11	6	51	0	0	0	0	0	0	0	0	0	0	0	0	0	0	
1641.104633	8	6	3	0	2	7	1	3362	-674	25	98461	11	6	52	0	0	0	0	0	0	0	0	0	0	0	0	0	0	
1642.108317	8	6	3	0	2	7	1	3374	-676	25	98521	11	6	52	0	0	0	0	0	0	0	0	0	0	0	0	0	0	
1643.114883	8	6	3	0	2	7	1	3385	-676	25	98581	11	6	53	0	0	0	0	0	0	0	0	0	0	0	0	0	0	
1644.120000	8	6	3	0	2	7	1	3377	-675	25	98642	11	6	54	0	0	0	0	0	0	0	0	0	0	0	0	0	0	
1645.106400	8	6	3	0	2	7	1	3407	-674	25	98701	11	6	55	0	0	0	0	0	0	0	0	0	0	0	0	0	0	
1646.111517	8	6	3	0	2	7	1	3366	-673	25	98761	11	6	56	0	0	0	0	0	0	0	0	0	0	0	0	0	0	
1647.118083	8	6	3	0	2	7	1	3343	-675	25	98821	11	6	57	0	0	0	0	0	0	0	0	0	0	0	0	0	0	
1648.121767	8	6	3	0	2	7	1	3340	-675	25	98882	11	6	57	0	0	0	0	0	0	0	0	0	0	0	0	0	0	
1649.109600	8	6	3	0	2	7	1	3325	-675	25	98941	11	6	58	0	0	0	0	0	0	0	0	0	0	0	0	0	0	
1650.113283	8	6	3	0	2	7	1	3296	-674	25	99001	11	6	59	0	0	0	0	0	0	0	0	0	0	0	0	0	0	
1651.119833	8	6	3	0	2	7	1	3392	-674	25	99062	11	6	60	0	0	0	0	0	0	0	0	0	0	0	0	0	0	
1652.104800	8	6	3	0	2	7	1	3306	-675	25	99121	11	6	61	0	0	0	0	0	0	0	0	0	0	0	0	0	0	
1653.111367	8	6	3	0	2	7	1	3259	-674	25	99181	11	6	62	0	0	0	0	0	0	0	0	0	0	0	0	0	0	
1654.116483	8	6	3	0	2	7	1	3293	-674	25	99241	11	6	62	0	0	0	0	0	0	0	0	0	0	0	0	0	0	
1655.121600	8	6	3	0	2	7	1	3268	-675	25	99302	11	6	63	0	0	0	0	0	0	0	0	0	0	0	0	0	0	
1656.109433	8	6	3	0	2	7	1	3314	-675	25	99361	11	6	64	0	0	0	0	0	0	0	0	0	0	0	0	0	0	
1657.114567	8	6	3	0	2	7	1	3253	-674	25	99421	11	6	65	0	0	0	0	0	0	0	0	0	0	0	0	0	0	
1658.118233	8	6	3	0	2	7	1	3192	-674	25	99482	11	6	66	0	0	0	0	0	0	0	0	0	0	0	0	0	0	
1659.106083	8	6	3	0	2	7	1	3503	-676	25	99541	11	6	66	0	0	0	0	0	0	0	0	0	0	0	0	0	0	
1660.112633	8	6	3	0	2	7	1	3476	-675	25	99601	11	6	67	0	0	0	0	0	0	0	0	0	0	0	0	0	0	
1661.117767	8	6	3	0	2	7	1	3420	-672	25	99661	11	6	68	0	0	0	0	0	0	0	0	0	0	0	0	0	0	
1662.124317	8	6	3	0	2	7	1	3277	-674	25	99722	11	6	69	0	0	0	0	0	0	0	0	0	0	0	0	0	0	
1663.109283	8	6	3	0	2	7	1	3224	-673	25	99781	11	6	70	0	0	0	0	0	0	0	0	0	0	0	0	0	0	
1664.117283	8	6	3	0	2	7	1	3184	-675	25	99841	11	6	71	0	0	0	0	0	0	0	0	0	0	0	0	0	0	
1665.113767	8	6	3	0	2	7	1	3484	-675	25	99901	11	6	71	0	0	0	0	0	0	0	0	0	0	0	0	0	0	
1666.120317	8	6	3	0	2	7	1	3450	-674	25	99962	11	6	72	0	0	0	0	0	0	0	0	0	0	0	0	0	0	
1667.116800	8	6	3	0	2	7	1	3452	-676	25	100021	11	6	73	0	0	0	0	0	0	0	0	0	0	0	0	0	0	
1668.111833	8	6	3	0	2	7	1	3444	-675	25	100081	11	6	74	0	0	0	0	0	0	0	0	0	0	0	0	0	0	
1669.108317	8	6	3	0	2	7	1	3436	-674	25	100141	11	6	75	0	0	0	0	0	0	0	0	0	0	0	0	0	0	
1670.123517	8	6	3	0	2	7	1	3431	-675	25	100202	11	6	76	0	0	0	0	0	0	0	0	0	0	0	0	0	0	
1671.120000	8	6	3	0	2	7	1	3422	-673	25	100261	11	6	76	0	0	0	0	0	0	0	0	0	0	0	0	0	0	
1672.115033	8	6	3	0	2	7	1	3412	-674	25	100321	11	6	77	0	0	0	0	0	0	0	0	0	0	0	0	0	0	
1673.111517	8	6	3	0	2	7	1	3408	-675	25	100381	11	6	78	0	0	0	0	0	0	0	0	0	0	0	0	0	0	
1674.125283	8	6	3	0	2	7	1	3406	-674	25	100442	11	6	79	0	0	0	0	0	0	0	0	0	0	0	0	0	0	
1675.120317	8	6	3	0	2	7	1	3400	-673	25	100502	11	6	80	0	0	0	0	0	0	0	0	0	0	0	0	0	0	
1676.116800	8	6	3	0	2	7	1	3403	-674	25	100561	11	6	80	0	0	0	0	0	0	0	0	0	0	0	0	0	0	
1677.113283	8	6	3	0	2	7	1	3403	-674	25	100621	11	6	81	0	0	0	0	0	0	0	0	0	0	0	0	0	0	
1678.118400	8	6	3	0	2	7	1	3411	-675	25	100681	11	6	82	0	0	0	0	0	0	0	0	0	0	0	0	0	0	
1679.122083	8	6	3	0	2	7	1	3400	-674	25	100742	11	6	83	0	0	0	0	0	0	0	0	0	0	0	0	0	0	
1680.109917	8	6	3	0	2	7	1	3384	-676	25	100801	11	6	84	0	0	0	0	0	0	0	0	0	0	0	0	0	0	
1681.115033	8	6	3	0	2	7	1	3379	-674	25	100861	11	6	85	0	0	0	0	0	0	0	0	0	0	0	0	0	0	
1682.120167	8	6	3	0	2	7	1	3375	-675	25	100922	11	6	85	0	0	0	0	0	0	0	0	0	0	0	0	0	0	
1683.126717	8	6	3	0	2	7	1	3366	-675	25	100982	11	6	86	0	0	0	0	0	0	0	0	0	0	0	0	0	0	
1684.111683	8	6	3	0	2	7	1	3362	-674	25	101041	11	6	87	0	0	0	0	0	0	0	0	0	0	0	0	0	0	
1685.118233	8	6	3	0	2	7	1	3351	-675	25	101101	11	6	88	0	0	0	0	0	0	0	0	0	0	0	0	0	0	
1686.123367	8	6	3	0	2	7	1	3340	-675	25	101162	11	6	89	0	0	0	0	0	0	0	0	0	0	0	0	0	0	
1687.109767	8	6	3	0	2	7	1	3326	-675	25	101221	11	6	90	0	0	0	0	0	0	0	0	0	0	0	0	0	0	
1688.114883	8	6	3	0	2	7	1	3313	-675	25	101281	11	6	90	0	0	0	0	0	0	0	0	0	0	0	0	0	0	
1689.120000	8	6	3	0	2	7	1	3313	-674	25	101341	11	6	91	0	0	0	0	0	0	0	0	0	0	0	0	0	0	
1690.125117	8	6	3	0	2	7	1	3292	-674	25	101402	11	6	92	0	0	0	0	0	0	0	0	0	0	0	0	0	0	
1691.111517	8	6	3	0	2	7	1	3262	-674	25	101461	11	6	93	0	0	0	0	0	0	0	0	0	0	0	0	0	0	
1692.116633	8	6	3	0	2	7	1	3229	-676	25	101521	11	6	94	0	0	0	0	0	0	0	0	0	0	0	0	0	0	
1693.123200	8	6	3	0	2	7	1	3182	-675	25	101582	11	6	94	0	0	0	0	0	0	0	0	0	0	0	0	0	0	
1694.108167	8	6	3	0	2	7	1	3119	-675	25	101641	11	6	95	0	0	0	0	0	0	0	0	0	0	0	0	0	0	
1695.114717	8	6	3	0	2	7	1	3012	-673	25	101701	11	6	96	0	0	0	0	0	0	0	0	0	0	0	0	0	0	
1696.119833	8	6	3	0	2	7	1	2811	-675	25	101761	11	6	97	0	0	0	0	0	0	0	0	0	0	0	0	0	0	
1696.425117	8	15	3	0	1	31	2	2985	65	25	101780	12	6	97	0	0	0	0	0	0	0	0	0	0	0	0	0	0	
1696.445283	8	3	3	0	1	2	2	3061	141	25	101781	13	6	97	0	0	0	0	0	0	0	0	0	0	0	0	0	0	
1697.109117	8	3	3	0	1	2	2	3525	676	25	101821	13	6	97	0	0	0	0	0	0	0	0	0	0	0	0	0	0	
1698.115683	8	3	3	0	1	2	2	3671	674	25	101881	13	6	97	0	0	0	0	0	0	0	0	0	0	0	0	0	0	
1699.120800	8	3	3	0	1	2	2	3759	675	25	101941	13	6	97	0	0	0	0	0	0	0	0	0	0	0	0	0	0	
1700.124483	8	3	3	0	1	2	2	3821	675	25	102002	13	6	97	0	0	0	0	0	0	0	0	0	0	0	0	0	0	
1701.112317	8	3	3	0	1	2	2	3869	674	25	102061	13	6	97	0	0	0	0	0	0	0	0	0	0	0	0	0	0	
1702.118883	8	3	3	0	1	2	2	3903	674	25	102121	13	6	97	0	0	0	0	0	0	0	0	0	0	0	0	0	0	
1703.122567	8	3	3	0	1	2	2	3923	673	25	102182	13	6	97	0	0	0	0	0	0	0	0	0	0	0	0	0	0	
1704.110400	8	3	3	0	1	2	2	3931	674	25	102241	13	6	97	0	0	0	0	0	0	0	0	0	0	0	0	0	0	
1705.114083	8	3	3	0	1	2	2	3934	674	25	102301	13	6	97	0	0	0	0	0	0	0	0	0	0	0	0	0	0	
1706.120633	8	3	3	0	1	2	2	3942	673	25	102361	13	6	97	0	0	0	0	0	0	0	0	0	0	0	0	0	0	
1707.125767	8	3	3	0	1	2	2	3943	674	25	102422	13	6	97	0	0	0	0	0	0	0	0	0	0	0	0	0	0	
1708.112167	8	3	3	0	1	2	2	3946	674	25	102481	13	6	97	0	0	0	0	0	0	0	0	0	0	0	0	0	0	
1709.117283	8	3	3	0	1	2	2	3943	674	25	102541	13	6	97	0	0	0	0	0	0	0	0	0	0	0	0	0	0	
1710.123833	8	3	3	0	1	2	2	3943	675	25	102602	13	6	97	0	0	0	0	0	0	0	0	0	0	0	0	0	0	
1711.108800	8	3	3	0	1	2	2	3952	675	25	102661	13	6	97	0	0	0	0	0	0	0	0	0	0	0	0	0	0	
1712.115367	8	3	3	0	1	2	2	3982	675	25	102721	13	6	97	0	0	0	0	0	0	0	0	0	0	0	0	0	0	
1713.120483	8	3	3	0	1	2	2	3977	675	25	102781	13	6	97	0	0	0	0	0	0	0	0	0	0	0	0	0	0	
1714.125600	8	3	3	0	1	2	2	3983	675	25	102842	13	6	97	0	0	0	0	0	0	0	0	0	0	0	0	0	0	
1715.112000	8	3	3	0	1	2	2	3986	674	25	102901	13	6	97	0	0	0	0	0	0	0	0	0	0	0	0	0	0	
1716.118567	8	3	3	0	1	2	2	3994	675	25	102961	13	6	97	0	0	0	0	0	0	0	0	0	0	0	0	0	0	
1717.122233	8	3	3	0	1	2	2	4004	674	25	103022	13	6	97	0	0	0	0	0	0	0	0	0	0	0	0	0	0	
1718.128800	8	3	3	0	1	2	2	4007	674	25	103082	13	6	97	0	0	0	0	0	0	0	0	0	0	0	0	0	0	
1719.113767	8	3	3	0	1	2	2	4011	675	25	103141	13	6	97	0	0	0	0	0	0	0	0	0	0	0	0	0	0	
1720.120317	8	3	3	0	1	2	2	4019	675	25	103201	13	6	97	0	0	0	0	0	0	0	0	0	0	0	0	0	0	
1721.125433	8	3	3	0	1	2	2	4024	673	25	103262	13	6	97	0	0	0	0	0	0	0	0	0	0	0	0	0	0	
1722.111833	8	3	3	0	1	2	2	4020	674	25	103321	13	6	97	0	0	0	0	0	0	0	0	0	0	0	0	0	0	
1723.116967	8	3	3	0	1	2	2	4025	675	25	103381	13	6	97	0	0	0	0	0	0	0	0	0	0	0	0	0	0	
1724.123517	8	3	3	0	1	2	2	4030	674	25	103441	13	6	97	0	0	0	0	0	0	0	0	0	0	0	0	0	0	
1725.127200	8	3	3	0	1	2	2	4031	676	25	103502	13	6	97	0	0	0	0	0	0	0	0	0	0	0	0	0	0	
1726.115033	8	3	3	0	1	2	2	4033	674	25	103561	13	6	97	0	0	0	0	0	0	0	0	0	0	0	0	0	0	
1727.120167	8	3	3	0	1	2	2	4034	675	25	103621	13	6	97	0	0	0	0	0	0	0	0	0	0	0	0	0	0	
1728.125283	8	3	3	0	1	2	2	4035	675	25	103682	13	6	97	0	0	0	0	0	0	0	0	0	0	0	0	0	0	
1729.111683	8	3	3	0	1	2	2	4041	675	25	103741	13	6	97	0	0	0	0	0	0	0	0	0	0	0	0	0	0	
1730.118233	8	3	3	0	1	2	2	4042	676	25	103801	13	6	97	0	0	0	0	0	0	0	0	0	0	0	0	0	0	
1731.121917	8	3	3	0	1	2	2	4045	675	25	103861	13	6	97	0	0	0	0	0	0	0	0	0	0	0	0	0	0	
1732.128483	8	3	3	0	1	2	2	4044	675	25	103922	13	6	97	0	0	0	0	0	0	0	0	0	0	0	0	0	0	
1733.113433	8	3	3	0	1	2	2	4043	675	25	103981	13	6	97	0	0	0	0	0	0	0	0	0	0	0	0	0	0	
1734.118567	8	3	3	0	1	2	2	4048	674	25	104041	13	6	97	0	0	0	0	0	0	0	0	0	0	0	0	0	0	
1735.123683	8	3	3	0	1	2	2	4048	675	25	104101	13	6	97	0	0	0	0	0	0	0	0	0	0	0	0	0	0	
1736.130233	8	3	3	0	1	2	2	4050	674	25	104162	13	6	97	0	0	0	0	0	0	0	0	0	0	0	0	0	0	
1737.115200	8	3	3	0	1	2	2	4051	674	25	104221	13	6	97	0	0	0	0	0	0	0	0	0	0	0	0	0	0	
1738.121767	8	3	3	0	1	2	2	4052	675	25	104281	13	6	97	0	0	0	0	0	0	0	0	0	0	0	0	0	0	
1739.126883	8	3	3	0	1	2	2	4055	675	25	104342	13	6	97	0	0	0	0	0	0	0	0	0	0	0	0	0	0	
1740.113283	8	3	3	0	1	2	2	4060	675	25	104401	13	6	97	0	0	0	0	0	0	0	0	0	0	0	0	0	0	
1741.124167	8	3	3	0	1	2	2	4062	675	25	104461	13	6	97	0	0	0	0	0	0	0	0	0	0	0	0	0	0	
1742.129283	8	3	3	0	1	2	2	4086	675	25	104522	13	6	97	0	0	0	0	0	0	0	0	0	0	0	0	0	0	
1743.115683	8	3	3	0	1	2	2	4077	674	25	104581	13	6	97	0	0	0	0	0	0	0	0	0	0	0	0	0	0	
1744.120800	8	3	3	0	1	2	2	4080	675	25	104641	13	6	97	0	0	0	0	0	0	0	0	0	0	0	0	0	0	
1745.125917	8	3	3	0	1	2	2	4075	675	25	104702	13	6	97	0	0	0	0	0	0	0	0	0	0	0	0	0	0	
1746.112317	8	3	3	0	1	2	2	4081	675	25	104761	13	6	97	0	0	0	0	0	0	0	0	0	0	0	0	0	0	
1747.118883	8	3	3	0	1	2	2	4082	674	25	104821	13	6	97	0	0	0	0	0	0	0	0	0	0	0	0	0	0	
1748.122567	8	3	3	0	1	2	2	4084	675	25	104881	13	6	97	0	0	0	0	0	0	0	0	0	0	0	0	0	0	
1749.129117	8	3	3	0	1	2	2	4087	674	25	104942	13	6	97	0	0	0	0	0	0	0	0	0	0	0	0	0	0	
1750.116967	8	3	3	0	1	2	2	4088	675	25	105001	13	6	97	0	0	0	0	0	0	0	0	0	0	0	0	0	0	
1751.120633	8	3	3	0	1	2	2	4088	674	25	105061	13	6	97	0	0	0	0	0	0	0	0	0	0	0	0	0	0	
1752.125767	8	3	3	0	1	2	2	4092	674	25	105122	13	6	97	0	0	0	0	0	0	0	0	0	0	0	0	0	0	
1753.113600	8	3	3	0	1	2	2	4096	674	25	105181	13	6	97	0	0	0	0	0	0	0	0	0	0	0	0	0	0	
1754.117283	8	3	3	0	1	2	2	4097	675	25	105241	13	6	97	0	0	0	0	0	0	0	0	0	0	0	0	0	0	
1755.123833	8	3	3	0	1	2	2	4102	675	25	105301	13	6	97	0	0	0	0	0	0	0	0	0	0	0	0	0	0	
1756.128967	8	3	3	0	1	2	2	4104	674	25	105362	13	6	97	0	0	0	0	0	0	0	0	0	0	0	0	0	0	
1757.115367	8	3	3	0	1	2	2	4110	675	25	105421	13	6	97	0	0	0	0	0	0	0	0	0	0	0	0	0	0	
1758.121917	8	3	3	0	1	2	2	4119	669	25	105481	13	6	97	0	0	0	0	0	0	0	0	0	0	0	0	0	0	
1759.127033	8	3	3	0	1	2	2	4120	667	25	105542	13	6	97	0	0	0	0	0	0	0	0	0	0	0	0	0	0	
1760.113433	8	3	3	0	1	2	2	4121	667	25	105601	13	6	97	0	0	0	0	0	0	0	0	0	0	0	0	0	0	
1761.118567	8	3	3	0	1	2	2	4118	675	25	105661	13	6	97	0	0	0	0	0	0	0	0	0	0	0	0	0	0	
1762.125117	8	3	3	0	1	2	2	4118	668	25	105721	13	6	97	0	0	0	0	0	0	0	0	0	0	0	0	0	0	
1763.128800	8	3	3	0	1	2	2	4125	668	25	105782	13	6	97	0	0	0	0	0	0	0	0	0	0	0	0	0	0	
1764.116633	8	3	3	0	1	2	2	4125	666	25	105841	13	6	97	0	0	0	0	0	0	0	0	0	0	0	0	0	0	
1765.121767	8	3	3	0	1	2	2	4129	665	25	105901	13	6	97	0	0	0	0	0	0	0	0	0	0	0	0	0	0	
1766.126883	8	3	3	0	1	2	2	4142	664	25	105962	13	6	97	0	0	0	0	0	0	0	0	0	0	0	0	0	0	
1767.113283	8	3	3	0	1	2	2	4134	664	25	106021	13	6	97	0	0	0	0	0	0	0	0	0	0	0	0	0	0	
1768.119833	8	3	3	0	1	2	2	4137	664	25	106081	13	6	97	0	0	0	0	0	0	0	0	0	0	0	0	0	0	
1769.123517	8	3	3	0	1	2	2	4157	662	25	106141	13	6	97	0	0	0	0	0	0	0	0	0	0	0	0	0	0	
1770.130083	8	3	3	0	1	2	2	4157	662	25	106202	13	6	97	0	0	0	0	0	0	0	0	0	0	0	0	0	0	
1771.116483	8	3	3	0	1	2	2	4161	661	25	106261	13	6	97	0	0	0	0	0	0	0	0	0	0	0	0	0	0	
1772.121600	8	3	3	0	1	2	2	4165	662	25	106321	13	6	97	0	0	0	0	0	0	0	0	0	0	0	0	0	0	
1773.126717	8	3	3	0	1	2	2	4173	659	25	106381	13	6	97	0	0	0	0	0	0	0	0	0	0	0	0	0	0	
1774.133283	8	3	3	0	1	2	2	4175	660	25	106442	13	6	97	0	0	0	0	0	0	0	0	0	0	0	0	0	0	
1775.118233	8	3	3	0	1	2	2	4179	659	25	106501	13	6	97	0	0	0	0	0	0	0	0	0	0	0	0	0	0	
1776.124800	8	3	3	0	1	2	2	4182	659	25	106561	13	6	97	0	0	0	0	0	0	0	0	0	0	0	0	0	0	
1777.129917	8	3	3	0	1	2	2	4186	658	25	106622	13	6	97	0	0	0	0	0	0	0	0	0	0	0	0	0	0	
1778.116317	8	3	3	0	1	2	2	4190	657	25	106681	13	6	97	0	0	0	0	0	0	0	0	0	0	0	0	0	0	
1779.121433	8	3	3	0	1	2	2	4194	658	25	106741	13	6	97	0	0	0	0	0	0	0	0	0	0	0	0	0	0	
1780.128000	8	3	3	0	1	2	2	4200	636	25	106801	13	6	97	0	0	0	0	0	0	0	0	0	0	0	0	0	0	
1781.131683	8	3	3	0	1	2	2	4200	533	25	106862	13	6	97	0	0	0	0	0	0	0	0	0	0	0	0	0	0	
1782.119517	8	3	3	0	1	2	2	4200	504	25	106921	13	6	97	0	0	0	0	0	0	0	0	0	0	0	0	0	0	
1783.124633	8	3	3	0	1	2	2	4200	504	25	106981	13	6	97	0	0	0	0	0	0	0	0	0	0	0	0	0	0	
1784.129767	8	3	3	0	1	2	2	4200	483	25	107042	13	6	97	0	0	0	0	0	0	0	0	0	0	0	0	0	0	
1785.116167	8	3	3	0	1	2	2	4200	425	25	107101	13	6	97	0	0	0	0	0	0	0	0	0	0	0	0	0	0	
1786.122717	8	3	3	0	1	2	2	4200	366	25	107161	13	6	97	0	0	0	0	0	0	0	0	0	0	0	0	0	0	
1787.126400	8	3	3	0	1	2	2	4200	398	25	107221	13	6	97	0	0	0	0	0	0	0	0	0	0	0	0	0	0	
1788.132967	8	3	3	0	1	2	2	4201	386	25	107282	13	6	97	0	0	0	0	0	0	0	0	0	0	0	0	0	0	
1789.120800	8	3	3	0	1	2	2	4200	382	25	107341	13	6	97	0	0	0	0	0	0	0	0	0	0	0	0	0	0	
1790.124483	8	3	3	0	1	2	2	4200	360	25	107401	13	6	97	0	0	0	0	0	0	0	0	0	0	0	0	0	0	
1791.129600	8	3	3	0	1	2	2	4201	321	25	107462	13	6	97	0	0	0	0	0	0	0	0	0	0	0	0	0	0	
1792.117433	8	3	3	0	1	2	2	4200	321	25	107521	13	6	97	0	0	0	0	0	0	0	0	0	0	0	0	0	0	
1793.121117	8	3	3	0	1	2	2	4200	298	25	107581	13	6	97	0	0	0	0	0	0	0	0	0	0	0	0	0	0	
1794.127683	8	3	3	0	1	2	2	4200	346	25	107641	13	6	97	0	0	0	0	0	0	0	0	0	0	0	0	0	0	
1795.132800	8	3	3	0	1	2	2	4200	325	25	107702	13	6	97	0	0	0	0	0	0	0	0	0	0	0	0	0	0	
1796.119200	8	3	3	0	1	2	2	4200	340	25	107761	13	6	97	0	0	0	0	0	0	0	0	0	0	0	0	0	0	
1797.125767	8	3	3	0	1	2	2	4200	326	25	107821	13	6	97	0	0	0	0	0	0	0	0	0	0	0	0	0	0	
1798.130883	8	3	3	0	1	2	2	4200	315	25	107882	13	6	97	0	0	0	0	0	0	0	0	0	0	0	0	0	0	
1799.117283	8	3	3	0	1	2	2	4200	330	25	107941	13	6	97	0	0	0	0	0	0	0	0	0	0	0	0	0	0	
1800.122400	8	3	3	0	1	2	2	4200	325	25	108001	13	6	97	0	0	0	0	0	0	0	0	0	0	0	0	0	0	
1801.128967	8	3	3	0	1	2	2	4200	320	25	108061	13	6	97	0	0	0	0	0	0	0	0	0	0	0	0	0	0	
1802.132633	8	3	3	0	1	2	2	4200	285	25	108122	13	6	97	0	0	0	0	0	0	0	0	0	0	0	0	0	0	
1803.120483	8	3	3	0	1	2	2	4200	289	25	108181	13	6	97	0	0	0	0	0	0	0	0	0	0	0	0	0	0	
1804.125600	8	3	3	0	1	2	2	4200	286	25	108241	13	6	97	0	0	0	0	0	0	0	0	0	0	0	0	0	0	
1805.130717	8	3	3	0	1	2	2	4200	285	25	108302	13	6	97	0	0	0	0	0	0	0	0	0	0	0	0	0	0	
1806.117117	8	3	3	0	1	2	2	4200	298	25	108361	13	6	97	0	0	0	0	0	0	0	0	0	0	0	0	0	0	
1807.123683	8	3	3	0	1	2	2	4200	293	25	108421	13	6	97	0	0	0	0	0	0	0	0	0	0	0	0	0	0	
1808.127367	8	3	3	0	1	2	2	4200	292	25	108481	13	6	97	0	0	0	0	0	0	0	0	0	0	0	0	0	0	
1809.133917	8	3	3	0	1	2	2	4200	287	25	108542	13	6	97	0	0	0	0	0	0	0	0	0	0	0	0	0	0	
1810.118883	8	3	3	0	1	2	2	4200	277	25	108601	13	6	97	0	0	0	0	0	0	0	0	0	0	0	0	0	0	
1811.125433	8	3	3	0	1	2	2	4200	267	25	108661	13	6	97	0	0	0	0	0	0	0	0	0	0	0	0	0	0	
1812.130567	8	3	3	0	1	2	2	4200	270	25	108722	13	6	97	0	0	0	0	0	0	0	0	0	0	0	0	0	0	
1813.116967	8	3	3	0	1	2	2	4200	277	25	108781	13	6	97	0	0	0	0	0	0	0	0	0	0	0	0	0	0	
1814.122083	8	3	3	0	1	2	2	4200	275	25	108841	13	6	97	0	0	0	0	0	0	0	0	0	0	0	0	0	0	
1815.128633	8	3	3	0	1	2	2	4200	254	25	108901	13	6	97	0	0	0	0	0	0	0	0	0	0	0	0	0	0	
1816.133767	8	3	3	0	1	2	2	4200	253	25	108962	13	6	97	0	0	0	0	0	0	0	0	0	0	0	0	0	0	
1817.120167	8	3	3	0	1	2	2	4200	252	25	109021	13	6	97	0	0	0	0	0	0	0	0	0	0	0	0	0	0	
1818.125283	8	3	3	0	1	2	2	4200	254	25	109081	13	6	97	0	0	0	0	0	0	0	0	0	0	0	0	0	0	
1819.130400	8	3	3	0	1	2	2	4200	249	25	109142	13	6	97	0	0	0	0	0	0	0	0	0	0	0	0	0	0	
1820.135517	8	3	3	0	1	2	2	4200	244	25	109202	13	6	97	0	0	0	0	0	0	0	0	0	0	0	0	0	0	
1821.123367	8	3	3	0	1	2	2	4200	187	25	109261	13	6	97	0	0	0	0	0	0	0	0	0	0	0	0	0	0	
1822.127033	8	3	3	0	1	2	2	4200	194	25	109321	13	6	97	0	0	0	0	0	0	0	0	0	0	0	0	0	0	
1823.133600	8	3	3	0	1	2	2	4200	197	25	109382	13	6	97	0	0	0	0	0	0	0	0	0	0	0	0	0	0	
1824.120000	8	3	3	0	1	2	2	4200	202	25	109441	13	6	97	0	0	0	0	0	0	0	0	0	0	0	0	0	0	
1825.125117	8	3	3	0	1	2	2	4200	198	25	109501	13	6	97	0	0	0	0	0	0	0	0	0	0	0	0	0	0	
1826.130233	8	3	3	0	1	2	2	4200	197	25	109561	13	6	97	0	0	0	0	0	0	0	0	0	0	0	0	0	0	
1827.136800	8	3	3	0	1	2	2	4200	194	25	109622	13	6	97	0	0	0	0	0	0	0	0	0	0	0	0	0	0	
1828.121767	8	3	3	0	1	2	2	4200	194	25	109681	13	6	97	0	0	0	0	0	0	0	0	0	0	0	0	0	0	
1829.128317	8	3	3	0	1	2	2	4200	193	25	109741	13	6	97	0	0	0	0	0	0	0	0	0	0	0	0	0	0	
1830.133433	8	3	3	0	1	2	2	4200	190	25	109802	13	6	97	0	0	0	0	0	0	0	0	0	0	0	0	0	0	
1831.119833	8	3	3	0	1	2	2	4200	188	25	109861	13	6	97	0	0	0	0	0	0	0	0	0	0	0	0	0	0	
1832.124967	8	3	3	0	1	2	2	4200	186	25	109921	13	6	97	0	0	0	0	0	0	0	0	0	0	0	0	0	0	
1833.131517	8	3	3	0	1	2	2	4200	184	25	109981	13	6	97	0	0	0	0	0	0	0	0	0	0	0	0	0	0	
1834.138083	8	3	3	0	1	2	2	4200	183	25	110042	13	6	97	0	0	0	0	0	0	0	0	0	0	0	0	0	0	
1835.123033	8	3	3	0	1	2	2	4200	180	25	110101	13	6	97	0	0	0	0	0	0	0	0	0	0	0	0	0	0	
1836.129600	8	3	3	0	1	2	2	4200	174	25	110161	13	6	97	0	0	0	0	0	0	0	0	0	0	0	0	0	0	
1837.133283	8	3	3	0	1	2	2	4200	174	25	110222	13	6	97	0	0	0	0	0	0	0	0	0	0	0	0	0	0	
1838.121117	8	3	3	0	1	2	2	4200	174	25	110281	13	6	97	0	0	0	0	0	0	0	0	0	0	0	0	0	0	
1839.126233	8	3	3	0	1	2	2	4200	172	25	110341	13	6	97	0	0	0	0	0	0	0	0	0	0	0	0	0	0	
1840.129917	8	3	3	0	1	2	2	4200	151	25	110401	13	6	97	0	0	0	0	0	0	0	0	0	0	0	0	0	0	
1841.136483	8	3	3	0	1	2	2	4200	140	25	110462	13	6	97	0	0	0	0	0	0	0	0	0	0	0	0	0	0	
1842.124317	8	3	3	0	1	2	2	4200	147	25	110521	13	6	97	0	0	0	0	0	0	0	0	0	0	0	0	0	0	
1843.128000	8	3	3	0	1	2	2	4200	154	25	110581	13	6	97	0	0	0	0	0	0	0	0	0	0	0	0	0	0	
1844.134567	8	3	3	0	1	2	2	4200	155	25	110642	13	6	97	0	0	0	0	0	0	0	0	0	0	0	0	0	0	
1845.120967	8	3	3	0	1	2	2	4200	152	25	110701	13	6	97	0	0	0	0	0	0	0	0	0	0	0	0	0	0	
1846.126083	8	3	3	0	1	2	2	4200	152	25	110761	13	6	97	0	0	0	0	0	0	0	0	0	0	0	0	0	0	
1847.131200	8	3	3	0	1	2	2	4200	149	25	110821	13	6	97	0	0	0	0	0	0	0	0	0	0	0	0	0	0	
1848.137767	8	3	3	0	1	2	2	4200	148	25	110882	13	6	97	0	0	0	0	0	0	0	0	0	0	0	0	0	0	
1849.122717	8	3	3	0	1	2	2	4200	145	25	110941	13	6	97	0	0	0	0	0	0	0	0	0	0	0	0	0	0	
1850.129283	8	3	3	0	1	2	2	4200	143	25	111001	13	6	97	0	0	0	0	0	0	0	0	0	0	0	0	0	0	
1851.134400	8	3	3	0	1	2	2	4200	142	25	111062	13	6	97	0	0	0	0	0	0	0	0	0	0	0	0	0	0	
1852.120800	8	3	3	0	1	2	2	4200	142	25	111121	13	6	97	0	0	0	0	0	0	0	0	0	0	0	0	0	0	
1853.125917	8	3	3	0	1	2	2	4200	140	25	111181	13	6	97	0	0	0	0	0	0	0	0	0	0	0	0	0	0	
1854.132483	8	3	3	0	1	2	2	4200	139	25	111241	13	6	97	0	0	0	0	0	0	0	0	0	0	0	0	0	0	
1855.136167	8	3	3	0	1	2	2	4200	136	25	111302	13	6	97	0	0	0	0	0	0	0	0	0	0	0	0	0	0	
1856.124000	8	3	3	0	1	2	2	4200	135	25	111361	13	6	97	0	0	0	0	0	0	0	0	0	0	0	0	0	0	
1857.129117	8	3	3	0	1	2	2	4200	134	25	111421	13	6	97	0	0	0	0	0	0	0	0	0	0	0	0	0	0	
1858.134233	8	3	3	0	1	2	2	4200	134	25	111482	13	6	97	0	0	0	0	0	0	0	0	0	0	0	0	0	0	
1859.120633	8	3	3	0	1	2	2	4200	132	25	111541	13	6	97	0	0	0	0	0	0	0	0	0	0	0	0	0	0	
1860.127200	8	3	3	0	1	2	2	4200	131	25	111601	13	6	97	0	0	0	0	0	0	0	0	0	0	0	0	0	0	
1861.130883	8	3	3	0	1	2	2	4200	127	25	111661	13	6	97	0	0	0	0	0	0	0	0	0	0	0	0	0	0	
1862.137433	8	3	3	0	1	2	2	4200	124	25	111722	13	6	97	0	0	0	0	0	0	0	0	0	0	0	0	0	0	
1863.125283	8	3	3	0	1	2	2	4200	123	25	111781	13	6	97	0	0	0	0	0	0	0	0	0	0	0	0	0	0	
1864.128967	8	3	3	0	1	2	2	4200	120	25	111841	13	6	97	0	0	0	0	0	0	0	0	0	0	0	0	0	0	
1865.134083	8	3	3	0	1	2	2	4200	116	25	111902	13	6	97	0	0	0	0	0	0	0	0	0	0	0	0	0	0	
1866.121917	8	3	3	0	1	2	2	4200	112	25	111961	13	6	97	0	0	0	0	0	0	0	0	0	0	0	0	0	0	
1867.125600	8	3	3	0	1	2	2	4200	111	26	112021	13	6	97	0	0	0	0	0	0	0	0	0	0	0	0	0	0	
1868.132167	8	3	3	0	1	2	2	4200	105	26	112081	13	6	97	0	0	0	0	0	0	0	0	0	0	0	0	0	0	
1869.137283	8	3	3	0	1	2	2	4200	100	26	112142	13	6	97	0	0	0	0	0	0	0	0	0	0	0	0	0	0	
1870.123683	8	3	3	0	1	2	2	4200	94	26	112201	13	6	97	0	0	0	0	0	0	0	0	0	0	0	0	0	0	
1871.130233	8	3	3	0	1	2	2	4200	89	26	112261	13	6	97	0	0	0	0	0	0	0	0	0	0	0	0	0	0	
1872.135367	8	3	3	0	1	2	2	4200	88	26	112322	13	6	97	0	0	0	0	0	0	0	0	0	0	0	0	0	0	
1873.139033	8	3	3	0	1	2	2	4200	85	26	112382	13	6	97	0	0	0	0	0	0	0	0	0	0	0	0	0	0	
1874.126883	8	3	3	0	1	2	2	4200	83	26	112441	13	6	97	0	0	0	0	0	0	0	0	0	0	0	0	0	0	
1875.133433	8	3	3	0	1	2	2	4200	79	26	112501	13	6	97	0	0	0	0	0	0	0	0	0	0	0	0	0	0	
1876.137117	8	3	3	0	1	2	2	4200	68	26	112562	13	6	97	0	0	0	0	0	0	0	0	0	0	0	0	0	0	
1876.350233	8	6	3	0	2	7	1	4107	-184	26	112574	13	7	0	0	0	0	0	0	0	0	0	0	0	0	0	0	0	
1877.126400	8	6	3	0	2	7	1	3861	-674	26	112621	13	7	0	0	0	0	0	0	0	0	0	0	0	0	0	0	0	
1878.131517	8	6	3	0	2	7	1	3863	-675	26	112681	13	7	1	0	0	0	0	0	0	0	0	0	0	0	0	0	0	
1879.136633	8	6	3	0	2	7	1	3850	-676	26	112742	13	7	2	0	0	0	0	0	0	0	0	0	0	0	0	0	0	
1880.123033	8	6	3	0	2	7	1	3555	-674	26	112801	13	7	3	0	0	0	0	0	0	0	0	0	0	0	0	0	0	
1881.129600	8	6	3	0	2	7	1	3541	-675	26	112861	13	7	3	0	0	0	0	0	0	0	0	0	0	0	0	0	0	
1882.134717	8	6	3	0	2	7	1	3878	-674	26	112922	13	7	4	0	0	0	0	0	0	0	0	0	0	0	0	0	0	
1883.122567	8	6	3	0	2	7	1	3867	-674	26	112981	13	7	5	0	0	0	0	0	0	0	0	0	0	0	0	0	0	
1884.129117	8	6	3	0	2	7	1	3856	-674	26	113041	13	7	6	0	0	0	0	0	0	0	0	0	0	0	0	0	0	
1885.134233	8	6	3	0	2	7	1	3847	-674	26	113101	13	7	7	0	0	0	0	0	0	0	0	0	0	0	0	0	0	
1886.139367	8	6	3	0	2	7	1	3838	-674	26	113162	13	7	8	0	0	0	0	0	0	0	0	0	0	0	0	0	0	
1887.125767	8	6	3	0	2	7	1	3831	-675	26	113221	13	7	8	0	0	0	0	0	0	0	0	0	0	0	0	0	0	
1888.132317	8	6	3	0	2	7	1	3823	-674	26	113281	13	7	9	0	0	0	0	0	0	0	0	0	0	0	0	0	0	
1889.136000	8	6	3	0	2	7	1	3815	-674	26	113342	13	7	10	0	0	0	0	0	0	0	0	0	0	0	0	0	0	
1890.123833	8	6	3	0	2	7	1	3807	-675	26	113401	13	7	11	0	0	0	0	0	0	0	0	0	0	0	0	0	0	
1891.127517	8	6	3	0	2	7	1	3800	-675	26	113461	13	7	12	0	0	0	0	0	0	0	0	0	0	0	0	0	0	
1892.134083	8	6	3	0	2	7	1	3792	-674	26	113521	13	7	12	0	0	0	0	0	0	0	0	0	0	0	0	0	0	
1893.139200	8	6	3	0	2	7	1	3786	-674	26	113582	13	7	13	0	0	0	0	0	0	0	0	0	0	0	0	0	0	
1894.125600	8	6	3	0	2	7	1	3779	-674	26	113641	13	7	14	0	0	0	0	0	0	0	0	0	0	0	0	0	0	
1895.130717	8	6	3	0	2	7	1	3774	-673	26	113701	13	7	15	0	0	0	0	0	0	0	0	0	0	0	0	0	0	
1896.137283	8	6	3	0	2	7	1	3767	-674	26	113762	13	7	16	0	0	0	0	0	0	0	0	0	0	0	0	0	0	
1897.142400	8	6	3	0	2	7	1	3760	-674	26	113822	13	7	17	0	0	0	0	0	0	0	0	0	0	0	0	0	0	
1898.128800	8	6	3	0	2	7	1	3753	-674	26	113881	13	7	17	0	0	0	0	0	0	0	0	0	0	0	0	0	0	
1899.133917	8	6	3	0	2	7	1	3746	-673	26	113941	13	7	18	0	0	0	0	0	0	0	0	0	0	0	0	0	0	
1900.140483	8	6	3	0	2	7	1	3740	-673	26	114002	13	7	19	0	0	0	0	0	0	0	0	0	0	0	0	0	0	
1901.125433	8	6	3	0	2	7	1	3733	-674	27	114061	13	7	20	0	0	0	0	0	0	0	0	0	0	0	0	0	0	
1902.132000	8	6	3	0	2	7	1	3727	-674	27	114121	13	7	21	0	0	0	0	0	0	0	0	0	0	0	0	0	0	
1903.137117	8	6	3	0	2	7	1	3718	-676	26	114181	13	7	22	0	0	0	0	0	0	0	0	0	0	0	0	0	0	
1904.142233	8	6	3	0	2	7	1	3708	-674	27	114242	13	7	22	0	0	0	0	0	0	0	0	0	0	0	0	0	0	
1905.128633	8	6	3	0	2	7	1	3703	-675	27	114301	13	7	23	0	0	0	0	0	0	0	0	0	0	0	0	0	0	
1906.135200	8	6	3	0	2	7	1	3693	-674	27	114361	13	7	24	0	0	0	0	0	0	0	0	0	0	0	0	0	0	
1907.138883	8	6	3	0	2	7	1	3685	-675	27	114422	13	7	25	0	0	0	0	0	0	0	0	0	0	0	0	0	0	
1908.126717	8	6	3	0	2	7	1	3679	-675	27	114481	13	7	26	0	0	0	0	0	0	0	0	0	0	0	0	0	0	
1909.130400	8	6	3	0	2	7	1	3672	-676	27	114541	13	7	27	0	0	0	0	0	0	0	0	0	0	0	0	0	0	
1910.136967	8	6	3	0	2	7	1	3666	-675	27	114601	13	7	27	0	0	0	0	0	0	0	0	0	0	0	0	0	0	
1911.142083	8	6	3	0	2	7	1	3615	-676	27	114662	13	7	28	0	0	0	0	0	0	0	0	0	0	0	0	0	0	
1912.128483	8	6	3	0	2	7	1	3406	-673	27	114721	13	7	29	0	0	0	0	0	0	0	0	0	0	0	0	0	0	
1913.133600	8	6	3	0	2	7	1	3707	-674	27	114781	13	7	30	0	0	0	0	0	0	0	0	0	0	0	0	0	0	
1914.140167	8	6	3	0	2	7	1	3686	-674	27	114842	13	7	31	0	0	0	0	0	0	0	0	0	0	0	0	0	0	
1915.126567	8	6	3	0	2	7	1	3665	-674	27	114901	13	7	31	0	0	0	0	0	0	0	0	0	0	0	0	0	0	
1916.131683	8	6	3	0	2	7	1	3651	-674	27	114961	13	7	32	0	0	0	0	0	0	0	0	0	0	0	0	0	0	
1917.138233	8	6	3	0	2	7	1	3642	-674	27	115021	13	7	33	0	0	0	0	0	0	0	0	0	0	0	0	0	0	
1918.141917	8	6	3	0	2	7	1	3638	-675	27	115082	13	7	34	0	0	0	0	0	0	0	0	0	0	0	0	0	0	
1919.129767	8	6	3	0	2	7	1	3633	-675	27	115141	13	7	35	0	0	0	0	0	0	0	0	0	0	0	0	0	0	
1920.134883	8	6	3	0	2	7	1	3625	-674	27	115201	13	7	36	0	0	0	0	0	0	0	0	0	0	0	0	0	0	
1921.138567	8	6	3	0	2	7	1	3620	-675	27	115262	13	7	36	0	0	0	0	0	0	0	0	0	0	0	0	0	0	
1922.126400	8	6	3	0	2	7	1	3617	-674	27	115321	13	7	37	0	0	0	0	0	0	0	0	0	0	0	0	0	0	
1923.132967	8	6	3	0	2	7	1	3612	-673	27	115381	13	7	38	0	0	0	0	0	0	0	0	0	0	0	0	0	0	
1924.136633	8	6	3	0	2	7	1	3608	-675	27	115441	13	7	39	0	0	0	0	0	0	0	0	0	0	0	0	0	0	
1925.143200	8	6	3	0	2	7	1	3604	-675	27	115502	13	7	40	0	0	0	0	0	0	0	0	0	0	0	0	0	0	
1926.128167	8	6	3	0	2	7	1	3599	-674	27	115561	13	7	40	0	0	0	0	0	0	0	0	0	0	0	0	0	0	
1927.134717	8	6	3	0	2	7	1	3595	-674	27	115621	13	7	41	0	0	0	0	0	0	0	0	0	0	0	0	0	0	
1928.139833	8	6	3	0	2	7	1	3592	-674	27	115682	13	7	42	0	0	0	0	0	0	0	0	0	0	0	0	0	0	
1929.126233	8	6	3	0	2	7	1	3588	-674	27	115741	13	7	43	0	0	0	0	0	0	0	0	0	0	0	0	0	0	
1930.131367	8	6	3	0	2	7	1	3584	-674	27	115801	13	7	44	0	0	0	0	0	0	0	0	0	0	0	0	0	0	
1931.137917	8	6	3	0	2	7	1	3580	-674	27	115861	13	7	45	0	0	0	0	0	0	0	0	0	0	0	0	0	0	
1932.143033	8	6	3	0	2	7	1	3577	-674	27	115922	13	7	45	0	0	0	0	0	0	0	0	0	0	0	0	0	0	
1933.129433	8	6	3	0	2	7	1	3573	-675	27	115981	13	7	46	0	0	0	0	0	0	0	0	0	0	0	0	0	0	
1934.134567	8	6	3	0	2	7	1	3569	-675	27	116041	13	7	47	0	0	0	0	0	0	0	0	0	0	0	0	0	0	
1935.141117	8	6	3	0	2	7	1	3567	-674	27	116102	13	7	48	0	0	0	0	0	0	0	0	0	0	0	0	0	0	
1936.126083	8	6	3	0	2	7	1	3563	-674	27	116161	13	7	49	0	0	0	0	0	0	0	0	0	0	0	0	0	0	
1937.132633	8	6	3	0	2	7	1	3559	-676	27	116221	13	7	50	0	0	0	0	0	0	0	0	0	0	0	0	0	0	
1938.137767	8	6	3	0	2	7	1	3557	-674	27	116281	13	7	50	0	0	0	0	0	0	0	0	0	0	0	0	0	0	
1939.142883	8	6	3	0	2	7	1	3554	-675	27	116342	13	7	51	0	0	0	0	0	0	0	0	0	0	0	0	0	0	
1940.129283	8	6	3	0	2	7	1	3550	-674	27	116401	13	7	52	0	0	0	0	0	0	0	0	0	0	0	0	0	0	
1941.135833	8	6	3	0	2	7	1	3548	-675	27	116461	13	7	53	0	0	0	0	0	0	0	0	0	0	0	0	0	0	
1942.139517	8	6	3	0	2	7	1	3545	-674	27	116522	13	7	54	0	0	0	0	0	0	0	0	0	0	0	0	0	0	
1943.146083	8	6	3	0	2	7	1	3542	-674	27	116582	13	7	55	0	0	0	0	0	0	0	0	0	0	0	0	0	0	
1944.131033	8	6	3	0	2	7	1	3540	-674	27	116641	13	7	55	0	0	0	0	0	0	0	0	0	0	0	0	0	0	
1945.137600	8	6	3	0	2	7	1	3537	-674	27	116701	13	7	56	0	0	0	0	0	0	0	0	0	0	0	0	0	0	
1946.142717	8	6	3	0	2	7	1	3534	-673	27	116762	13	7	57	0	0	0	0	0	0	0	0	0	0	0	0	0	0	
1947.129117	8	6	3	0	2	7	1	3531	-674	27	116821	13	7	58	0	0	0	0	0	0	0	0	0	0	0	0	0	0	
1948.134233	8	6	3	0	2	7	1	3528	-675	27	116881	13	7	59	0	0	0	0	0	0	0	0	0	0	0	0	0	0	
1949.140800	8	6	3	0	2	7	1	3525	-675	27	116941	13	7	59	0	0	0	0	0	0	0	0	0	0	0	0	0	0	
1950.145917	8	6	3	0	2	7	1	3522	-673	27	117002	13	7	60	0	0	0	0	0	0	0	0	0	0	0	0	0	0	
1951.132317	8	6	3	0	2	7	1	3521	-675	28	117061	13	7	61	0	0	0	0	0	0	0	0	0	0	0	0	0	0	
1952.138883	8	6	3	0	2	7	1	3520	-675	27	117121	13	7	62	0	0	0	0	0	0	0	0	0	0	0	0	0	0	
1953.144000	8	6	3	0	2	7	1	3517	-674	28	117182	13	7	63	0	0	0	0	0	0	0	0	0	0	0	0	0	0	
1954.130400	8	6	3	0	2	7	1	3514	-673	27	117241	13	7	64	0	0	0	0	0	0	0	0	0	0	0	0	0	0	
1955.135517	8	6	3	0	2	7	1	3511	-674	28	117301	13	7	64	0	0	0	0	0	0	0	0	0	0	0	0	0	0	
1956.142083	8	6	3	0	2	7	1	3508	-675	28	117361	13	7	65	0	0	0	0	0	0	0	0	0	0	0	0	0	0	
1957.145767	8	6	3	0	2	7	1	3504	-674	28	117422	13	7	66	0	0	0	0	0	0	0	0	0	0	0	0	0	0	
1958.133600	8	6	3	0	2	7	1	3501	-675	28	117481	13	7	67	0	0	0	0	0	0	0	0	0	0	0	0	0	0	
1959.137283	8	6	3	0	2	7	1	3498	-675	28	117541	13	7	68	0	0	0	0	0	0	0	0	0	0	0	0	0	0	
1960.142400	8	6	3	0	2	7	1	3495	-675	28	117602	13	7	69	0	0	0	0	0	0	0	0	0	0	0	0	0	0	
1961.130233	8	6	3	0	2	7	1	3491	-674	28	117661	13	7	69	0	0	0	0	0	0	0	0	0	0	0	0	0	0	
1962.135367	8	6	3	0	2	7	1	3488	-674	28	117721	13	7	70	0	0	0	0	0	0	0	0	0	0	0	0	0	0	
1963.140483	8	6	3	0	2	7	1	3485	-674	28	117781	13	7	71	0	0	0	0	0	0	0	0	0	0	0	0	0	0	
1964.147033	8	6	3	0	2	7	1	3482	-675	28	117842	13	7	72	0	0	0	0	0	0	0	0	0	0	0	0	0	0	
1965.132000	8	6	3	0	2	7	1	3479	-675	28	117901	13	7	73	0	0	0	0	0	0	0	0	0	0	0	0	0	0	
1966.138567	8	6	3	0	2	7	1	3477	-674	28	117961	13	7	73	0	0	0	0	0	0	0	0	0	0	0	0	0	0	
1967.143683	8	6	3	0	2	7	1	3474	-674	28	118022	13	7	74	0	0	0	0	0	0	0	0	0	0	0	0	0	0	
1968.130083	8	6	3	0	2	7	1	3471	-676	28	118081	13	7	75	0	0	0	0	0	0	0	0	0	0	0	0	0	0	
1969.135200	8	6	3	0	2	7	1	3468	-674	28	118141	13	7	76	0	0	0	0	0	0	0	0	0	0	0	0	0	0	
1970.141767	8	6	3	0	2	7	1	3464	-673	28	118201	13	7	77	0	0	0	0	0	0	0	0	0	0	0	0	0	0	
1971.145433	8	6	3	0	2	7	1	3462	-676	28	118262	13	7	78	0	0	0	0	0	0	0	0	0	0	0	0	0	0	
1972.133283	8	6	3	0	2	7	1	3454	-675	28	118321	13	7	78	0	0	0	0	0	0	0	0	0	0	0	0	0	0	
1973.138400	8	6	3	0	2	7	1	3451	-675	28	118381	13	7	79	0	0	0	0	0	0	0	0	0	0	0	0	0	0	
1974.143517	8	6	3	0	2	7	1	3447	-674	28	118442	13	7	80	0	0	0	0	0	0	0	0	0	0	0	0	0	0	
1975.129917	8	6	3	0	2	7	1	3443	-674	28	118501	13	7	81	0	0	0	0	0	0	0	0	0	0	0	0	0	0	
1976.136483	8	6	3	0	2	7	1	3439	-674	28	118561	13	7	82	0	0	0	0	0	0	0	0	0	0	0	0	0	0	
1977.140167	8	6	3	0	2	7	1	3429	-676	28	118621	13	7	83	0	0	0	0	0	0	0	0	0	0	0	0	0	0	
1978.146717	8	6	3	0	2	7	1	3426	-675	28	118682	13	7	83	0	0	0	0	0	0	0	0	0	0	0	0	0	0	
1979.133117	8	6	3	0	2	7	1	3422	-674	28	118741	13	7	84	0	0	0	0	0	0	0	0	0	0	0	0	0	0	
1980.138233	8	6	3	0	2	7	1	3415	-674	28	118801	13	7	85	0	0	0	0	0	0	0	0	0	0	0	0	0	0	
1981.143367	8	6	3	0	2	7	1	3407	-673	28	118862	13	7	86	0	0	0	0	0	0	0	0	0	0	0	0	0	0	
1982.131200	8	6	3	0	2	7	1	3397	-674	28	118921	13	7	87	0	0	0	0	0	0	0	0	0	0	0	0	0	0	
1983.134883	8	6	3	0	2	7	1	3385	-674	28	118981	13	7	88	0	0	0	0	0	0	0	0	0	0	0	0	0	0	
1984.141433	8	6	3	0	2	7	1	3369	-674	28	119041	13	7	88	0	0	0	0	0	0	0	0	0	0	0	0	0	0	
1985.146567	8	6	3	0	2	7	1	3350	-674	28	119102	13	7	89	0	0	0	0	0	0	0	0	0	0	0	0	0	0	
1986.132967	8	6	3	0	2	7	1	3327	-675	28	119161	13	7	90	0	0	0	0	0	0	0	0	0	0	0	0	0	0	
1987.138083	8	6	3	0	2	7	1	3298	-675	28	119221	13	7	91	0	0	0	0	0	0	0	0	0	0	0	0	0	0	
1988.144633	8	6	3	0	2	7	1	3260	-674	28	119282	13	7	92	0	0	0	0	0	0	0	0	0	0	0	0	0	0	
1989.131033	8	6	3	0	2	7	1	3208	-675	28	119341	13	7	92	0	0	0	0	0	0	0	0	0	0	0	0	0	0	
1990.136167	8	6	3	0	2	7	1	3133	-675	28	119401	13	7	93	0	0	0	0	0	0	0	0	0	0	0	0	0	0	
1991.142717	8	6	3	0	2	7	1	3014	-674	28	119461	13	7	94	0	0	0	0	0	0	0	0	0	0	0	0	0	0	
1992.146400	8	15	3	0	1	31	2	2922	66	28	119522	14	7	95	0	0	0	0	0	0	0	0	0	0	0	0	0	0	
1992.170883	8	4	3	0	1	3	2	2938	67	28	119523	14	7	95	0	0	0	0	0	0	0	0	0	0	0	0	0	0	
1992.379683	8	3	3	0	1	2	2	3209	678	28	119536	15	7	95	0	0	0	0	0	0	0	0	0	0	0	0	0	0	
1993.138567	8	3	3	0	1	2	2	3502	675	28	119581	15	7	95	0	0	0	0	0	0	0	0	0	0	0	0	0	0	
1994.146567	8	3	3	0	1	2	2	3639	675	28	119642	15	7	95	0	0	0	0	0	0	0	0	0	0	0	0	0	0	
1995.132967	8	3	3	0	1	2	2	3722	675	28	119701	15	7	95	0	0	0	0	0	0	0	0	0	0	0	0	0	0	
1996.138083	8	3	3	0	1	2	2	3783	675	28	119761	15	7	95	0	0	0	0	0	0	0	0	0	0	0	0	0	0	
1997.143200	8	3	3	0	1	2	2	3831	675	28	119821	15	7	95	0	0	0	0	0	0	0	0	0	0	0	0	0	0	
1998.149767	8	3	3	0	1	2	2	3868	675	28	119882	15	7	95	0	0	0	0	0	0	0	0	0	0	0	0	0	0	
1999.134717	8	3	3	0	1	2	2	3890	675	28	119941	15	7	95	0	0	0	0	0	0	0	0	0	0	0	0	0	0	
2000.141283	8	3	3	0	1	2	2	3900	675	28	120001	15	7	95	0	0	0	0	0	0	0	0	0	0	0	0	0	0	
2001.146400	8	3	3	0	1	2	2	3905	676	28	120062	15	7	95	0	0	0	0	0	0	0	0	0	0	0	0	0	0	
2002.132800	8	3	3	0	1	2	2	3911	675	28	120121	15	7	95	0	0	0	0	0	0	0	0	0	0	0	0	0	0	
2003.137917	8	3	3	0	1	2	2	3916	674	28	120181	15	7	95	0	0	0	0	0	0	0	0	0	0	0	0	0	0	
2004.143033	8	3	3	0	1	2	2	3922	674	28	120241	15	7	95	0	0	0	0	0	0	0	0	0	0	0	0	0	0	
2005.148167	8	3	3	0	1	2	2	3927	674	28	120302	15	7	95	0	0	0	0	0	0	0	0	0	0	0	0	0	0	
2006.136000	8	3	3	0	1	2	2	3932	674	28	120361	15	7	95	0	0	0	0	0	0	0	0	0	0	0	0	0	0	
2007.139683	8	3	3	0	1	2	2	3938	675	28	120421	15	7	95	0	0	0	0	0	0	0	0	0	0	0	0	0	0	
2008.146233	8	3	3	0	1	2	2	3944	674	28	120482	15	7	95	0	0	0	0	0	0	0	0	0	0	0	0	0	0	
2009.134083	8	3	3	0	1	2	2	3949	675	28	120541	15	7	95	0	0	0	0	0	0	0	0	0	0	0	0	0	0	
2010.137767	8	3	3	0	1	2	2	3955	674	28	120601	15	7	95	0	0	0	0	0	0	0	0	0	0	0	0	0	0	
2011.144317	8	3	3	0	1	2	2	3961	674	28	120661	15	7	95	0	0	0	0	0	0	0	0	0	0	0	0	0	0	
2012.149433	8	3	3	0	1	2	2	3966	675	28	120722	15	7	95	0	0	0	0	0	0	0	0	0	0	0	0	0	0	
2013.134400	8	3	3	0	1	2	2	3971	674	28	120781	15	7	95	0	0	0	0	0	0	0	0	0	0	0	0	0	0	
2014.140967	8	3	3	0	1	2	2	3976	675	28	120841	15	7	95	0	0	0	0	0	0	0	0	0	0	0	0	0	0	
2015.146083	8	3	3	0	1	2	2	3981	675	28	120902	15	7	95	0	0	0	0	0	0	0	0	0	0	0	0	0	0	
2016.132483	8	3	3	0	1	2	2	3986	676	28	120961	15	7	95	0	0	0	0	0	0	0	0	0	0	0	0	0	0	
2017.139033	8	3	3	0	1	2	2	3989	674	28	121021	15	7	95	0	0	0	0	0	0	0	0	0	0	0	0	0	0	
2018.144167	8	3	3	0	1	2	2	3992	674	28	121081	15	7	95	0	0	0	0	0	0	0	0	0	0	0	0	0	0	
2019.149283	8	3	3	0	1	2	2	3995	674	28	121142	15	7	95	0	0	0	0	0	0	0	0	0	0	0	0	0	0	
2020.135683	8	3	3	0	1	2	2	3998	675	28	121201	15	7	95	0	0	0	0	0	0	0	0	0	0	0	0	0	0	
2021.142233	8	3	3	0	1	2	2	4001	674	28	121261	15	7	95	0	0	0	0	0	0	0	0	0	0	0	0	0	0	
2022.145917	8	3	3	0	1	2	2	4003	675	28	121322	15	7	95	0	0	0	0	0	0	0	0	0	0	0	0	0	0	
2023.151033	8	3	3	0	1	2	2	4005	674	28	121382	15	7	95	0	0	0	0	0	0	0	0	0	0	0	0	0	0	
2024.138883	8	3	3	0	1	2	2	4006	676	28	121441	15	7	95	0	0	0	0	0	0	0	0	0	0	0	0	0	0	
2025.144000	8	3	3	0	1	2	2	4008	674	28	121501	15	7	95	0	0	0	0	0	0	0	0	0	0	0	0	0	0	
2026.149117	8	3	3	0	1	2	2	4010	674	28	121562	15	7	95	0	0	0	0	0	0	0	0	0	0	0	0	0	0	
2027.135517	8	3	3	0	1	2	2	4020	674	28	121621	15	7	95	0	0	0	0	0	0	0	0	0	0	0	0	0	0	
2028.140633	8	3	3	0	1	2	2	4022	674	28	121681	15	7	95	0	0	0	0	0	0	0	0	0	0	0	0	0	0	
2029.147200	8	3	3	0	1	2	2	4030	674	28	121741	15	7	95	0	0	0	0	0	0	0	0	0	0	0	0	0	0	
2030.152317	8	3	3	0	1	2	2	4031	675	28	121802	15	7	95	0	0	0	0	0	0	0	0	0	0	0	0	0	0	
2031.138717	8	3	3	0	1	2	2	4032	675	28	121861	15	7	95	0	0	0	0	0	0	0	0	0	0	0	0	0	0	
2032.143833	8	3	3	0	1	2	2	4035	675	28	121921	15	7	95	0	0	0	0	0	0	0	0	0	0	0	0	0	0	
2033.150400	8	3	3	0	1	2	2	4037	675	28	121982	15	7	95	0	0	0	0	0	0	0	0	0	0	0	0	0	0	
2034.135367	8	3	3	0	1	2	2	4038	674	28	122041	15	7	95	0	0	0	0	0	0	0	0	0	0	0	0	0	0	
2035.141917	8	3	3	0	1	2	2	4041	674	28	122101	15	7	95	0	0	0	0	0	0	0	0	0	0	0	0	0	0	
2036.145600	8	3	3	0	1	2	2	4043	675	28	122161	15	7	95	0	0	0	0	0	0	0	0	0	0	0	0	0	0	
2037.152167	8	3	3	0	1	2	2	4045	675	28	122222	15	7	95	0	0	0	0	0	0	0	0	0	0	0	0	0	0	
2038.138567	8	3	3	0	1	2	2	4047	674	28	122281	15	7	95	0	0	0	0	0	0	0	0	0	0	0	0	0	0	
2039.143683	8	3	3	0	1	2	2	4051	675	28	122341	15	7	95	0	0	0	0	0	0	0	0	0	0	0	0	0	0	
2040.148800	8	3	3	0	1	2	2	4053	674	28	122402	15	7	95	0	0	0	0	0	0	0	0	0	0	0	0	0	0	
2041.135200	8	3	3	0	1	2	2	4056	675	28	122461	15	7	95	0	0	0	0	0	0	0	0	0	0	0	0	0	0	
2042.140317	8	3	3	0	1	2	2	4059	674	28	122521	15	7	95	0	0	0	0	0	0	0	0	0	0	0	0	0	0	
2043.146883	8	3	3	0	1	2	2	4061	675	28	122581	15	7	95	0	0	0	0	0	0	0	0	0	0	0	0	0	0	
2044.150567	8	3	3	0	1	2	2	4064	674	28	122642	15	7	95	0	0	0	0	0	0	0	0	0	0	0	0	0	0	
2045.138400	8	3	3	0	1	2	2	4066	674	28	122701	15	7	95	0	0	0	0	0	0	0	0	0	0	0	0	0	0	
2046.143517	8	3	3	0	1	2	2	4069	674	28	122761	15	7	95	0	0	0	0	0	0	0	0	0	0	0	0	0	0	
2047.148633	8	3	3	0	1	2	2	4072	674	28	122822	15	7	95	0	0	0	0	0	0	0	0	0	0	0	0	0	0	
2048.135033	8	3	3	0	1	2	2	4075	675	28	122881	15	7	95	0	0	0	0	0	0	0	0	0	0	0	0	0	0	
2049.141600	8	3	3	0	1	2	2	4079	675	28	122941	15	7	95	0	0	0	0	0	0	0	0	0	0	0	0	0	0	
2050.145283	8	3	3	0	1	2	2	4081	675	28	123001	15	7	95	0	0	0	0	0	0	0	0	0	0	0	0	0	0	
2051.151833	8	3	3	0	1	2	2	4085	675	28	123062	15	7	95	0	0	0	0	0	0	0	0	0	0	0	0	0	0	
2052.138233	8	3	3	0	1	2	2	4088	674	28	123121	15	7	95	0	0	0	0	0	0	0	0	0	0	0	0	0	0	
2053.143367	8	3	3	0	1	2	2	4092	674	28	123181	15	7	95	0	0	0	0	0	0	0	0	0	0	0	0	0	0	
2054.148483	8	3	3	0	1	2	2	4095	674	28	123242	15	7	95	0	0	0	0	0	0	0	0	0	0	0	0	0	0	
2055.136317	8	3	3	0	1	2	2	4098	674	28	123301	15	7	95	0	0	0	0	0	0	0	0	0	0	0	0	0	0	
2056.140000	8	3	3	0	1	2	2	4103	675	28	123361	15	7	95	0	0	0	0	0	0	0	0	0	0	0	0	0	0	
2057.146567	8	3	3	0	1	2	2	4106	674	28	123421	15	7	95	0	0	0	0	0	0	0	0	0	0	0	0	0	0	
2058.151683	8	3	3	0	1	2	2	4110	675	28	123482	15	7	95	0	0	0	0	0	0	0	0	0	0	0	0	0	0	
2059.138083	8	3	3	0	1	2	2	4114	674	29	123541	15	7	95	0	0	0	0	0	0	0	0	0	0	0	0	0	0	
2060.143200	8	3	3	0	1	2	2	4118	674	28	123601	15	7	95	0	0	0	0	0	0	0	0	0	0	0	0	0	0	
2061.149767	8	3	3	0	1	2	2	4119	668	29	123661	15	7	95	0	0	0	0	0	0	0	0	0	0	0	0	0	0	
2062.153433	8	3	3	0	1	2	2	4123	666	29	123722	15	7	95	0	0	0	0	0	0	0	0	0	0	0	0	0	0	
2063.141283	8	3	3	0	1	2	2	4127	666	28	123781	15	7	95	0	0	0	0	0	0	0	0	0	0	0	0	0	0	
2064.147833	8	3	3	0	1	2	2	4131	665	29	123841	15	7	95	0	0	0	0	0	0	0	0	0	0	0	0	0	0	
2065.151517	8	3	3	0	1	2	2	4135	665	29	123902	15	7	95	0	0	0	0	0	0	0	0	0	0	0	0	0	0	
2066.139367	8	3	3	0	1	2	2	4138	664	29	123961	15	7	95	0	0	0	0	0	0	0	0	0	0	0	0	0	0	
2067.143033	8	3	3	0	1	2	2	4143	664	29	124021	15	7	95	0	0	0	0	0	0	0	0	0	0	0	0	0	0	
2068.148167	8	3	3	0	1	2	2	4148	664	29	124081	15	7	95	0	0	0	0	0	0	0	0	0	0	0	0	0	0	
2069.154717	8	3	3	0	1	2	2	4152	664	29	124142	15	7	95	0	0	0	0	0	0	0	0	0	0	0	0	0	0	
2070.141117	8	3	3	0	1	2	2	4156	663	28	124201	15	7	95	0	0	0	0	0	0	0	0	0	0	0	0	0	0	
2071.146233	8	3	3	0	1	2	2	4166	662	29	124261	15	7	95	0	0	0	0	0	0	0	0	0	0	0	0	0	0	
2072.152800	8	3	3	0	1	2	2	4171	662	29	124322	15	7	95	0	0	0	0	0	0	0	0	0	0	0	0	0	0	
2073.137767	8	3	3	0	1	2	2	4175	660	29	124381	15	7	95	0	0	0	0	0	0	0	0	0	0	0	0	0	0	
2074.144317	8	3	3	0	1	2	2	4179	660	29	124441	15	7	95	0	0	0	0	0	0	0	0	0	0	0	0	0	0	
2075.149433	8	3	3	0	1	2	2	4184	660	29	124501	15	7	95	0	0	0	0	0	0	0	0	0	0	0	0	0	0	
2076.153117	8	3	3	0	1	2	2	4188	659	29	124562	15	7	95	0	0	0	0	0	0	0	0	0	0	0	0	0	0	
2077.140967	8	3	3	0	1	2	2	4193	658	29	124621	15	7	95	0	0	0	0	0	0	0	0	0	0	0	0	0	0	
2078.146083	8	3	3	0	1	2	2	4197	658	29	124681	15	7	95	0	0	0	0	0	0	0	0	0	0	0	0	0	0	
2079.151200	8	3	3	0	1	2	2	4200	652	29	124742	15	7	95	0	0	0	0	0	0	0	0	0	0	0	0	0	0	
2080.139033	8	3	3	0	1	2	2	4200	640	29	124801	15	7	95	0	0	0	0	0	0	0	0	0	0	0	0	0	0	
2081.142717	8	3	3	0	1	2	2	4200	625	29	124861	15	7	95	0	0	0	0	0	0	0	0	0	0	0	0	0	0	
2082.149283	8	3	3	0	1	2	2	4200	613	29	124921	15	7	95	0	0	0	0	0	0	0	0	0	0	0	0	0	0	
2083.154400	8	3	3	0	1	2	2	4200	607	29	124982	15	7	95	0	0	0	0	0	0	0	0	0	0	0	0	0	0	
2084.140800	8	3	3	0	1	2	2	4200	580	29	125041	15	7	95	0	0	0	0	0	0	0	0	0	0	0	0	0	0	
2085.145917	8	3	3	0	1	2	2	4200	556	29	125101	15	7	95	0	0	0	0	0	0	0	0	0	0	0	0	0	0	
2086.152483	8	3	3	0	1	2	2	4200	496	29	125162	15	7	95	0	0	0	0	0	0	0	0	0	0	0	0	0	0	
2087.156167	8	3	3	0	1	2	2	4200	488	29	125222	15	7	95	0	0	0	0	0	0	0	0	0	0	0	0	0	0	
2088.144000	8	3	3	0	1	2	2	4200	477	29	125281	15	7	95	0	0	0	0	0	0	0	0	0	0	0	0	0	0	
2089.149117	8	3	3	0	1	2	2	4200	463	29	125341	15	7	95	0	0	0	0	0	0	0	0	0	0	0	0	0	0	
2090.154233	8	3	3	0	1	2	2	4200	442	29	125402	15	7	95	0	0	0	0	0	0	0	0	0	0	0	0	0	0	
2091.140633	8	3	3	0	1	2	2	4200	373	29	125461	15	7	95	0	0	0	0	0	0	0	0	0	0	0	0	0	0	
2092.145767	8	3	3	0	1	2	2	4200	373	29	125521	15	7	95	0	0	0	0	0	0	0	0	0	0	0	0	0	0	
2093.150883	8	3	3	0	1	2	2	4200	366	29	125581	15	7	95	0	0	0	0	0	0	0	0	0	0	0	0	0	0	
2094.157433	8	3	3	0	1	2	2	4200	317	29	125642	15	7	95	0	0	0	0	0	0	0	0	0	0	0	0	0	0	
2095.142400	8	3	3	0	1	2	2	4200	299	29	125701	15	7	95	0	0	0	0	0	0	0	0	0	0	0	0	0	0	
2096.148967	8	3	3	0	1	2	2	4200	286	29	125761	15	7	95	0	0	0	0	0	0	0	0	0	0	0	0	0	0	
2097.154083	8	3	3	0	1	2	2	4200	240	29	125822	15	7	95	0	0	0	0	0	0	0	0	0	0	0	0	0	0	
2098.140483	8	3	3	0	1	2	2	4200	281	29	125881	15	7	95	0	0	0	0	0	0	0	0	0	0	0	0	0	0	
2099.145600	8	3	3	0	1	2	2	4200	285	29	125941	15	7	95	0	0	0	0	0	0	0	0	0	0	0	0	0	0	
2100.152167	8	3	3	0	1	2	2	4200	281	29	126001	15	7	95	0	0	0	0	0	0	0	0	0	0	0	0	0	0	
2101.155833	8	3	3	0	1	2	2	4200	278	29	126062	15	7	95	0	0	0	0	0	0	0	0	0	0	0	0	0	0	
2102.143683	8	3	3	0	1	2	2	4200	277	29	126121	15	7	95	0	0	0	0	0	0	0	0	0	0	0	0	0	0	
2103.147367	8	3	3	0	1	2	2	4200	284	29	126181	15	7	95	0	0	0	0	0	0	0	0	0	0	0	0	0	0	
2104.153917	8	3	3	0	1	2	2	4200	285	29	126242	15	7	95	0	0	0	0	0	0	0	0	0	0	0	0	0	0	
2105.140317	8	3	3	0	1	2	2	4200	284	29	126301	15	7	95	0	0	0	0	0	0	0	0	0	0	0	0	0	0	
2106.145433	8	3	3	0	1	2	2	4200	283	29	126361	15	7	95	0	0	0	0	0	0	0	0	0	0	0	0	0	0	
2107.150567	8	3	3	0	1	2	2	4200	278	29	126421	15	7	95	0	0	0	0	0	0	0	0	0	0	0	0	0	0	
2108.157117	8	3	3	0	1	2	2	4200	247	29	126482	15	7	95	0	0	0	0	0	0	0	0	0	0	0	0	0	0	
2109.142083	8	3	3	0	1	2	2	4200	247	29	126541	15	7	95	0	0	0	0	0	0	0	0	0	0	0	0	0	0	
2110.148633	8	3	3	0	1	2	2	4200	244	29	126601	15	7	95	0	0	0	0	0	0	0	0	0	0	0	0	0	0	
2111.153767	8	3	3	0	1	2	2	4200	238	29	126662	15	7	95	0	0	0	0	0	0	0	0	0	0	0	0	0	0	
2112.140167	8	3	3	0	1	2	2	4200	235	29	126721	15	7	95	0	0	0	0	0	0	0	0	0	0	0	0	0	0	
2113.145283	8	3	3	0	1	2	2	4200	230	29	126781	15	7	95	0	0	0	0	0	0	0	0	0	0	0	0	0	0	
2114.151833	8	3	3	0	1	2	2	4200	226	29	126841	15	7	95	0	0	0	0	0	0	0	0	0	0	0	0	0	0	
2115.155517	8	3	3	0	1	2	2	4200	221	29	126902	15	7	95	0	0	0	0	0	0	0	0	0	0	0	0	0	0	
2116.143367	8	3	3	0	1	2	2	4200	217	29	126961	15	7	95	0	0	0	0	0	0	0	0	0	0	0	0	0	0	
2117.148483	8	3	3	0	1	2	2	4200	212	29	127021	15	7	95	0	0	0	0	0	0	0	0	0	0	0	0	0	0	
2118.153600	8	3	3	0	1	2	2	4200	212	29	127082	15	7	95	0	0	0	0	0	0	0	0	0	0	0	0	0	0	
2119.160167	8	3	3	0	1	2	2	4200	209	29	127142	15	7	95	0	0	0	0	0	0	0	0	0	0	0	0	0	0	
2120.145117	8	3	3	0	1	2	2	4200	209	29	127201	15	7	95	0	0	0	0	0	0	0	0	0	0	0	0	0	0	
2121.150233	8	3	3	0	1	2	2	4200	205	29	127261	15	7	95	0	0	0	0	0	0	0	0	0	0	0	0	0	0	
2122.156800	8	3	3	0	1	2	2	4200	203	29	127322	15	7	95	0	0	0	0	0	0	0	0	0	0	0	0	0	0	
2123.143200	8	3	3	0	1	2	2	4200	199	29	127381	15	7	95	0	0	0	0	0	0	0	0	0	0	0	0	0	0	
2124.148317	8	3	3	0	1	2	2	4200	195	29	127441	15	7	95	0	0	0	0	0	0	0	0	0	0	0	0	0	0	
2125.154883	8	3	3	0	1	2	2	4200	190	29	127501	15	7	95	0	0	0	0	0	0	0	0	0	0	0	0	0	0	
2126.158567	8	3	3	0	1	2	2	4200	188	29	127562	15	7	95	0	0	0	0	0	0	0	0	0	0	0	0	0	0	
2127.146400	8	3	3	0	1	2	2	4200	184	29	127621	15	7	95	0	0	0	0	0	0	0	0	0	0	0	0	0	0	
2128.151517	8	3	3	0	1	2	2	4200	174	29	127681	15	7	95	0	0	0	0	0	0	0	0	0	0	0	0	0	0	
2129.155200	8	3	3	0	1	2	2	4201	172	29	127742	15	7	95	0	0	0	0	0	0	0	0	0	0	0	0	0	0	
2130.143033	8	3	3	0	1	2	2	4200	169	29	127801	15	7	95	0	0	0	0	0	0	0	0	0	0	0	0	0	0	
2131.148167	8	3	3	0	1	2	2	4200	166	29	127861	15	7	95	0	0	0	0	0	0	0	0	0	0	0	0	0	0	
2132.153283	8	3	3	0	1	2	2	4200	162	29	127921	15	7	95	0	0	0	0	0	0	0	0	0	0	0	0	0	0	
2133.159833	8	3	3	0	1	2	2	4200	159	29	127982	15	7	95	0	0	0	0	0	0	0	0	0	0	0	0	0	0	
2134.146233	8	3	3	0	1	2	2	4200	157	29	128041	15	7	95	0	0	0	0	0	0	0	0	0	0	0	0	0	0	
2135.152800	8	3	3	0	1	2	2	4200	154	29	128101	15	7	95	0	0	0	0	0	0	0	0	0	0	0	0	0	0	
2136.157917	8	3	3	0	1	2	2	4200	143	29	128162	15	7	95	0	0	0	0	0	0	0	0	0	0	0	0	0	0	
2137.144317	8	3	3	0	1	2	2	4200	140	29	128221	15	7	95	0	0	0	0	0	0	0	0	0	0	0	0	0	0	
2138.149433	8	3	3	0	1	2	2	4200	138	29	128281	15	7	95	0	0	0	0	0	0	0	0	0	0	0	0	0	0	
2139.156000	8	3	3	0	1	2	2	4200	136	29	128342	15	7	95	0	0	0	0	0	0	0	0	0	0	0	0	0	0	
2140.159683	8	3	3	0	1	2	2	4200	134	29	128402	15	7	95	0	0	0	0	0	0	0	0	0	0	0	0	0	0	
2141.147517	8	3	3	0	1	2	2	4201	132	29	128461	15	7	95	0	0	0	0	0	0	0	0	0	0	0	0	0	0	
2142.151200	8	3	3	0	1	2	2	4200	129	29	128521	15	7	95	0	0	0	0	0	0	0	0	0	0	0	0	0	0	
2143.157767	8	3	3	0	1	2	2	4200	128	29	128582	15	7	95	0	0	0	0	0	0	0	0	0	0	0	0	0	0	
2144.145600	8	3	3	0	1	2	2	4200	124	29	128641	15	7	95	0	0	0	0	0	0	0	0	0	0	0	0	0	0	
2145.149283	8	3	3	0	1	2	2	4200	122	29	128701	15	7	95	0	0	0	0	0	0	0	0	0	0	0	0	0	0	
2146.154400	8	3	3	0	1	2	2	4200	120	29	128761	15	7	95	0	0	0	0	0	0	0	0	0	0	0	0	0	0	
2147.160967	8	3	3	0	1	2	2	4200	117	29	128822	15	7	95	0	0	0	0	0	0	0	0	0	0	0	0	0	0	
2148.145917	8	3	3	0	1	2	2	4200	115	29	128881	15	7	95	0	0	0	0	0	0	0	0	0	0	0	0	0	0	
2149.152483	8	3	3	0	1	2	2	4201	113	29	128941	15	7	95	0	0	0	0	0	0	0	0	0	0	0	0	0	0	
2150.156167	8	3	3	0	1	2	2	4200	111	29	129002	15	7	95	0	0	0	0	0	0	0	0	0	0	0	0	0	0	
2151.144000	8	3	3	0	1	2	2	4200	109	29	129061	15	7	95	0	0	0	0	0	0	0	0	0	0	0	0	0	0	
2152.147683	8	3	3	0	1	2	2	4200	106	29	129121	15	7	95	0	0	0	0	0	0	0	0	0	0	0	0	0	0	
2153.154233	8	3	3	0	1	2	2	4200	105	29	129181	15	7	95	0	0	0	0	0	0	0	0	0	0	0	0	0	0	
2154.159367	8	3	3	0	1	2	2	4200	102	29	129242	15	7	95	0	0	0	0	0	0	0	0	0	0	0	0	0	0	
2155.145767	8	3	3	0	1	2	2	4200	100	29	129301	15	7	95	0	0	0	0	0	0	0	0	0	0	0	0	0	0	
2156.150883	8	3	3	0	1	2	2	4200	99	29	129361	15	7	95	0	0	0	0	0	0	0	0	0	0	0	0	0	0	
2157.157433	8	3	3	0	1	2	2	4200	96	29	129422	15	7	95	0	0	0	0	0	0	0	0	0	0	0	0	0	0	
2158.161117	8	3	3	0	1	2	2	4200	94	29	129482	15	7	95	0	0	0	0	0	0	0	0	0	0	0	0	0	0	
2159.148967	8	3	3	0	1	2	2	4200	93	29	129541	15	7	95	0	0	0	0	0	0	0	0	0	0	0	0	0	0	
2160.155517	8	3	3	0	1	2	2	4201	91	29	129601	15	7	95	0	0	0	0	0	0	0	0	0	0	0	0	0	0	
2161.159200	8	3	3	0	1	2	2	4200	89	29	129662	15	7	95	0	0	0	0	0	0	0	0	0	0	0	0	0	0	
2162.147033	8	3	3	0	1	2	2	4200	87	29	129721	15	7	95	0	0	0	0	0	0	0	0	0	0	0	0	0	0	
2163.150717	8	3	3	0	1	2	2	4200	85	29	129781	15	7	95	0	0	0	0	0	0	0	0	0	0	0	0	0	0	
2164.155833	8	3	3	0	1	2	2	4201	84	29	129841	15	7	95	0	0	0	0	0	0	0	0	0	0	0	0	0	0	
2165.162400	8	3	3	0	1	2	2	4200	81	29	129902	15	7	95	0	0	0	0	0	0	0	0	0	0	0	0	0	0	
2166.147367	8	3	3	0	1	2	2	4200	80	29	129961	15	7	95	0	0	0	0	0	0	0	0	0	0	0	0	0	0	
2167.153917	8	3	3	0	1	2	2	4200	79	29	130021	15	7	95	0	0	0	0	0	0	0	0	0	0	0	0	0	0	
2168.160483	8	3	3	0	1	2	2	4200	76	29	130082	15	7	95	0	0	0	0	0	0	0	0	0	0	0	0	0	0	
2169.145433	8	3	3	0	1	2	2	4200	76	29	130141	15	7	95	0	0	0	0	0	0	0	0	0	0	0	0	0	0	
2170.152000	8	3	3	0	1	2	2	4201	73	29	130201	15	7	95	0	0	0	0	0	0	0	0	0	0	0	0	0	0	
2171.155683	8	3	3	0	1	2	2	4201	72	29	130261	15	7	95	0	0	0	0	0	0	0	0	0	0	0	0	0	0	
2172.162233	8	3	3	0	1	2	2	4200	71	29	130322	15	7	95	0	0	0	0	0	0	0	0	0	0	0	0	0	0	
2173.147200	8	3	3	0	1	2	2	4200	70	29	130381	15	7	95	0	0	0	0	0	0	0	0	0	0	0	0	0	0	
2174.152317	8	3	3	0	1	2	2	4200	67	29	130441	15	7	95	0	0	0	0	0	0	0	0	0	0	0	0	0	0	
2174.533917	8	6	3	0	2	7	1	4146	-113	29	130464	15	8	0	0	0	0	0	0	0	0	0	0	0	0	0	0	0	
2175.160317	8	6	3	0	2	7	1	3767	-674	29	130502	15	8	0	0	0	0	0	0	0	0	0	0	0	0	0	0	0	
2176.146717	8	6	3	0	2	7	1	3756	-675	29	130561	15	8	1	0	0	0	0	0	0	0	0	0	0	0	0	0	0	
2177.151833	8	6	3	0	2	7	1	3887	-674	29	130621	15	8	2	0	0	0	0	0	0	0	0	0	0	0	0	0	0	
2178.158400	8	6	3	0	2	7	1	3896	-675	29	130681	15	8	2	0	0	0	0	0	0	0	0	0	0	0	0	0	0	
2179.162083	8	6	3	0	2	7	1	3897	-675	29	130742	15	8	3	0	0	0	0	0	0	0	0	0	0	0	0	0	0	
2180.149917	8	6	3	0	2	7	1	3892	-674	29	130801	15	8	4	0	0	0	0	0	0	0	0	0	0	0	0	0	0	
2181.153600	8	6	3	0	2	7	1	3883	-675	29	130861	15	8	5	0	0	0	0	0	0	0	0	0	0	0	0	0	0	
2182.160167	8	6	3	0	2	7	1	3874	-674	29	130922	15	8	6	0	0	0	0	0	0	0	0	0	0	0	0	0	0	
2183.145117	8	6	3	0	2	7	1	3866	-675	29	130981	15	8	7	0	0	0	0	0	0	0	0	0	0	0	0	0	0	
2184.151683	8	6	3	0	2	7	1	3858	-674	29	131041	15	8	7	0	0	0	0	0	0	0	0	0	0	0	0	0	0	
2185.156800	8	6	3	0	2	7	1	3850	-674	29	131101	15	8	8	0	0	0	0	0	0	0	0	0	0	0	0	0	0	
2186.163367	8	6	3	0	2	7	1	3842	-675	29	131162	15	8	9	0	0	0	0	0	0	0	0	0	0	0	0	0	0	
2187.148317	8	6	3	0	2	7	1	3834	-674	29	131221	15	8	10	0	0	0	0	0	0	0	0	0	0	0	0	0	0	
2188.154883	8	6	3	0	2	7	1	3826	-675	29	131281	15	8	11	0	0	0	0	0	0	0	0	0	0	0	0	0	0	
2189.158567	8	6	3	0	2	7	1	3819	-674	29	131342	15	8	11	0	0	0	0	0	0	0	0	0	0	0	0	0	0	
2190.165117	8	6	3	0	2	7	1	3811	-674	29	131402	15	8	12	0	0	0	0	0	0	0	0	0	0	0	0	0	0	
2191.150083	8	6	3	0	2	7	1	3804	-674	29	131461	15	8	13	0	0	0	0	0	0	0	0	0	0	0	0	0	0	
2192.156633	8	6	3	0	2	7	1	3797	-674	29	131521	15	8	14	0	0	0	0	0	0	0	0	0	0	0	0	0	0	
2193.161767	8	6	3	0	2	7	1	3789	-675	29	131582	15	8	15	0	0	0	0	0	0	0	0	0	0	0	0	0	0	
2194.148167	8	6	3	0	2	7	1	3782	-675	29	131641	15	8	16	0	0	0	0	0	0	0	0	0	0	0	0	0	0	
2195.153283	8	6	3	0	2	7	1	3775	-675	29	131701	15	8	16	0	0	0	0	0	0	0	0	0	0	0	0	0	0	
2196.159833	8	6	3	0	2	7	1	3768	-675	29	131761	15	8	17	0	0	0	0	0	0	0	0	0	0	0	0	0	0	
2197.163517	8	6	3	0	2	7	1	3761	-675	29	131822	15	8	18	0	0	0	0	0	0	0	0	0	0	0	0	0	0	
2198.151367	8	6	3	0	2	7	1	3755	-673	29	131881	15	8	19	0	0	0	0	0	0	0	0	0	0	0	0	0	0	
2199.155033	8	6	3	0	2	7	1	3748	-675	29	131941	15	8	20	0	0	0	0	0	0	0	0	0	0	0	0	0	0	
2200.161600	8	6	3	0	2	7	1	3741	-676	29	132002	15	8	21	0	0	0	0	0	0	0	0	0	0	0	0	0	0	
2201.146567	8	6	3	0	2	7	1	3735	-675	29	132061	15	8	21	0	0	0	0	0	0	0	0	0	0	0	0	0	0	
2202.153117	8	6	3	0	2	7	1	3729	-674	29	132121	15	8	22	0	0	0	0	0	0	0	0	0	0	0	0	0	0	
2203.158233	8	6	3	0	2	7	1	3722	-674	29	132181	15	8	23	0	0	0	0	0	0	0	0	0	0	0	0	0	0	
2204.163367	8	6	3	0	2	7	1	3716	-674	29	132242	15	8	24	0	0	0	0	0	0	0	0	0	0	0	0	0	0	
2205.149767	8	6	3	0	2	7	1	3710	-674	29	132301	15	8	25	0	0	0	0	0	0	0	0	0	0	0	0	0	0	
2206.156317	8	6	3	0	2	7	1	3704	-675	29	132361	15	8	26	0	0	0	0	0	0	0	0	0	0	0	0	0	0	
2207.160000	8	6	3	0	2	7	1	3698	-675	29	132422	15	8	26	0	0	0	0	0	0	0	0	0	0	0	0	0	0	
2208.166567	8	6	3	0	2	7	1	3691	-674	29	132482	15	8	27	0	0	0	0	0	0	0	0	0	0	0	0	0	0	
2209.151517	8	6	3	0	2	7	1	3685	-675	29	132541	15	8	28	0	0	0	0	0	0	0	0	0	0	0	0	0	0	
2210.158083	8	6	3	0	2	7	1	3680	-675	29	132601	15	8	29	0	0	0	0	0	0	0	0	0	0	0	0	0	0	
2211.163200	8	6	3	0	2	7	1	3674	-674	29	132662	15	8	30	0	0	0	0	0	0	0	0	0	0	0	0	0	0	
2212.149600	8	6	3	0	2	7	1	3668	-675	29	132721	15	8	30	0	0	0	0	0	0	0	0	0	0	0	0	0	0	
2213.154717	8	6	3	0	2	7	1	3663	-675	29	132781	15	8	31	0	0	0	0	0	0	0	0	0	0	0	0	0	0	
2214.161283	8	6	3	0	2	7	1	3657	-675	29	132841	15	8	32	0	0	0	0	0	0	0	0	0	0	0	0	0	0	
2215.164967	8	6	3	0	2	7	1	3652	-676	29	132902	15	8	33	0	0	0	0	0	0	0	0	0	0	0	0	0	0	
2216.152800	8	6	3	0	2	7	1	3647	-675	29	132961	15	8	34	0	0	0	0	0	0	0	0	0	0	0	0	0	0	
2217.156483	8	6	3	0	2	7	1	3641	-676	29	133021	15	8	35	0	0	0	0	0	0	0	0	0	0	0	0	0	0	
2218.163033	8	6	3	0	2	7	1	3637	-674	29	133082	15	8	35	0	0	0	0	0	0	0	0	0	0	0	0	0	0	
2219.148000	8	6	3	0	2	7	1	3632	-675	29	133141	15	8	36	0	0	0	0	0	0	0	0	0	0	0	0	0	0	
2220.154567	8	6	3	0	2	7	1	3627	-673	29	133201	15	8	37	0	0	0	0	0	0	0	0	0	0	0	0	0	0	
2221.159683	8	6	3	0	2	7	1	3622	-675	29	133261	15	8	38	0	0	0	0	0	0	0	0	0	0	0	0	0	0	
2222.164800	8	6	3	0	2	7	1	3617	-675	29	133322	15	8	39	0	0	0	0	0	0	0	0	0	0	0	0	0	0	
2223.152633	8	6	3	0	2	7	1	3613	-675	29	133381	15	8	40	0	0	0	0	0	0	0	0	0	0	0	0	0	0	
2224.157767	8	6	3	0	2	7	1	3608	-676	29	133441	15	8	40	0	0	0	0	0	0	0	0	0	0	0	0	0	0	
2225.161433	8	6	3	0	2	7	1	3601	-675	29	133502	15	8	41	0	0	0	0	0	0	0	0	0	0	0	0	0	0	
2226.149283	8	6	3	0	2	7	1	3597	-674	29	133561	15	8	42	0	0	0	0	0	0	0	0	0	0	0	0	0	0	
2227.152967	8	6	3	0	2	7	1	3593	-674	29	133621	15	8	43	0	0	0	0	0	0	0	0	0	0	0	0	0	0	
2228.159517	8	6	3	0	2	7	1	3588	-673	29	133681	15	8	44	0	0	0	0	0	0	0	0	0	0	0	0	0	0	
2229.164633	8	6	3	0	2	7	1	3582	-675	29	133742	15	8	44	0	0	0	0	0	0	0	0	0	0	0	0	0	0	
2230.151033	8	6	3	0	2	7	1	3578	-674	29	133801	15	8	45	0	0	0	0	0	0	0	0	0	0	0	0	0	0	
2231.157600	8	6	3	0	2	7	1	3573	-674	29	133861	15	8	46	0	0	0	0	0	0	0	0	0	0	0	0	0	0	
2232.162717	8	6	3	0	2	7	1	3566	-675	29	133921	15	8	47	0	0	0	0	0	0	0	0	0	0	0	0	0	0	
2233.166400	8	6	3	0	2	7	1	3530	-675	29	133982	15	8	48	0	0	0	0	0	0	0	0	0	0	0	0	0	0	
2234.154233	8	6	3	0	2	7	1	3508	-674	29	134041	15	8	49	0	0	0	0	0	0	0	0	0	0	0	0	0	0	
2235.157917	8	6	3	0	2	7	1	3526	-675	29	134101	15	8	49	0	0	0	0	0	0	0	0	0	0	0	0	0	0	
2236.164483	8	6	3	0	2	7	1	3516	-674	29	134162	15	8	50	0	0	0	0	0	0	0	0	0	0	0	0	0	0	
2237.149433	8	6	3	0	2	7	1	3494	-675	29	134221	15	8	51	0	0	0	0	0	0	0	0	0	0	0	0	0	0	
2238.156000	8	6	3	0	2	7	1	3447	-674	29	134281	15	8	52	0	0	0	0	0	0	0	0	0	0	0	0	0	0	
2239.162567	8	6	3	0	2	7	1	3485	-675	29	134341	15	8	53	0	0	0	0	0	0	0	0	0	0	0	0	0	0	
2240.167683	8	6	3	0	2	7	1	3482	-675	29	134402	15	8	54	0	0	0	0	0	0	0	0	0	0	0	0	0	0	
2241.152633	8	6	3	0	2	7	1	3452	-675	29	134461	15	8	54	0	0	0	0	0	0	0	0	0	0	0	0	0	0	
2242.159200	8	6	3	0	2	7	1	3464	-675	29	134521	15	8	55	0	0	0	0	0	0	0	0	0	0	0	0	0	0	
2243.162883	8	6	3	0	2	7	1	3468	-674	29	134582	15	8	56	0	0	0	0	0	0	0	0	0	0	0	0	0	0	
2244.150717	8	6	3	0	2	7	1	3425	-675	29	134641	15	8	57	0	0	0	0	0	0	0	0	0	0	0	0	0	0	
2245.161600	8	6	3	0	2	7	1	3437	-674	29	134701	15	8	58	0	0	0	0	0	0	0	0	0	0	0	0	0	0	
2246.166717	8	6	3	0	2	7	1	3456	-675	29	134762	15	8	59	0	0	0	0	0	0	0	0	0	0	0	0	0	0	
2247.153117	8	6	3	0	2	7	1	3447	-675	29	134821	15	8	59	0	0	0	0	0	0	0	0	0	0	0	0	0	0	
2248.159683	8	6	3	0	2	7	1	3420	-674	29	134881	15	8	60	0	0	0	0	0	0	0	0	0	0	0	0	0	0	
2249.163367	8	6	3	0	2	7	1	3402	-675	29	134942	15	8	61	0	0	0	0	0	0	0	0	0	0	0	0	0	0	
2250.168483	8	6	3	0	2	7	1	3430	-675	29	135002	15	8	62	0	0	0	0	0	0	0	0	0	0	0	0	0	0	
2251.154883	8	6	3	0	2	7	1	3431	-673	29	135061	15	8	63	0	0	0	0	0	0	0	0	0	0	0	0	0	0	
2252.161433	8	6	3	0	2	7	1	3435	-674	29	135121	15	8	63	0	0	0	0	0	0	0	0	0	0	0	0	0	0	
2253.166567	8	6	3	0	2	7	1	3364	-674	29	135182	15	8	64	0	0	0	0	0	0	0	0	0	0	0	0	0	0	
2254.152967	8	6	3	0	2	7	1	3391	-675	29	135241	15	8	65	0	0	0	0	0	0	0	0	0	0	0	0	0	0	
2255.158083	8	6	3	0	2	7	1	3387	-675	29	135301	15	8	66	0	0	0	0	0	0	0	0	0	0	0	0	0	0	
2256.164633	8	6	3	0	2	7	1	3375	-675	29	135361	15	8	67	0	0	0	0	0	0	0	0	0	0	0	0	0	0	
2257.168317	8	6	3	0	2	7	1	3377	-674	29	135422	15	8	68	0	0	0	0	0	0	0	0	0	0	0	0	0	0	
2258.156167	8	6	3	0	2	7	1	3322	-674	29	135481	15	8	68	0	0	0	0	0	0	0	0	0	0	0	0	0	0	
2259.159833	8	6	3	0	2	7	1	3318	-674	29	135541	15	8	69	0	0	0	0	0	0	0	0	0	0	0	0	0	0	
2260.166400	8	6	3	0	2	7	1	3338	-674	29	135602	15	8	70	0	0	0	0	0	0	0	0	0	0	0	0	0	0	
2261.151367	8	6	3	0	2	7	1	3290	-674	29	135661	15	8	71	0	0	0	0	0	0	0	0	0	0	0	0	0	0	
2262.157917	8	6	3	0	2	7	1	3280	-675	29	135721	15	8	72	0	0	0	0	0	0	0	0	0	0	0	0	0	0	
2263.163033	8	6	3	0	2	7	1	3285	-674	29	135781	15	8	72	0	0	0	0	0	0	0	0	0	0	0	0	0	0	
2264.169600	8	6	3	0	2	7	1	3266	-675	29	135842	15	8	73	0	0	0	0	0	0	0	0	0	0	0	0	0	0	
2265.154567	8	6	3	0	2	7	1	3247	-673	29	135901	15	8	74	0	0	0	0	0	0	0	0	0	0	0	0	0	0	
2266.161117	8	6	3	0	2	7	1	3186	-674	29	135961	15	8	75	0	0	0	0	0	0	0	0	0	0	0	0	0	0	
2267.164800	8	6	3	0	2	7	1	3154	-673	29	136022	15	8	76	0	0	0	0	0	0	0	0	0	0	0	0	0	0	
2268.152633	8	6	3	0	2	7	1	3111	-674	29	136081	15	8	77	0	0	0	0	0	0	0	0	0	0	0	0	0	0	
2269.157767	8	6	3	0	2	7	1	3125	-675	29	136141	15	8	77	0	0	0	0	0	0	0	0	0	0	0	0	0	0	
2270.162883	8	6	3	0	2	7	1	3119	-675	29	136201	15	8	78	0	0	0	0	0	0	0	0	0	0	0	0	0	0	
2271.168000	8	6	3	0	2	7	1	3122	-675	29	136262	15	8	79	0	0	0	0	0	0	0	0	0	0	0	0	0	0	
2272.154400	8	6	3	0	2	7	1	3127	-675	29	136321	15	8	80	0	0	0	0	0	0	0	0	0	0	0	0	0	0	
2273.159517	8	6	3	0	2	7	1	3116	-672	29	136381	15	8	81	0	0	0	0	0	0	0	0	0	0	0	0	0	0	
2274.166083	8	6	3	0	2	7	1	3108	-674	29	136442	15	8	82	0	0	0	0	0	0	0	0	0	0	0	0	0	0	
2275.171200	8	6	3	0	2	7	1	3113	-673	29	136502	15	8	82	0	0	0	0	0	0	0	0	0	0	0	0	0	0	
2276.157600	8	6	3	0	2	7	1	3139	-674	29	136561	15	8	83	0	0	0	0	0	0	0	0	0	0	0	0	0	0	
2277.162717	8	6	3	0	2	7	1	3110	-674	29	136621	15	8	84	0	0	0	0	0	0	0	0	0	0	0	0	0	0	
2278.167833	8	6	3	0	2	7	1	3069	-674	29	136682	15	8	85	0	0	0	0	0	0	0	0	0	0	0	0	0	0	
2279.154233	8	6	3	0	2	7	1	3056	-673	29	136741	15	8	86	0	0	0	0	0	0	0	0	0	0	0	0	0	0	
2280.160800	8	6	3	0	2	7	1	3041	-675	29	136801	15	8	86	0	0	0	0	0	0	0	0	0	0	0	0	0	0	
2281.164483	8	6	3	0	2	7	1	3033	-674	29	136861	15	8	87	0	0	0	0	0	0	0	0	0	0	0	0	0	0	
2282.171033	8	6	3	0	2	7	1	3040	-674	29	136922	15	8	88	0	0	0	0	0	0	0	0	0	0	0	0	0	0	
2283.156000	8	6	3	0	2	7	1	3016	-674	29	136981	15	8	89	0	0	0	0	0	0	0	0	0	0	0	0	0	0	
2284.162567	8	6	3	0	2	7	1	2992	-675	29	137041	15	8	90	0	0	0	0	0	0	0	0	0	0	0	0	0	0	
2285.167683	8	6	3	0	2	7	1	2966	-675	29	137102	15	8	91	0	0	0	0	0	0	0	0	0	0	0	0	0	0	
2286.154083	8	6	3	0	2	7	1	3008	-675	29	137161	15	8	91	0	0	0	0	0	0	0	0	0	0	0	0	0	0	
2287.159200	8	6	3	0	2	7	1	2993	-676	29	137221	15	8	92	0	0	0	0	0	0	0	0	0	0	0	0	0	0	
2288.165767	8	6	3	0	2	7	1	2936	-675	29	137281	15	8	93	0	0	0	0	0	0	0	0	0	0	0	0	0	0	
2289.169433	8	6	3	0	2	7	1	2872	-674	29	137342	15	8	94	0	0	0	0	0	0	0	0	0	0	0	0	0	0	
2290.157283	8	6	3	0	2	7	1	2820	-674	29	137401	15	8	95	0	0	0	0	0	0	0	0	0	0	0	0	0	0	
2291.047200	8	15	3	0	1	31	2	3045	37	29	137454	16	8	95	0	0	0	0	0	0	0	0	0	0	0	0	0	0	
2291.067367	8	3	3	0	1	2	2	3408	681	29	137456	17	8	95	0	0	0	0	0	0	0	0	0	0	0	0	0	0	
2291.166717	8	3	3	0	1	2	2	3476	674	29	137461	17	8	95	0	0	0	0	0	0	0	0	0	0	0	0	0	0	
2292.170400	8	3	3	0	1	2	2	3698	674	29	137522	17	8	95	0	0	0	0	0	0	0	0	0	0	0	0	0	0	
2293.158233	8	3	3	0	1	2	2	3792	674	29	137581	17	8	95	0	0	0	0	0	0	0	0	0	0	0	0	0	0	
2294.161917	8	3	3	0	1	2	2	3847	674	29	137641	17	8	95	0	0	0	0	0	0	0	0	0	0	0	0	0	0	
2295.168483	8	3	3	0	1	2	2	3903	674	29	137702	17	8	95	0	0	0	0	0	0	0	0	0	0	0	0	0	0	
2296.153433	8	3	3	0	1	2	2	3928	674	29	137761	17	8	95	0	0	0	0	0	0	0	0	0	0	0	0	0	0	
2297.160000	8	3	3	0	1	2	2	3943	675	29	137821	17	8	95	0	0	0	0	0	0	0	0	0	0	0	0	0	0	
2298.165117	8	3	3	0	1	2	2	3970	674	29	137881	17	8	95	0	0	0	0	0	0	0	0	0	0	0	0	0	0	
2299.170233	8	3	3	0	1	2	2	3957	674	29	137942	17	8	95	0	0	0	0	0	0	0	0	0	0	0	0	0	0	
2300.156633	8	3	3	0	1	2	2	3962	674	29	138001	17	8	95	0	0	0	0	0	0	0	0	0	0	0	0	0	0	
2301.163200	8	3	3	0	1	2	2	3967	675	29	138061	17	8	95	0	0	0	0	0	0	0	0	0	0	0	0	0	0	
2302.168317	8	3	3	0	1	2	2	3971	675	29	138122	17	8	95	0	0	0	0	0	0	0	0	0	0	0	0	0	0	
2303.173433	8	3	3	0	1	2	2	3975	675	29	138182	17	8	95	0	0	0	0	0	0	0	0	0	0	0	0	0	0	
2304.159833	8	3	3	0	1	2	2	3980	674	29	138241	17	8	95	0	0	0	0	0	0	0	0	0	0	0	0	0	0	
2305.164967	8	3	3	0	1	2	2	3986	675	29	138301	17	8	95	0	0	0	0	0	0	0	0	0	0	0	0	0	0	
2306.170083	8	3	3	0	1	2	2	3990	674	29	138362	17	8	95	0	0	0	0	0	0	0	0	0	0	0	0	0	0	
2307.156483	8	3	3	0	1	2	2	3995	673	29	138421	17	8	95	0	0	0	0	0	0	0	0	0	0	0	0	0	0	
2308.161600	8	3	3	0	1	2	2	4005	674	29	138481	17	8	95	0	0	0	0	0	0	0	0	0	0	0	0	0	0	
2309.168167	8	3	3	0	1	2	2	4004	675	29	138541	17	8	95	0	0	0	0	0	0	0	0	0	0	0	0	0	0	
2310.173283	8	3	3	0	1	2	2	4011	674	29	138602	17	8	95	0	0	0	0	0	0	0	0	0	0	0	0	0	0	
2311.159683	8	3	3	0	1	2	2	4017	675	29	138661	17	8	95	0	0	0	0	0	0	0	0	0	0	0	0	0	0	
2312.164800	8	3	3	0	1	2	2	4027	674	29	138721	17	8	95	0	0	0	0	0	0	0	0	0	0	0	0	0	0	
2313.169917	8	3	3	0	1	2	2	4028	674	29	138782	17	8	95	0	0	0	0	0	0	0	0	0	0	0	0	0	0	
2314.156317	8	3	3	0	1	2	2	4027	675	29	138841	17	8	95	0	0	0	0	0	0	0	0	0	0	0	0	0	0	
2315.162883	8	3	3	0	1	2	2	4031	675	29	138901	17	8	95	0	0	0	0	0	0	0	0	0	0	0	0	0	0	
2316.166567	8	3	3	0	1	2	2	4033	674	29	138961	17	8	95	0	0	0	0	0	0	0	0	0	0	0	0	0	0	
2317.173117	8	3	3	0	1	2	2	4035	675	29	139022	17	8	95	0	0	0	0	0	0	0	0	0	0	0	0	0	0	
2318.158083	8	3	3	0	1	2	2	4036	675	29	139081	17	8	95	0	0	0	0	0	0	0	0	0	0	0	0	0	0	
2319.164633	8	3	3	0	1	2	2	4039	675	29	139141	17	8	95	0	0	0	0	0	0	0	0	0	0	0	0	0	0	
2320.169767	8	3	3	0	1	2	2	4039	675	29	139202	17	8	95	0	0	0	0	0	0	0	0	0	0	0	0	0	0	
2321.156167	8	3	3	0	1	2	2	4038	675	29	139261	17	8	95	0	0	0	0	0	0	0	0	0	0	0	0	0	0	
2322.161283	8	3	3	0	1	2	2	4045	673	29	139321	17	8	95	0	0	0	0	0	0	0	0	0	0	0	0	0	0	
2323.167833	8	3	3	0	1	2	2	4045	675	29	139381	17	8	95	0	0	0	0	0	0	0	0	0	0	0	0	0	0	
2324.171517	8	3	3	0	1	2	2	4047	674	29	139442	17	8	95	0	0	0	0	0	0	0	0	0	0	0	0	0	0	
2325.159367	8	3	3	0	1	2	2	4053	674	29	139501	17	8	95	0	0	0	0	0	0	0	0	0	0	0	0	0	0	
2326.163033	8	3	3	0	1	2	2	4051	675	29	139561	17	8	95	0	0	0	0	0	0	0	0	0	0	0	0	0	0	
2327.169600	8	3	3	0	1	2	2	4054	674	29	139622	17	8	95	0	0	0	0	0	0	0	0	0	0	0	0	0	0	
2328.174717	8	3	3	0	1	2	2	4059	675	29	139682	17	8	95	0	0	0	0	0	0	0	0	0	0	0	0	0	0	
2329.161117	8	3	3	0	1	2	2	4066	675	29	139741	17	8	95	0	0	0	0	0	0	0	0	0	0	0	0	0	0	
2330.166233	8	3	3	0	1	2	2	4075	674	29	139801	17	8	95	0	0	0	0	0	0	0	0	0	0	0	0	0	0	
2331.172800	8	3	3	0	1	2	2	4084	675	29	139862	17	8	95	0	0	0	0	0	0	0	0	0	0	0	0	0	0	
2332.157767	8	3	3	0	1	2	2	4085	675	29	139921	17	8	95	0	0	0	0	0	0	0	0	0	0	0	0	0	0	
2333.164317	8	3	3	0	1	2	2	4096	675	29	139981	17	8	95	0	0	0	0	0	0	0	0	0	0	0	0	0	0	
2334.170883	8	3	3	0	1	2	2	4116	675	29	140041	17	8	95	0	0	0	0	0	0	0	0	0	0	0	0	0	0	
2335.174567	8	3	3	0	1	2	2	4109	674	29	140102	17	8	95	0	0	0	0	0	0	0	0	0	0	0	0	0	0	
2336.162400	8	3	3	0	1	2	2	4117	674	29	140161	17	8	95	0	0	0	0	0	0	0	0	0	0	0	0	0	0	
2337.166083	8	3	3	0	1	2	2	4126	667	29	140221	17	8	95	0	0	0	0	0	0	0	0	0	0	0	0	0	0	
2338.171200	8	3	3	0	1	2	2	4135	665	28	140282	17	8	95	0	0	0	0	0	0	0	0	0	0	0	0	0	0	
2339.157600	8	3	3	0	1	2	2	4148	662	28	140341	17	8	95	0	0	0	0	0	0	0	0	0	0	0	0	0	0	
2340.162717	8	3	3	0	1	2	2	4148	661	28	140401	17	8	95	0	0	0	0	0	0	0	0	0	0	0	0	0	0	
2341.169283	8	3	3	0	1	2	2	4150	659	28	140461	17	8	95	0	0	0	0	0	0	0	0	0	0	0	0	0	0	
2342.172967	8	3	3	0	1	2	2	4160	658	28	140522	17	8	95	0	0	0	0	0	0	0	0	0	0	0	0	0	0	
2343.160800	8	3	3	0	1	2	2	4172	655	28	140581	17	8	95	0	0	0	0	0	0	0	0	0	0	0	0	0	0	
2344.167367	8	3	3	0	1	2	2	4187	652	28	140641	17	8	95	0	0	0	0	0	0	0	0	0	0	0	0	0	0	
2345.171033	8	3	3	0	1	2	2	4169	654	28	140702	17	8	95	0	0	0	0	0	0	0	0	0	0	0	0	0	0	
2346.158883	8	3	3	0	1	2	2	4177	652	28	140761	17	8	95	0	0	0	0	0	0	0	0	0	0	0	0	0	0	
2347.162567	8	3	3	0	1	2	2	4188	650	28	140821	17	8	95	0	0	0	0	0	0	0	0	0	0	0	0	0	0	
2348.167683	8	3	3	0	1	2	2	4179	650	28	140881	17	8	95	0	0	0	0	0	0	0	0	0	0	0	0	0	0	
2349.174233	8	3	3	0	1	2	2	4186	648	28	140942	17	8	95	0	0	0	0	0	0	0	0	0	0	0	0	0	0	
2350.160633	8	3	3	0	1	2	2	4192	646	28	141001	17	8	95	0	0	0	0	0	0	0	0	0	0	0	0	0	0	
2351.165767	8	3	3	0	1	2	2	4194	646	28	141061	17	8	95	0	0	0	0	0	0	0	0	0	0	0	0	0	0	
2352.172317	8	3	3	0	1	2	2	4200	479	28	141121	17	8	95	0	0	0	0	0	0	0	0	0	0	0	0	0	0	
2353.176000	8	3	3	0	1	2	2	4179	645	28	141182	17	8	95	0	0	0	0	0	0	0	0	0	0	0	0	0	0	
2354.163833	8	3	3	0	1	2	2	4182	645	27	141241	17	8	95	0	0	0	0	0	0	0	0	0	0	0	0	0	0	
2355.167517	8	3	3	0	1	2	2	4192	644	28	141301	17	8	95	0	0	0	0	0	0	0	0	0	0	0	0	0	0	
2356.172633	8	3	3	0	1	2	2	4200	642	27	141362	17	8	95	0	0	0	0	0	0	0	0	0	0	0	0	0	0	
2356.610400	8	6	3	0	2	7	1	3664	-518	27	141388	17	9	0	0	0	0	0	0	0	0	0	0	0	0	0	0	0	
2357.160483	8	6	3	0	2	7	1	3579	-674	27	141421	17	9	0	0	0	0	0	0	0	0	0	0	0	0	0	0	0	
2358.167033	8	6	3	0	2	7	1	3560	-674	27	141481	17	9	1	0	0	0	0	0	0	0	0	0	0	0	0	0	0	
2359.172167	8	6	3	0	2	7	1	3548	-673	27	141542	17	9	2	0	0	0	0	0	0	0	0	0	0	0	0	0	0	
2360.178717	8	6	3	0	2	7	1	3541	-675	27	141602	17	9	2	0	0	0	0	0	0	0	0	0	0	0	0	0	0	
2361.163683	8	6	3	0	2	7	1	3534	-674	27	141661	17	9	3	0	0	0	0	0	0	0	0	0	0	0	0	0	0	
2362.170233	8	6	3	0	2	7	1	3528	-675	27	141721	17	9	4	0	0	0	0	0	0	0	0	0	0	0	0	0	0	
2363.173917	8	6	3	0	2	7	1	3526	-675	27	141782	17	9	5	0	0	0	0	0	0	0	0	0	0	0	0	0	0	
2364.161767	8	6	3	0	2	7	1	3525	-675	27	141841	17	9	6	0	0	0	0	0	0	0	0	0	0	0	0	0	0	
2365.166883	8	6	3	0	2	7	1	3522	-674	27	141901	17	9	7	0	0	0	0	0	0	0	0	0	0	0	0	0	0	
2366.172000	8	6	3	0	2	7	1	3519	-675	27	141961	17	9	7	0	0	0	0	0	0	0	0	0	0	0	0	0	0	
2367.177117	8	6	3	0	2	7	1	3517	-674	27	142022	17	9	8	0	0	0	0	0	0	0	0	0	0	0	0	0	0	
2368.163517	8	6	3	0	2	7	1	3515	-675	27	142081	17	9	9	0	0	0	0	0	0	0	0	0	0	0	0	0	0	
2369.168633	8	6	3	0	2	7	1	3512	-673	27	142141	17	9	10	0	0	0	0	0	0	0	0	0	0	0	0	0	0	
2370.175200	8	6	3	0	2	7	1	3509	-675	27	142202	17	9	11	0	0	0	0	0	0	0	0	0	0	0	0	0	0	
2371.160167	8	6	3	0	2	7	1	3505	-674	27	142261	17	9	11	0	0	0	0	0	0	0	0	0	0	0	0	0	0	
2372.166717	8	6	3	0	2	7	1	3502	-676	27	142321	17	9	12	0	0	0	0	0	0	0	0	0	0	0	0	0	0	
2373.171833	8	6	3	0	2	7	1	3499	-676	27	142381	17	9	13	0	0	0	0	0	0	0	0	0	0	0	0	0	0	
2374.176967	8	6	3	0	2	7	1	3495	-675	27	142442	17	9	14	0	0	0	0	0	0	0	0	0	0	0	0	0	0	
2375.163367	8	6	3	0	2	7	1	3492	-674	27	142501	17	9	15	0	0	0	0	0	0	0	0	0	0	0	0	0	0	
2376.168483	8	6	3	0	2	7	1	3489	-673	27	142561	17	9	16	0	0	0	0	0	0	0	0	0	0	0	0	0	0	
2377.173600	8	6	3	0	2	7	1	3487	-673	27	142622	17	9	16	0	0	0	0	0	0	0	0	0	0	0	0	0	0	
2378.161433	8	6	3	0	2	7	1	3483	-675	27	142681	17	9	17	0	0	0	0	0	0	0	0	0	0	0	0	0	0	
2379.165117	8	6	3	0	2	7	1	3480	-675	27	142741	17	9	18	0	0	0	0	0	0	0	0	0	0	0	0	0	0	
2380.171683	8	6	3	0	2	7	1	3477	-673	27	142801	17	9	19	0	0	0	0	0	0	0	0	0	0	0	0	0	0	
2381.176800	8	6	3	0	2	7	1	3475	-675	27	142862	17	9	20	0	0	0	0	0	0	0	0	0	0	0	0	0	0	
2382.163200	8	6	3	0	2	7	1	3472	-674	27	142921	17	9	21	0	0	0	0	0	0	0	0	0	0	0	0	0	0	
2383.168317	8	6	3	0	2	7	1	3471	-676	27	142981	17	9	21	0	0	0	0	0	0	0	0	0	0	0	0	0	0	
2384.174883	8	6	3	0	2	7	1	3469	-673	27	143042	17	9	22	0	0	0	0	0	0	0	0	0	0	0	0	0	0	
2385.162717	8	6	3	0	2	7	1	3469	-674	26	143101	17	9	23	0	0	0	0	0	0	0	0	0	0	0	0	0	0	
2386.167833	8	6	3	0	2	7	1	3467	-675	26	143161	17	9	24	0	0	0	0	0	0	0	0	0	0	0	0	0	0	
2387.172967	8	6	3	0	2	7	1	3465	-675	26	143221	17	9	25	0	0	0	0	0	0	0	0	0	0	0	0	0	0	
2388.178083	8	6	3	0	2	7	1	3461	-676	26	143282	17	9	26	0	0	0	0	0	0	0	0	0	0	0	0	0	0	
2389.165917	8	6	3	0	2	7	1	3459	-676	26	143341	17	9	26	0	0	0	0	0	0	0	0	0	0	0	0	0	0	
2390.169600	8	6	3	0	2	7	1	3456	-674	26	143401	17	9	27	0	0	0	0	0	0	0	0	0	0	0	0	0	0	
2391.176167	8	6	3	0	2	7	1	3453	-675	26	143462	17	9	28	0	0	0	0	0	0	0	0	0	0	0	0	0	0	
2392.161117	8	6	3	0	2	7	1	3450	-671	26	143521	17	9	29	0	0	0	0	0	0	0	0	0	0	0	0	0	0	
2393.167683	8	6	3	0	2	7	1	3446	-675	26	143581	17	9	30	0	0	0	0	0	0	0	0	0	0	0	0	0	0	
2394.172800	8	6	3	0	2	7	1	3443	-675	26	143641	17	9	30	0	0	0	0	0	0	0	0	0	0	0	0	0	0	
2395.177917	8	6	3	0	2	7	1	3439	-675	26	143702	17	9	31	0	0	0	0	0	0	0	0	0	0	0	0	0	0	
2396.164317	8	6	3	0	2	7	1	3435	-674	26	143761	17	9	32	0	0	0	0	0	0	0	0	0	0	0	0	0	0	
2397.170883	8	6	3	0	2	7	1	3432	-675	26	143821	17	9	33	0	0	0	0	0	0	0	0	0	0	0	0	0	0	
2398.174567	8	6	3	0	2	7	1	3427	-674	26	143882	17	9	34	0	0	0	0	0	0	0	0	0	0	0	0	0	0	
2399.181117	8	6	3	0	2	7	1	3423	-674	26	143942	17	9	35	0	0	0	0	0	0	0	0	0	0	0	0	0	0	
2400.166083	8	6	3	0	2	7	1	3418	-675	26	144001	17	9	35	0	0	0	0	0	0	0	0	0	0	0	0	0	0	
2401.172633	8	6	3	0	2	7	1	3414	-674	26	144061	17	9	36	0	0	0	0	0	0	0	0	0	0	0	0	0	0	
2402.177767	8	6	3	0	2	7	1	3410	-675	26	144122	17	9	37	0	0	0	0	0	0	0	0	0	0	0	0	0	0	
2403.164167	8	6	3	0	2	7	1	3407	-675	26	144181	17	9	38	0	0	0	0	0	0	0	0	0	0	0	0	0	0	
2404.169283	8	6	3	0	2	7	1	3403	-675	26	144241	17	9	39	0	0	0	0	0	0	0	0	0	0	0	0	0	0	
2405.174400	8	6	3	0	2	7	1	3399	-675	26	144301	17	9	40	0	0	0	0	0	0	0	0	0	0	0	0	0	0	
2406.179517	8	6	3	0	2	7	1	3395	-674	26	144362	17	9	40	0	0	0	0	0	0	0	0	0	0	0	0	0	0	
2407.167367	8	6	3	0	2	7	1	3391	-675	26	144421	17	9	41	0	0	0	0	0	0	0	0	0	0	0	0	0	0	
2408.171033	8	6	3	0	2	7	1	3385	-674	26	144481	17	9	42	0	0	0	0	0	0	0	0	0	0	0	0	0	0	
2409.177600	8	6	3	0	2	7	1	3380	-672	26	144542	17	9	43	0	0	0	0	0	0	0	0	0	0	0	0	0	0	
2410.162567	8	6	3	0	2	7	1	3373	-676	26	144601	17	9	44	0	0	0	0	0	0	0	0	0	0	0	0	0	0	
2411.169117	8	6	3	0	2	7	1	3365	-675	26	144661	17	9	44	0	0	0	0	0	0	0	0	0	0	0	0	0	0	
2412.174233	8	6	3	0	2	7	1	3356	-672	26	144721	17	9	45	0	0	0	0	0	0	0	0	0	0	0	0	0	0	
2413.180800	8	6	3	0	2	7	1	3344	-675	26	144782	17	9	46	0	0	0	0	0	0	0	0	0	0	0	0	0	0	
2414.165767	8	6	3	0	2	7	1	3329	-674	26	144841	17	9	47	0	0	0	0	0	0	0	0	0	0	0	0	0	0	
2415.172317	8	6	3	0	2	7	1	3310	-676	26	144901	17	9	48	0	0	0	0	0	0	0	0	0	0	0	0	0	0	
2416.176000	8	6	3	0	2	7	1	3287	-675	26	144962	17	9	49	0	0	0	0	0	0	0	0	0	0	0	0	0	0	
2417.163833	8	6	3	0	2	7	1	3260	-674	26	145021	17	9	49	0	0	0	0	0	0	0	0	0	0	0	0	0	0	
2418.168967	8	6	3	0	2	7	1	3223	-676	26	145081	17	9	50	0	0	0	0	0	0	0	0	0	0	0	0	0	0	
2419.174083	8	6	3	0	2	7	1	3169	-675	26	145141	17	9	51	0	0	0	0	0	0	0	0	0	0	0	0	0	0	
2420.179200	8	6	3	0	2	7	1	3092	-675	26	145202	17	9	52	0	0	0	0	0	0	0	0	0	0	0	0	0	0	
2421.165600	8	6	3	0	2	7	1	2978	-674	26	145261	17	9	53	0	0	0	0	0	0	0	0	0	0	0	0	0	0	
2422.170717	8	15	3	0	1	31	2	2953	66	26	145321	18	9	54	0	0	0	0	0	0	0	0	0	0	0	0	0	0	
2422.195200	8	4	3	0	1	3	2	2972	66	26	145323	18	9	54	0	0	0	0	0	0	0	0	0	0	0	0	0	0	
2422.271517	8	3	3	0	1	2	2	3111	297	26	145327	19	9	54	0	0	0	0	0	0	0	0	0	0	0	0	0	0	
2423.180167	8	3	3	0	1	2	2	3571	674	26	145382	19	9	54	0	0	0	0	0	0	0	0	0	0	0	0	0	0	
2424.166567	8	3	3	0	1	2	2	3694	674	26	145441	19	9	54	0	0	0	0	0	0	0	0	0	0	0	0	0	0	
2425.171683	8	3	3	0	1	2	2	3774	674	26	145501	19	9	54	0	0	0	0	0	0	0	0	0	0	0	0	0	0	
2426.178233	8	3	3	0	1	2	2	3832	674	26	145562	19	9	54	0	0	0	0	0	0	0	0	0	0	0	0	0	0	
2427.163200	8	3	3	0	1	2	2	3876	674	26	145621	19	9	54	0	0	0	0	0	0	0	0	0	0	0	0	0	0	
2428.169767	8	3	3	0	1	2	2	3910	676	26	145681	19	9	54	0	0	0	0	0	0	0	0	0	0	0	0	0	0	
2429.174883	8	3	3	0	1	2	2	3928	675	26	145741	19	9	54	0	0	0	0	0	0	0	0	0	0	0	0	0	0	
2430.180000	8	3	3	0	1	2	2	3935	675	26	145802	19	9	54	0	0	0	0	0	0	0	0	0	0	0	0	0	0	
2431.166400	8	3	3	0	1	2	2	3940	675	26	145861	19	9	54	0	0	0	0	0	0	0	0	0	0	0	0	0	0	
2432.172967	8	3	3	0	1	2	2	3946	674	26	145921	19	9	54	0	0	0	0	0	0	0	0	0	0	0	0	0	0	
2433.176633	8	3	3	0	1	2	2	3951	675	25	145981	19	9	54	0	0	0	0	0	0	0	0	0	0	0	0	0	0	
2434.183200	8	3	3	0	1	2	2	3955	675	26	146042	19	9	54	0	0	0	0	0	0	0	0	0	0	0	0	0	0	
2435.169600	8	3	3	0	1	2	2	3960	674	26	146101	19	9	54	0	0	0	0	0	0	0	0	0	0	0	0	0	0	
2436.174717	8	3	3	0	1	2	2	3965	674	26	146161	19	9	54	0	0	0	0	0	0	0	0	0	0	0	0	0	0	
2437.179833	8	3	3	0	1	2	2	3972	674	25	146222	19	9	54	0	0	0	0	0	0	0	0	0	0	0	0	0	0	
2438.166233	8	3	3	0	1	2	2	3978	674	25	146281	19	9	54	0	0	0	0	0	0	0	0	0	0	0	0	0	0	
2439.171367	8	3	3	0	1	2	2	3983	674	25	146341	19	9	54	0	0	0	0	0	0	0	0	0	0	0	0	0	0	
2440.177917	8	3	3	0	1	2	2	3988	674	25	146401	19	9	54	0	0	0	0	0	0	0	0	0	0	0	0	0	0	
2441.181600	8	3	3	0	1	2	2	3993	675	25	146462	19	9	54	0	0	0	0	0	0	0	0	0	0	0	0	0	0	
2442.169433	8	3	3	0	1	2	2	3998	674	25	146521	19	9	54	0	0	0	0	0	0	0	0	0	0	0	0	0	0	
2443.174567	8	3	3	0	1	2	2	4004	675	25	146581	19	9	54	0	0	0	0	0	0	0	0	0	0	0	0	0	0	
2444.179683	8	3	3	0	1	2	2	4009	675	25	146642	19	9	54	0	0	0	0	0	0	0	0	0	0	0	0	0	0	
2445.167517	8	3	3	0	1	2	2	4013	675	25	146701	19	9	54	0	0	0	0	0	0	0	0	0	0	0	0	0	0	
2446.172633	8	3	3	0	1	2	2	4017	675	25	146761	19	9	54	0	0	0	0	0	0	0	0	0	0	0	0	0	0	
2447.176317	8	3	3	0	1	2	2	4020	675	25	146821	19	9	54	0	0	0	0	0	0	0	0	0	0	0	0	0	0	
2448.182883	8	3	3	0	1	2	2	4023	674	25	146882	19	9	54	0	0	0	0	0	0	0	0	0	0	0	0	0	0	
2449.169283	8	3	3	0	1	2	2	4025	675	25	146941	19	9	54	0	0	0	0	0	0	0	0	0	0	0	0	0	0	
2450.174400	8	3	3	0	1	2	2	4029	674	25	147001	19	9	54	0	0	0	0	0	0	0	0	0	0	0	0	0	0	
2451.179517	8	3	3	0	1	2	2	4030	675	25	147062	19	9	54	0	0	0	0	0	0	0	0	0	0	0	0	0	0	
2452.165917	8	3	3	0	1	2	2	4032	674	25	147121	19	9	54	0	0	0	0	0	0	0	0	0	0	0	0	0	0	
2453.172483	8	3	3	0	1	2	2	4034	675	25	147181	19	9	54	0	0	0	0	0	0	0	0	0	0	0	0	0	0	
2454.177600	8	3	3	0	1	2	2	4035	674	25	147241	19	9	54	0	0	0	0	0	0	0	0	0	0	0	0	0	0	
2455.181283	8	3	3	0	1	2	2	4038	674	25	147302	19	9	54	0	0	0	0	0	0	0	0	0	0	0	0	0	0	
2456.169117	8	3	3	0	1	2	2	4040	675	25	147361	19	9	54	0	0	0	0	0	0	0	0	0	0	0	0	0	0	
2457.175683	8	3	3	0	1	2	2	4042	675	25	147421	19	9	54	0	0	0	0	0	0	0	0	0	0	0	0	0	0	
2458.179367	8	3	3	0	1	2	2	4043	674	25	147482	19	9	54	0	0	0	0	0	0	0	0	0	0	0	0	0	0	
2459.184483	8	3	3	0	1	2	2	4046	675	25	147542	19	9	54	0	0	0	0	0	0	0	0	0	0	0	0	0	0	
2460.170883	8	3	3	0	1	2	2	4049	675	25	147601	19	9	54	0	0	0	0	0	0	0	0	0	0	0	0	0	0	
2461.176000	8	3	3	0	1	2	2	4051	675	25	147661	19	9	54	0	0	0	0	0	0	0	0	0	0	0	0	0	0	
2462.182567	8	3	3	0	1	2	2	4053	674	25	147722	19	9	54	0	0	0	0	0	0	0	0	0	0	0	0	0	0	
2463.168967	8	3	3	0	1	2	2	4055	675	25	147781	19	9	54	0	0	0	0	0	0	0	0	0	0	0	0	0	0	
2464.174083	8	3	3	0	1	2	2	4058	675	25	147841	19	9	54	0	0	0	0	0	0	0	0	0	0	0	0	0	0	
2465.180633	8	3	3	0	1	2	2	4060	674	25	147901	19	9	54	0	0	0	0	0	0	0	0	0	0	0	0	0	0	
2466.184317	8	3	3	0	1	2	2	4062	674	25	147962	19	9	54	0	0	0	0	0	0	0	0	0	0	0	0	0	0	
2467.172167	8	3	3	0	1	2	2	4065	675	25	148021	19	9	54	0	0	0	0	0	0	0	0	0	0	0	0	0	0	
2468.177283	8	3	3	0	1	2	2	4067	675	25	148081	19	9	54	0	0	0	0	0	0	0	0	0	0	0	0	0	0	
2469.180967	8	3	3	0	1	2	2	4069	674	25	148142	19	9	54	0	0	0	0	0	0	0	0	0	0	0	0	0	0	
2470.168800	8	3	3	0	1	2	2	4072	674	25	148201	19	9	54	0	0	0	0	0	0	0	0	0	0	0	0	0	0	
2471.175367	8	3	3	0	1	2	2	4075	674	25	148261	19	9	54	0	0	0	0	0	0	0	0	0	0	0	0	0	0	
2472.179033	8	3	3	0	1	2	2	4077	676	25	148321	19	9	54	0	0	0	0	0	0	0	0	0	0	0	0	0	0	
2473.185600	8	3	3	0	1	2	2	4080	674	25	148382	19	9	54	0	0	0	0	0	0	0	0	0	0	0	0	0	0	
2474.170567	8	3	3	0	1	2	2	4083	675	25	148441	19	9	54	0	0	0	0	0	0	0	0	0	0	0	0	0	0	
2475.177117	8	3	3	0	1	2	2	4086	675	25	148501	19	9	54	0	0	0	0	0	0	0	0	0	0	0	0	0	0	
2476.182233	8	3	3	0	1	2	2	4088	674	25	148562	19	9	54	0	0	0	0	0	0	0	0	0	0	0	0	0	0	
2477.168633	8	3	3	0	1	2	2	4091	674	25	148621	19	9	54	0	0	0	0	0	0	0	0	0	0	0	0	0	0	
2478.173767	8	3	3	0	1	2	2	4094	674	25	148681	19	9	54	0	0	0	0	0	0	0	0	0	0	0	0	0	0	
2479.180317	8	3	3	0	1	2	2	4097	675	25	148741	19	9	54	0	0	0	0	0	0	0	0	0	0	0	0	0	0	
2480.185433	8	3	3	0	1	2	2	4100	675	25	148802	19	9	54	0	0	0	0	0	0	0	0	0	0	0	0	0	0	
2481.171833	8	3	3	0	1	2	2	4104	674	25	148861	19	9	54	0	0	0	0	0	0	0	0	0	0	0	0	0	0	
2482.176967	8	3	3	0	1	2	2	4107	675	25	148921	19	9	54	0	0	0	0	0	0	0	0	0	0	0	0	0	0	
2483.182083	8	3	3	0	1	2	2	4110	675	25	148982	19	9	54	0	0	0	0	0	0	0	0	0	0	0	0	0	0	
2484.168483	8	3	3	0	1	2	2	4114	674	25	149041	19	9	54	0	0	0	0	0	0	0	0	0	0	0	0	0	0	
2485.175033	8	3	3	0	1	2	2	4117	674	25	149101	19	9	54	0	0	0	0	0	0	0	0	0	0	0	0	0	0	
2486.178717	8	3	3	0	1	2	2	4118	670	25	149161	19	9	54	0	0	0	0	0	0	0	0	0	0	0	0	0	0	
2487.185283	8	3	3	0	1	2	2	4121	668	25	149222	19	9	54	0	0	0	0	0	0	0	0	0	0	0	0	0	0	
2488.170233	8	3	3	0	1	2	2	4125	667	25	149281	19	9	54	0	0	0	0	0	0	0	0	0	0	0	0	0	0	
2489.176800	8	3	3	0	1	2	2	4128	667	25	149341	19	9	54	0	0	0	0	0	0	0	0	0	0	0	0	0	0	
2490.181917	8	3	3	0	1	2	2	4132	666	25	149402	19	9	54	0	0	0	0	0	0	0	0	0	0	0	0	0	0	
2491.188483	8	3	3	0	1	2	2	4135	666	25	149462	19	9	54	0	0	0	0	0	0	0	0	0	0	0	0	0	0	
2492.173433	8	3	3	0	1	2	2	4139	665	25	149521	19	9	54	0	0	0	0	0	0	0	0	0	0	0	0	0	0	
2493.180000	8	3	3	0	1	2	2	4143	665	25	149581	19	9	54	0	0	0	0	0	0	0	0	0	0	0	0	0	0	
2494.185117	8	3	3	0	1	2	2	4150	664	25	149642	19	9	54	0	0	0	0	0	0	0	0	0	0	0	0	0	0	
2495.171517	8	3	3	0	1	2	2	4153	663	25	149701	19	9	54	0	0	0	0	0	0	0	0	0	0	0	0	0	0	
2496.182400	8	3	3	0	1	2	2	4157	663	25	149761	19	9	54	0	0	0	0	0	0	0	0	0	0	0	0	0	0	
2497.186083	8	3	3	0	1	2	2	4162	665	25	149822	19	9	54	0	0	0	0	0	0	0	0	0	0	0	0	0	0	
2498.173917	8	3	3	0	1	2	2	4168	667	25	149881	19	9	54	0	0	0	0	0	0	0	0	0	0	0	0	0	0	
2499.180483	8	3	3	0	1	2	2	4172	667	25	149941	19	9	54	0	0	0	0	0	0	0	0	0	0	0	0	0	0	
2500.184167	8	3	3	0	1	2	2	4176	667	25	150002	19	9	54	0	0	0	0	0	0	0	0	0	0	0	0	0	0	
2501.172000	8	3	3	0	1	2	2	4181	666	25	150061	19	9	54	0	0	0	0	0	0	0	0	0	0	0	0	0	0	
2502.177117	8	3	3	0	1	2	2	4185	666	25	150121	19	9	54	0	0	0	0	0	0	0	0	0	0	0	0	0	0	
2503.180800	8	3	3	0	1	2	2	4190	666	25	150181	19	9	54	0	0	0	0	0	0	0	0	0	0	0	0	0	0	
2504.187367	8	3	3	0	1	2	2	4195	665	25	150242	19	9	54	0	0	0	0	0	0	0	0	0	0	0	0	0	0	
2505.173767	8	3	3	0	1	2	2	4199	664	25	150301	19	9	54	0	0	0	0	0	0	0	0	0	0	0	0	0	0	
2506.178883	8	3	3	0	1	2	2	4200	656	25	150361	19	9	54	0	0	0	0	0	0	0	0	0	0	0	0	0	0	
2507.185433	8	3	3	0	1	2	2	4200	645	25	150422	19	9	54	0	0	0	0	0	0	0	0	0	0	0	0	0	0	
2508.170400	8	3	3	0	1	2	2	4200	633	25	150481	19	9	54	0	0	0	0	0	0	0	0	0	0	0	0	0	0	
2509.176967	8	3	3	0	1	2	2	4200	623	25	150541	19	9	54	0	0	0	0	0	0	0	0	0	0	0	0	0	0	
2510.182083	8	3	3	0	1	2	2	4200	614	25	150601	19	9	54	0	0	0	0	0	0	0	0	0	0	0	0	0	0	
2511.188633	8	3	3	0	1	2	2	4200	602	25	150662	19	9	54	0	0	0	0	0	0	0	0	0	0	0	0	0	0	
2512.173600	8	3	3	0	1	2	2	4200	592	25	150721	19	9	54	0	0	0	0	0	0	0	0	0	0	0	0	0	0	
2513.180167	8	3	3	0	1	2	2	4200	582	25	150781	19	9	54	0	0	0	0	0	0	0	0	0	0	0	0	0	0	
2514.185283	8	3	3	0	1	2	2	4200	570	25	150842	19	9	54	0	0	0	0	0	0	0	0	0	0	0	0	0	0	
2515.171683	8	3	3	0	1	2	2	4200	560	25	150901	19	9	54	0	0	0	0	0	0	0	0	0	0	0	0	0	0	
2516.176800	8	3	3	0	1	2	2	4200	549	25	150961	19	9	54	0	0	0	0	0	0	0	0	0	0	0	0	0	0	
2517.183367	8	3	3	0	1	2	2	4200	539	25	151021	19	9	54	0	0	0	0	0	0	0	0	0	0	0	0	0	0	
2518.187033	8	3	3	0	1	2	2	4200	527	25	151082	19	9	54	0	0	0	0	0	0	0	0	0	0	0	0	0	0	
2519.174883	8	3	3	0	1	2	2	4200	514	25	151141	19	9	54	0	0	0	0	0	0	0	0	0	0	0	0	0	0	
2520.178567	8	3	3	0	1	2	2	4200	497	25	151201	19	9	54	0	0	0	0	0	0	0	0	0	0	0	0	0	0	
2521.185117	8	3	3	0	1	2	2	4200	483	25	151262	19	9	54	0	0	0	0	0	0	0	0	0	0	0	0	0	0	
2522.190233	8	3	3	0	1	2	2	4200	473	25	151322	19	9	54	0	0	0	0	0	0	0	0	0	0	0	0	0	0	
2523.176633	8	3	3	0	1	2	2	4200	462	25	151381	19	9	54	0	0	0	0	0	0	0	0	0	0	0	0	0	0	
2524.181767	8	3	3	0	1	2	2	4200	451	25	151441	19	9	54	0	0	0	0	0	0	0	0	0	0	0	0	0	0	
2525.188317	8	3	3	0	1	2	2	4200	440	25	151502	19	9	54	0	0	0	0	0	0	0	0	0	0	0	0	0	0	
2526.173283	8	3	3	0	1	2	2	4200	429	25	151561	19	9	54	0	0	0	0	0	0	0	0	0	0	0	0	0	0	
2527.179833	8	3	3	0	1	2	2	4201	415	25	151621	19	9	54	0	0	0	0	0	0	0	0	0	0	0	0	0	0	
2528.184967	8	3	3	0	1	2	2	4200	405	25	151681	19	9	54	0	0	0	0	0	0	0	0	0	0	0	0	0	0	
2529.190083	8	3	3	0	1	2	2	4200	394	25	151742	19	9	54	0	0	0	0	0	0	0	0	0	0	0	0	0	0	
2530.176483	8	3	3	0	1	2	2	4200	385	25	151801	19	9	54	0	0	0	0	0	0	0	0	0	0	0	0	0	0	
2531.181600	8	3	3	0	1	2	2	4200	375	25	151861	19	9	54	0	0	0	0	0	0	0	0	0	0	0	0	0	0	
2532.186717	8	3	3	0	1	2	2	4200	365	25	151922	19	9	54	0	0	0	0	0	0	0	0	0	0	0	0	0	0	
2533.173117	8	3	3	0	1	2	2	4200	355	25	151981	19	9	54	0	0	0	0	0	0	0	0	0	0	0	0	0	0	
2534.178233	8	3	3	0	1	2	2	4200	345	25	152041	19	9	54	0	0	0	0	0	0	0	0	0	0	0	0	0	0	
2535.184800	8	3	3	0	1	2	2	4200	334	24	152101	19	9	54	0	0	0	0	0	0	0	0	0	0	0	0	0	0	
2536.188483	8	3	3	0	1	2	2	4200	324	25	152162	19	9	54	0	0	0	0	0	0	0	0	0	0	0	0	0	0	
2537.176317	8	3	3	0	1	2	2	4200	315	25	152221	19	9	54	0	0	0	0	0	0	0	0	0	0	0	0	0	0	
2538.181433	8	3	3	0	1	2	2	4200	307	24	152281	19	9	54	0	0	0	0	0	0	0	0	0	0	0	0	0	0	
2539.188000	8	3	3	0	1	2	2	4200	298	24	152342	19	9	54	0	0	0	0	0	0	0	0	0	0	0	0	0	0	
2540.172967	8	3	3	0	1	2	2	4200	290	24	152401	19	9	54	0	0	0	0	0	0	0	0	0	0	0	0	0	0	
2541.179517	8	3	3	0	1	2	2	4200	281	25	152461	19	9	54	0	0	0	0	0	0	0	0	0	0	0	0	0	0	
2542.183200	8	3	3	0	1	2	2	4200	274	24	152521	19	9	54	0	0	0	0	0	0	0	0	0	0	0	0	0	0	
2543.189767	8	3	3	0	1	2	2	4200	266	25	152582	19	9	54	0	0	0	0	0	0	0	0	0	0	0	0	0	0	
2544.177600	8	3	3	0	1	2	2	4200	257	25	152641	19	9	54	0	0	0	0	0	0	0	0	0	0	0	0	0	0	
2545.181283	8	3	3	0	1	2	2	4200	250	24	152701	19	9	54	0	0	0	0	0	0	0	0	0	0	0	0	0	0	
2546.186400	8	3	3	0	1	2	2	4200	242	24	152762	19	9	54	0	0	0	0	0	0	0	0	0	0	0	0	0	0	
2547.172800	8	3	3	0	1	2	2	4200	236	24	152821	19	9	54	0	0	0	0	0	0	0	0	0	0	0	0	0	0	
2548.177917	8	3	3	0	1	2	2	4200	229	24	152881	19	9	54	0	0	0	0	0	0	0	0	0	0	0	0	0	0	
2549.184483	8	3	3	0	1	2	2	4200	222	24	152941	19	9	54	0	0	0	0	0	0	0	0	0	0	0	0	0	0	
2550.189600	8	3	3	0	1	2	2	4200	216	24	153002	19	9	54	0	0	0	0	0	0	0	0	0	0	0	0	0	0	
2551.176000	8	3	3	0	1	2	2	4200	210	24	153061	19	9	54	0	0	0	0	0	0	0	0	0	0	0	0	0	0	
2552.182567	8	3	3	0	1	2	2	4200	203	24	153121	19	9	54	0	0	0	0	0	0	0	0	0	0	0	0	0	0	
2553.187683	8	3	3	0	1	2	2	4200	197	24	153181	19	9	54	0	0	0	0	0	0	0	0	0	0	0	0	0	0	
2554.191367	8	3	3	0	1	2	2	4200	190	24	153242	19	9	54	0	0	0	0	0	0	0	0	0	0	0	0	0	0	
2555.179200	8	3	3	0	1	2	2	4200	186	24	153301	19	9	54	0	0	0	0	0	0	0	0	0	0	0	0	0	0	
2556.182883	8	3	3	0	1	2	2	4200	180	25	153361	19	9	54	0	0	0	0	0	0	0	0	0	0	0	0	0	0	
2557.189433	8	3	3	0	1	2	2	4200	176	24	153422	19	9	54	0	0	0	0	0	0	0	0	0	0	0	0	0	0	
2558.175833	8	3	3	0	1	2	2	4200	171	24	153481	19	9	54	0	0	0	0	0	0	0	0	0	0	0	0	0	0	
2559.180967	8	3	3	0	1	2	2	4200	166	24	153541	19	9	54	0	0	0	0	0	0	0	0	0	0	0	0	0	0	
2560.187517	8	3	3	0	1	2	2	4200	161	24	153601	19	9	54	0	0	0	0	0	0	0	0	0	0	0	0	0	0	
2561.192633	8	3	3	0	1	2	2	4200	157	24	153662	19	9	54	0	0	0	0	0	0	0	0	0	0	0	0	0	0	
2562.179033	8	3	3	0	1	2	2	4200	152	24	153721	19	9	54	0	0	0	0	0	0	0	0	0	0	0	0	0	0	
2563.184167	8	3	3	0	1	2	2	4201	147	24	153781	19	9	54	0	0	0	0	0	0	0	0	0	0	0	0	0	0	
2564.190717	8	3	3	0	1	2	2	4200	143	24	153842	19	9	54	0	0	0	0	0	0	0	0	0	0	0	0	0	0	
2565.175683	8	3	3	0	1	2	2	4200	138	24	153901	19	9	54	0	0	0	0	0	0	0	0	0	0	0	0	0	0	
2566.182233	8	3	3	0	1	2	2	4200	134	24	153961	19	9	54	0	0	0	0	0	0	0	0	0	0	0	0	0	0	
2567.185917	8	3	3	0	1	2	2	4200	130	24	154021	19	9	54	0	0	0	0	0	0	0	0	0	0	0	0	0	0	
2568.192483	8	3	3	0	1	2	2	4200	126	24	154082	19	9	54	0	0	0	0	0	0	0	0	0	0	0	0	0	0	
2569.177433	8	3	3	0	1	2	2	4200	122	24	154141	19	9	54	0	0	0	0	0	0	0	0	0	0	0	0	0	0	
2570.184000	8	3	3	0	1	2	2	4200	119	24	154201	19	9	54	0	0	0	0	0	0	0	0	0	0	0	0	0	0	
2571.189117	8	3	3	0	1	2	2	4200	115	24	154262	19	9	54	0	0	0	0	0	0	0	0	0	0	0	0	0	0	
2572.175517	8	3	3	0	1	2	2	4200	112	24	154321	19	9	54	0	0	0	0	0	0	0	0	0	0	0	0	0	0	
2573.180633	8	3	3	0	1	2	2	4200	108	24	154381	19	9	54	0	0	0	0	0	0	0	0	0	0	0	0	0	0	
2574.187200	8	3	3	0	1	2	2	4200	105	24	154441	19	9	54	0	0	0	0	0	0	0	0	0	0	0	0	0	0	
2575.192317	8	3	3	0	1	2	2	4200	102	24	154502	19	9	54	0	0	0	0	0	0	0	0	0	0	0	0	0	0	
2576.178717	8	3	3	0	1	2	2	4200	99	24	154561	19	9	54	0	0	0	0	0	0	0	0	0	0	0	0	0	0	
2577.183833	8	3	3	0	1	2	2	4200	97	24	154621	19	9	54	0	0	0	0	0	0	0	0	0	0	0	0	0	0	
2578.188967	8	3	3	0	1	2	2	4200	93	24	154682	19	9	54	0	0	0	0	0	0	0	0	0	0	0	0	0	0	
2579.194083	8	3	3	0	1	2	2	4200	90	24	154742	19	9	54	0	0	0	0	0	0	0	0	0	0	0	0	0	0	
2580.181917	8	3	3	0	1	2	2	4200	88	24	154801	19	9	54	0	0	0	0	0	0	0	0	0	0	0	0	0	0	
2581.185600	8	3	3	0	1	2	2	4200	84	24	154861	19	9	54	0	0	0	0	0	0	0	0	0	0	0	0	0	0	
2582.192167	8	3	3	0	1	2	2	4200	82	24	154922	19	9	54	0	0	0	0	0	0	0	0	0	0	0	0	0	0	
2583.177117	8	3	3	0	1	2	2	4200	80	24	154981	19	9	54	0	0	0	0	0	0	0	0	0	0	0	0	0	0	
2584.183683	8	3	3	0	1	2	2	4200	77	24	155041	19	9	54	0	0	0	0	0	0	0	0	0	0	0	0	0	0	
2585.188800	8	3	3	0	1	2	2	4201	75	24	155101	19	9	54	0	0	0	0	0	0	0	0	0	0	0	0	0	0	
2586.195367	8	3	3	0	1	2	2	4200	73	24	155162	19	9	54	0	0	0	0	0	0	0	0	0	0	0	0	0	0	
2587.180317	8	3	3	0	1	2	2	4200	72	24	155221	19	9	54	0	0	0	0	0	0	0	0	0	0	0	0	0	0	
2588.186883	8	3	3	0	1	2	2	4200	69	24	155281	19	9	54	0	0	0	0	0	0	0	0	0	0	0	0	0	0	
2589.192000	8	3	3	0	1	2	2	4200	66	24	155342	19	9	54	0	0	0	0	0	0	0	0	0	0	0	0	0	0	
2589.215033	8	6	3	0	2	7	1	3946	-675	24	155343	19	10	0	0	0	0	0	0	0	0	0	0	0	0	0	0	0	
2590.179833	8	6	3	0	2	7	1	3954	-674	24	155401	19	10	0	0	0	0	0	0	0	0	0	0	0	0	0	0	0	
2591.186400	8	6	3	0	2	7	1	3937	-673	24	155461	19	10	1	0	0	0	0	0	0	0	0	0	0	0	0	0	0	
2592.191517	8	6	3	0	2	7	1	3927	-674	24	155522	19	10	2	0	0	0	0	0	0	0	0	0	0	0	0	0	0	
2593.177917	8	6	3	0	2	7	1	3917	-673	24	155581	19	10	3	0	0	0	0	0	0	0	0	0	0	0	0	0	0	
2594.183033	8	6	3	0	2	7	1	3908	-675	24	155641	19	10	4	0	0	0	0	0	0	0	0	0	0	0	0	0	0	
2595.189600	8	6	3	0	2	7	1	3900	-675	24	155701	19	10	4	0	0	0	0	0	0	0	0	0	0	0	0	0	0	
2596.193283	8	6	3	0	2	7	1	3891	-675	24	155762	19	10	5	0	0	0	0	0	0	0	0	0	0	0	0	0	0	
2597.181117	8	6	3	0	2	7	1	3882	-674	24	155821	19	10	6	0	0	0	0	0	0	0	0	0	0	0	0	0	0	
2598.184800	8	6	3	0	2	7	1	3873	-678	24	155881	19	10	7	0	0	0	0	0	0	0	0	0	0	0	0	0	0	
2599.191367	8	6	3	0	2	7	1	3839	-672	24	155942	19	10	8	0	0	0	0	0	0	0	0	0	0	0	0	0	0	
2600.196483	8	6	3	0	2	7	1	3830	-677	24	156002	19	10	8	0	0	0	0	0	0	0	0	0	0	0	0	0	0	
2601.182883	8	6	3	0	2	7	1	3807	-672	24	156061	19	10	9	0	0	0	0	0	0	0	0	0	0	0	0	0	0	
2602.188000	8	6	3	0	2	7	1	3773	-675	24	156121	19	10	10	0	0	0	0	0	0	0	0	0	0	0	0	0	0	
2603.194567	8	6	3	0	2	7	1	3755	-673	24	156182	19	10	11	0	0	0	0	0	0	0	0	0	0	0	0	0	0	
2604.179517	8	6	3	0	2	7	1	3747	-674	24	156241	19	10	12	0	0	0	0	0	0	0	0	0	0	0	0	0	0	
2605.186083	8	6	3	0	2	7	1	3754	-674	24	156301	19	10	13	0	0	0	0	0	0	0	0	0	0	0	0	0	0	
2606.189767	8	6	3	0	2	7	1	3748	-675	24	156361	19	10	13	0	0	0	0	0	0	0	0	0	0	0	0	0	0	
2607.196317	8	6	3	0	2	7	1	3743	-675	24	156422	19	10	14	0	0	0	0	0	0	0	0	0	0	0	0	0	0	
2608.182717	8	6	3	0	2	7	1	3750	-676	24	156481	19	10	15	0	0	0	0	0	0	0	0	0	0	0	0	0	0	
2609.187833	8	6	3	0	2	7	1	3743	-675	24	156541	19	10	16	0	0	0	0	0	0	0	0	0	0	0	0	0	0	
2610.192967	8	6	3	0	2	7	1	3737	-674	24	156602	19	10	17	0	0	0	0	0	0	0	0	0	0	0	0	0	0	
2611.182233	8	6	3	0	2	7	1	3712	-675	24	156661	19	10	18	0	0	0	0	0	0	0	0	0	0	0	0	0	0	
2612.188800	8	6	3	0	2	7	1	3704	-675	24	156721	19	10	18	0	0	0	0	0	0	0	0	0	0	0	0	0	0	
2613.193917	8	6	3	0	2	7	1	3697	-674	24	156782	19	10	19	0	0	0	0	0	0	0	0	0	0	0	0	0	0	
2614.178883	8	6	3	0	2	7	1	3689	-674	24	156841	19	10	20	0	0	0	0	0	0	0	0	0	0	0	0	0	0	
2615.185433	8	6	3	0	2	7	1	3678	-674	24	156901	19	10	21	0	0	0	0	0	0	0	0	0	0	0	0	0	0	
2616.190567	8	6	3	0	2	7	1	3676	-673	24	156961	19	10	22	0	0	0	0	0	0	0	0	0	0	0	0	0	0	
2617.195683	8	6	3	0	2	7	1	3668	-676	24	157022	19	10	22	0	0	0	0	0	0	0	0	0	0	0	0	0	0	
2618.183517	8	6	3	0	2	7	1	3662	-676	25	157081	19	10	23	0	0	0	0	0	0	0	0	0	0	0	0	0	0	
2619.187200	8	6	3	0	2	7	1	3656	-674	24	157141	19	10	24	0	0	0	0	0	0	0	0	0	0	0	0	0	0	
2620.193767	8	6	3	0	2	7	1	3652	-674	25	157202	19	10	25	0	0	0	0	0	0	0	0	0	0	0	0	0	0	
2621.180167	8	6	3	0	2	7	1	3653	-675	24	157261	19	10	26	0	0	0	0	0	0	0	0	0	0	0	0	0	0	
2622.183833	8	6	3	0	2	7	1	3732	-674	25	157321	19	10	27	0	0	0	0	0	0	0	0	0	0	0	0	0	0	
2623.190400	8	6	3	0	2	7	1	3759	-673	25	157381	19	10	27	0	0	0	0	0	0	0	0	0	0	0	0	0	0	
2624.195517	8	6	3	0	2	7	1	3754	-674	24	157442	19	10	28	0	0	0	0	0	0	0	0	0	0	0	0	0	0	
2625.181917	8	6	3	0	2	7	1	3749	-675	25	157501	19	10	29	0	0	0	0	0	0	0	0	0	0	0	0	0	0	
2626.188483	8	6	3	0	2	7	1	3745	-674	25	157561	19	10	30	0	0	0	0	0	0	0	0	0	0	0	0	0	0	
2627.193600	8	6	3	0	2	7	1	3741	-675	25	157622	19	10	31	0	0	0	0	0	0	0	0	0	0	0	0	0	0	
2628.198717	8	6	3	0	2	7	1	3736	-674	25	157682	19	10	32	0	0	0	0	0	0	0	0	0	0	0	0	0	0	
2629.185117	8	6	3	0	2	7	1	3732	-675	25	157741	19	10	32	0	0	0	0	0	0	0	0	0	0	0	0	0	0	
2630.190233	8	6	3	0	2	7	1	3727	-675	25	157801	19	10	33	0	0	0	0	0	0	0	0	0	0	0	0	0	0	
2631.195367	8	6	3	0	2	7	1	3722	-676	25	157862	19	10	34	0	0	0	0	0	0	0	0	0	0	0	0	0	0	
2632.183200	8	6	3	0	2	7	1	3717	-674	25	157921	19	10	35	0	0	0	0	0	0	0	0	0	0	0	0	0	0	
2633.186883	8	6	3	0	2	7	1	3712	-674	25	157981	19	10	36	0	0	0	0	0	0	0	0	0	0	0	0	0	0	
2634.193433	8	6	3	0	2	7	1	3707	-674	25	158041	19	10	36	0	0	0	0	0	0	0	0	0	0	0	0	0	0	
2635.198567	8	6	3	0	2	7	1	3703	-673	25	158102	19	10	37	0	0	0	0	0	0	0	0	0	0	0	0	0	0	
2636.184967	8	6	3	0	2	7	1	3698	-672	25	158161	19	10	38	0	0	0	0	0	0	0	0	0	0	0	0	0	0	
2637.190083	8	6	3	0	2	7	1	3695	-674	25	158221	19	10	39	0	0	0	0	0	0	0	0	0	0	0	0	0	0	
2638.198083	8	6	3	0	2	7	1	3690	-674	25	158282	19	10	40	0	0	0	0	0	0	0	0	0	0	0	0	0	0	
2639.183033	8	6	3	0	2	7	1	3686	-675	25	158341	19	10	41	0	0	0	0	0	0	0	0	0	0	0	0	0	0	
2640.189600	8	6	3	0	2	7	1	3681	-674	25	158401	19	10	41	0	0	0	0	0	0	0	0	0	0	0	0	0	0	
2641.193283	8	6	3	0	2	7	1	3678	-674	25	158462	19	10	42	0	0	0	0	0	0	0	0	0	0	0	0	0	0	
2642.181117	8	6	3	0	2	7	1	3674	-674	25	158521	19	10	43	0	0	0	0	0	0	0	0	0	0	0	0	0	0	
2643.186233	8	6	3	0	2	7	1	3670	-673	25	158581	19	10	44	0	0	0	0	0	0	0	0	0	0	0	0	0	0	
2644.191367	8	6	3	0	2	7	1	3666	-674	25	158641	19	10	45	0	0	0	0	0	0	0	0	0	0	0	0	0	0	
2645.196483	8	6	3	0	2	7	1	3662	-674	25	158702	19	10	46	0	0	0	0	0	0	0	0	0	0	0	0	0	0	
2646.182883	8	6	3	0	2	7	1	3658	-674	25	158761	19	10	46	0	0	0	0	0	0	0	0	0	0	0	0	0	0	
2647.188000	8	6	3	0	2	7	1	3654	-674	25	158821	19	10	47	0	0	0	0	0	0	0	0	0	0	0	0	0	0	
2648.194567	8	6	3	0	2	7	1	3651	-674	25	158881	19	10	48	0	0	0	0	0	0	0	0	0	0	0	0	0	0	
2649.198233	8	6	3	0	2	7	1	3647	-674	25	158942	19	10	49	0	0	0	0	0	0	0	0	0	0	0	0	0	0	
2650.186083	8	6	3	0	2	7	1	3644	-674	25	159001	19	10	50	0	0	0	0	0	0	0	0	0	0	0	0	0	0	
2651.192633	8	6	3	0	2	7	1	3640	-674	25	159061	19	10	51	0	0	0	0	0	0	0	0	0	0	0	0	0	0	
2652.196317	8	6	3	0	2	7	1	3637	-674	25	159122	19	10	51	0	0	0	0	0	0	0	0	0	0	0	0	0	0	
2653.184167	8	6	3	0	2	7	1	3633	-674	25	159181	19	10	52	0	0	0	0	0	0	0	0	0	0	0	0	0	0	
2654.187833	8	6	3	0	2	7	1	3630	-675	25	159241	19	10	53	0	0	0	0	0	0	0	0	0	0	0	0	0	0	
2655.192967	8	6	3	0	2	7	1	3627	-674	25	159301	19	10	54	0	0	0	0	0	0	0	0	0	0	0	0	0	0	
2656.199517	8	6	3	0	2	7	1	3624	-676	25	159362	19	10	55	0	0	0	0	0	0	0	0	0	0	0	0	0	0	
2657.185917	8	6	3	0	2	7	1	3621	-674	25	159421	19	10	55	0	0	0	0	0	0	0	0	0	0	0	0	0	0	
2658.191033	8	6	3	0	2	7	1	3617	-674	25	159481	19	10	56	0	0	0	0	0	0	0	0	0	0	0	0	0	0	
2659.197600	8	6	3	0	2	7	1	3614	-674	25	159542	19	10	57	0	0	0	0	0	0	0	0	0	0	0	0	0	0	
2660.182567	8	6	3	0	2	7	1	3611	-675	25	159601	19	10	58	0	0	0	0	0	0	0	0	0	0	0	0	0	0	
2661.189117	8	6	3	0	2	7	1	3608	-673	25	159661	19	10	59	0	0	0	0	0	0	0	0	0	0	0	0	0	0	
2662.192800	8	6	3	0	2	7	1	3605	-675	25	159721	19	10	60	0	0	0	0	0	0	0	0	0	0	0	0	0	0	
2663.197917	8	6	3	0	2	7	1	3603	-675	25	159782	19	10	60	0	0	0	0	0	0	0	0	0	0	0	0	0	0	
2664.185767	8	6	3	0	2	7	1	3600	-674	25	159841	19	10	61	0	0	0	0	0	0	0	0	0	0	0	0	0	0	
2665.190883	8	6	3	0	2	7	1	3597	-673	25	159901	19	10	62	0	0	0	0	0	0	0	0	0	0	0	0	0	0	
2666.196000	8	6	3	0	2	7	1	3594	-674	25	159962	19	10	63	0	0	0	0	0	0	0	0	0	0	0	0	0	0	
2667.202567	8	6	3	0	2	7	1	3591	-674	25	160022	19	10	64	0	0	0	0	0	0	0	0	0	0	0	0	0	0	
2668.187517	8	6	3	0	2	7	1	3588	-674	25	160081	19	10	65	0	0	0	0	0	0	0	0	0	0	0	0	0	0	
2669.194083	8	6	3	0	2	7	1	3584	-674	25	160141	19	10	65	0	0	0	0	0	0	0	0	0	0	0	0	0	0	
2670.197767	8	6	3	0	2	7	1	3581	-674	25	160202	19	10	66	0	0	0	0	0	0	0	0	0	0	0	0	0	0	
2671.185600	8	6	3	0	2	7	1	3575	-674	25	160261	19	10	67	0	0	0	0	0	0	0	0	0	0	0	0	0	0	
2672.190717	8	6	3	0	2	7	1	3572	-673	25	160321	19	10	68	0	0	0	0	0	0	0	0	0	0	0	0	0	0	
2673.195833	8	6	3	0	2	7	1	3569	-673	25	160381	19	10	69	0	0	0	0	0	0	0	0	0	0	0	0	0	0	
2674.200967	8	6	3	0	2	7	1	3566	-676	25	160442	19	10	69	0	0	0	0	0	0	0	0	0	0	0	0	0	0	
2675.188800	8	6	3	0	2	7	1	3563	-675	25	160501	19	10	70	0	0	0	0	0	0	0	0	0	0	0	0	0	0	
2676.192483	8	6	3	0	2	7	1	3559	-675	25	160561	19	10	71	0	0	0	0	0	0	0	0	0	0	0	0	0	0	
2677.197600	8	6	3	0	2	7	1	3556	-676	25	160622	19	10	72	0	0	0	0	0	0	0	0	0	0	0	0	0	0	
2678.184000	8	6	3	0	2	7	1	3553	-675	25	160681	19	10	73	0	0	0	0	0	0	0	0	0	0	0	0	0	0	
2679.190567	8	6	3	0	2	7	1	3550	-675	25	160741	19	10	74	0	0	0	0	0	0	0	0	0	0	0	0	0	0	
2680.195683	8	6	3	0	2	7	1	3547	-674	25	160801	19	10	74	0	0	0	0	0	0	0	0	0	0	0	0	0	0	
2681.200800	8	6	3	0	2	7	1	3544	-674	25	160862	19	10	75	0	0	0	0	0	0	0	0	0	0	0	0	0	0	
2682.187200	8	6	3	0	2	7	1	3541	-674	25	160921	19	10	76	0	0	0	0	0	0	0	0	0	0	0	0	0	0	
2683.193767	8	6	3	0	2	7	1	3539	-675	25	160981	19	10	77	0	0	0	0	0	0	0	0	0	0	0	0	0	0	
2684.197433	8	6	3	0	2	7	1	3536	-673	25	161042	19	10	78	0	0	0	0	0	0	0	0	0	0	0	0	0	0	
2685.185283	8	6	3	0	2	7	1	3533	-674	25	161101	19	10	79	0	0	0	0	0	0	0	0	0	0	0	0	0	0	
2686.188967	8	6	3	0	2	7	1	3530	-674	25	161161	19	10	79	0	0	0	0	0	0	0	0	0	0	0	0	0	0	
2687.195517	8	6	3	0	2	7	1	3527	-675	25	161221	19	10	80	0	0	0	0	0	0	0	0	0	0	0	0	0	0	
2688.200633	8	6	3	0	2	7	1	3523	-674	25	161282	19	10	81	0	0	0	0	0	0	0	0	0	0	0	0	0	0	
2689.187033	8	6	3	0	2	7	1	3520	-676	25	161341	19	10	82	0	0	0	0	0	0	0	0	0	0	0	0	0	0	
2690.192167	8	6	3	0	2	7	1	3516	-675	25	161401	19	10	83	0	0	0	0	0	0	0	0	0	0	0	0	0	0	
2691.198717	8	6	3	0	2	7	1	3511	-676	25	161461	19	10	83	0	0	0	0	0	0	0	0	0	0	0	0	0	0	
2692.202400	8	6	3	0	2	7	1	3506	-675	25	161522	19	10	84	0	0	0	0	0	0	0	0	0	0	0	0	0	0	
2693.190233	8	6	3	0	2	7	1	3501	-676	25	161581	19	10	85	0	0	0	0	0	0	0	0	0	0	0	0	0	0	
2694.193917	8	6	3	0	2	7	1	3495	-674	25	161641	19	10	86	0	0	0	0	0	0	0	0	0	0	0	0	0	0	
2695.200483	8	6	3	0	2	7	1	3488	-674	25	161702	19	10	87	0	0	0	0	0	0	0	0	0	0	0	0	0	0	
2696.186883	8	6	3	0	2	7	1	3479	-675	25	161761	19	10	88	0	0	0	0	0	0	0	0	0	0	0	0	0	0	
2697.192000	8	6	3	0	2	7	1	3469	-676	25	161821	19	10	88	0	0	0	0	0	0	0	0	0	0	0	0	0	0	
2698.197117	8	6	3	0	2	7	1	3453	-675	25	161881	19	10	89	0	0	0	0	0	0	0	0	0	0	0	0	0	0	
